modules,vn_cu,en_moi,can_xem,vi_tri,loai,ghi_chu_dev,ba_de_xuat_en,ba_ghi_chu
wujia_notification,Khẩn cấp,Emergency,1 câu VN → 2 câu EN,custom/wujia_notification/data/notification_type_data.xml:8,data_record,,,
wujia_portal_base,Yêu cầu cập nhật thông tin,Request an information update,1 câu VN → 2 câu EN,custom/wujia_portal_base/views/portal_franchise_profile.xml:136,qweb_text,,,
"wujia_portal_base, wujia_portal_layout, wujia_portal_notification",Thông báo,Notifications,1 câu VN → 2 câu EN,custom/wujia_portal_base/views/portal_home.xml:115 | custom/wujia_portal_base/views/portal_home.xml:459 | custom/wujia_portal_layout/views/login_page.xml:266,"qweb_attr,qweb_text",,,
wujia_portal_info_request,Yêu cầu cập nhật thông tin,Information update requests,1 câu VN → 2 câu EN,custom/wujia_portal_info_request/views/portal_info_request_list.xml:7 | custom/wujia_portal_info_request/views/portal_info_request_list.xml:16,qweb_text,,,
wujia_portal_knowledge,bài viết,articles,1 câu VN → 2 câu EN,custom/wujia_portal_knowledge/controllers/portal.py:79,py_literal,,,
wujia_portal_knowledge,bài viết,article / articles,1 câu VN → 2 câu EN,custom/wujia_portal_knowledge/views/portal_knowledge.xml:82 | custom/wujia_portal_knowledge/views/portal_knowledge.xml:150,qweb_text,,,
wujia_portal_notification,Thông báo,Notification,1 câu VN → 2 câu EN,custom/wujia_portal_notification/views/portal_notification.xml:63,qweb_text,,,
wujia_portal_return,Không có ghi chú.,No notes.,1 câu EN ← 2 câu VN,custom/wujia_portal_return/views/portal_return_detail.xml:81,qweb_text,,,
wujia_portal_return,rr.note or 'Không có ghi chú.',No notes.,1 câu EN ← 2 câu VN,custom/wujia_portal_return/views/portal_return_detail.xml:365,qweb_expr,,,
wujia_portal_support,Khẩn cấp,Critical,1 câu VN → 2 câu EN,custom/wujia_portal_support/views/portal_support.xml:331,qweb_text,,,
wujia_core,"Core master data dùng chung: khu vực, phường/xã, mixin, helpers","Shared core master data: areas, wards, mixins, helpers",,custom/wujia_core/__manifest__.py:5,py_literal,,,
wujia_core,"Module nền tảng cho mọi custom Wujia. Hiện chứa: - res.area: khu vực kinh doanh / vùng giao hàng (Many2many ward_ids) - res.ward: phường/xã, link tới res.country.state - Thương hiệu (res.company + Settings): tên, màu chính, logo PC/mobile, favicon, nền đăng nhập; favicon + title tab backend theo thương hiệu Các module khác (wujia_franchise, wujia_franchise_management, wujia_sale) chỉ depend lên wujia_core để dùng master data này, không cần biết franchise.","Base module for all Wujia customisations. Contains: - res.area: business area / delivery zone (Many2many ward_ids) - res.ward: ward, linked to res.country.state - Branding (res.company + Settings): name, primary colour, PC/mobile logo, favicon, login background; backend favicon + tab title follow the brand Other modules (wujia_franchise, wujia_franchise_management, wujia_sale) depend on wujia_core only for this master data, without knowing about franchises.",,custom/wujia_core/__manifest__.py:6,py_literal,,,
wujia_core,Mã khu vực phải duy nhất.,Area code must be unique.,,custom/wujia_core/models/res_area.py:39,py_literal,,,
wujia_core,Mã phường/xã phải duy nhất trong từng tỉnh/thành.,Ward code must be unique within each province.,,custom/wujia_core/models/res_ward.py:30,py_literal,,,
wujia_core,Phường/Xã thuộc %s,Wards of %s,,custom/wujia_core/models/res_area.py:51,py_gettext,,,
wujia_core,[wujia_core] log đã chuyển sang,[wujia_core] logs moved to,,custom/wujia_core/__init__.py:60,py_literal,,,
wujia_core,chưa có trong ir_module_module,is not in ir_module_module,,custom/wujia_core/tools/module_split.py:58,py_literal,,,
wujia_delivery,C1: điền franchise từ partner cho %s phiếu kho cũ,C1: filled franchise from partner for %s old pickings,,custom/wujia_delivery/migrations/19.0.1.1.0/post-migrate.py:36,py_literal,,,
wujia_delivery,C1: điền franchise từ đơn bán cho %s phiếu kho cũ,C1: filled franchise from sales order for %s old pickings,,custom/wujia_delivery/migrations/19.0.1.1.0/post-migrate.py:20,py_literal,,,
wujia_delivery,Tổng cước,Total freight,,custom/wujia_delivery/report/wujia_fleet_shipping_report_views.xml:19,qweb_attr,,,
wujia_delivery,Tổng cước phân bổ,Total allocated freight,,custom/wujia_delivery/report/wujia_franchise_shipping_report_views.xml:18,qweb_attr,,,
wujia_delivery,Tổng drop,Total drop,,custom/wujia_delivery/report/wujia_fleet_shipping_report_views.xml:20,qweb_attr,,,
wujia_delivery,Tổng drop phân bổ,Total allocated drop fee,,custom/wujia_delivery/report/wujia_franchise_shipping_report_views.xml:19,qweb_attr,,,
wujia_delivery,Tổng dự kiến,Total planned,,custom/wujia_delivery/report/wujia_fleet_shipping_report_views.xml:16 | custom/wujia_delivery/report/wujia_franchise_shipping_report_views.xml:16,qweb_attr,,,
wujia_delivery,Tổng phân bổ,Total allocated,,custom/wujia_delivery/report/wujia_franchise_shipping_report_views.xml:20,qweb_attr,,,
wujia_delivery,Tổng thực xuất,Total shipped,,custom/wujia_delivery/report/wujia_fleet_shipping_report_views.xml:17 | custom/wujia_delivery/report/wujia_franchise_shipping_report_views.xml:17,qweb_attr,,,
wujia_delivery,Vượt tải,Overloaded,,custom/wujia_delivery/views/stock_picking_batch_views.xml:31,qweb_attr,,,
wujia_delivery,"Điều phối giao hàng: gắn xe vào batch, tính cost, report đội xe / cửa hàng","Delivery dispatch: assign vehicles to batches, compute costs, fleet / store reports",,custom/wujia_delivery/__manifest__.py:5,py_literal,,,
"wujia_delivery, wujia_portal_report",Tổng chi phí,Total cost,,custom/wujia_delivery/report/wujia_fleet_shipping_report_views.xml:21 | custom/wujia_portal_report/views/portal_report_orders.xml:61 | custom/wujia_portal_report/views/portal_report_orders.xml:211,"qweb_attr,qweb_text",,,
wujia_exam,Ca thi '%s': giờ phải thỏa 0 ≤ bắt đầu < kết thúc ≤ 24.,Time slot '%s': hours must satisfy 0 ≤ start < end ≤ 24.,,custom/wujia_exam/models/wujia_exam_time_slot.py:28,py_gettext,,,
wujia_exam,Ca thi phải thuộc danh sách ca của khóa thi '%s'.,The time slot must be one of the time slots of exam course '%s'.,,custom/wujia_exam/models/wujia_exam_session.py:182,py_gettext,,,
wujia_exam,Chỉ công bố kết quả khi kỳ thi đã đóng đăng ký / hoàn tất.,Results can only be published once the exam session is closed for registration / completed.,,custom/wujia_exam/models/wujia_exam_session.py:245,py_gettext,,,
wujia_exam,Chỉ duyệt phiếu đang ở trạng thái Đã gửi.,Only registrations in Submitted state can be approved.,,custom/wujia_exam/models/wujia_exam_registration.py:230,py_gettext,,,
wujia_exam,Chỉ hoàn tất kỳ thi đang mở/đóng đăng ký.,Only exam sessions that are open or closed for registration can be completed.,,custom/wujia_exam/models/wujia_exam_session.py:228,py_gettext,,,
wujia_exam,Chỉ mở đăng ký cho kỳ thi ở trạng thái Nháp.,Registration can only be opened for exam sessions in Draft state.,,custom/wujia_exam/models/wujia_exam_session.py:214,py_gettext,,,
wujia_exam,Chỉ đóng kỳ thi đang mở đăng ký.,Only exam sessions open for registration can be closed.,,custom/wujia_exam/models/wujia_exam_session.py:221,py_gettext,,,
wujia_exam,Còn %s phiếu đăng ký chưa duyệt — xử lý trước khi công bố.,%s registrations are still awaiting approval — handle them before publishing.,,custom/wujia_exam/models/wujia_exam_session.py:250,py_gettext,,,
wujia_exam,Còn thí sinh chưa nhập kết quả (Đạt/Không đạt).,Some participants have no result yet (Pass/Fail).,,custom/wujia_exam/models/wujia_exam_session.py:256,py_gettext,,,
wujia_exam,Cần ít nhất 1 người dự thi.,At least 1 participant is required.,,custom/wujia_exam/models/wujia_exam_registration.py:198,py_literal,,,
wujia_exam,Hạn đăng ký không được sau giờ bắt đầu thi.,The registration deadline cannot be after the exam start time.,,custom/wujia_exam/models/wujia_exam_session.py:199,py_gettext,,,
wujia_exam,Hạn đăng ký trước không được âm.,Registration lead time cannot be negative.,,custom/wujia_exam/models/wujia_exam_course.py:71,py_gettext,,,
wujia_exam,"Hệ thống đang xử lý đăng ký khác cho kỳ thi này, vui lòng thử lại.","Another registration for this exam session is being processed, please try again.",,custom/wujia_exam/models/wujia_exam_registration.py:132,py_gettext,,,
wujia_exam,Khung giờ đã thay đổi hoặc không còn. Vui lòng chọn lại lịch thi.,The time slot has changed or is no longer available. Please choose the exam schedule again.,,custom/wujia_exam/models/wujia_exam_registration.py:193,py_literal,,,
wujia_exam,Khóa thi '%s' cần ít nhất 1 ca thi trước khi phát hành.,Exam course '%s' needs at least 1 time slot before it can be published.,,custom/wujia_exam/models/wujia_exam_course.py:161,py_gettext,,,
wujia_exam,Không thể hủy phiếu sau khi kỳ thi đã công bố kết quả.,A registration cannot be cancelled after the exam results have been published.,,custom/wujia_exam/models/wujia_exam_registration.py:257,py_gettext,,,
wujia_exam,Không thể xóa thí sinh sau khi kỳ thi đã công bố kết quả.,A participant cannot be removed after the exam results have been published.,,custom/wujia_exam/models/wujia_exam_registration_line.py:154,py_gettext,,,
wujia_exam,Kỳ thi '%s' không mở đăng ký.,Exam session '%s' is not open for registration.,,custom/wujia_exam/models/wujia_exam_registration.py:147,py_gettext,,,
wujia_exam,"Kỳ thi '%s' đã hết chỗ (sức chứa %s, đã giữ %s).","Exam session '%s' is fully booked (capacity %s, reserved %s).",,custom/wujia_exam/models/wujia_exam_registration.py:139,py_gettext,,,
wujia_exam,Kỳ thi '%s' đã quá hạn đăng ký.,Exam session '%s' is past its registration deadline.,,custom/wujia_exam/models/wujia_exam_registration.py:151,py_gettext,,,
wujia_exam,Kỳ thi bị hủy: %s,Exam session cancelled: %s,,custom/wujia_exam/models/wujia_exam_session.py:239,py_gettext,,,
wujia_exam,Kỳ thi này không thể hủy.,This exam session cannot be cancelled.,,custom/wujia_exam/models/wujia_exam_session.py:235,py_gettext,,,
wujia_exam,Kỳ thi đã hoàn tất.,The exam session has been completed.,,custom/wujia_exam/models/wujia_exam_session.py:230,py_gettext,,,
wujia_exam,Kỳ thi đã mở đăng ký.,The exam session is now open for registration.,,custom/wujia_exam/models/wujia_exam_session.py:216,py_gettext,,,
wujia_exam,Kỳ thi đã đóng đăng ký.,The exam session is now closed for registration.,,custom/wujia_exam/models/wujia_exam_session.py:223,py_gettext,,,
wujia_exam,Lưu trữ,Archived,,custom/wujia_exam/views/backend_exam_course_views.xml:20,qweb_attr,,,
wujia_exam,Mã ca thi phải duy nhất.,Time slot code must be unique.,,custom/wujia_exam/models/wujia_exam_time_slot.py:20,py_literal,,,
wujia_exam,Mã khóa thi phải duy nhất.,Exam course code must be unique.,,custom/wujia_exam/models/wujia_exam_course.py:49,py_literal,,,
wujia_exam,Mỗi người dự thi cần có họ tên và số điện thoại.,Each participant needs a full name and a phone number.,,custom/wujia_exam/models/wujia_exam_registration_line.py:91,py_gettext,,,
wujia_exam,"Nghiệp vụ đào tạo / thi. Tách từ wujia_portal_exam (F12, ADR-027). - Model wujia.exam.time.slot (ca giờ), wujia.exam.course (khóa, mã WJ-CRS/), wujia.exam.session (kỳ thi, mã WJ-EXS/, sức chứa, công bố kết quả), wujia.exam.registration (phiếu, mã WJ-EXR/) + wujia.exam.registration.line (thí sinh). - _effective_max_per_registration / _portal_* / register_from_portal: luật dùng chung cho mọi kênh.",-,,custom/wujia_exam/__manifest__.py:6,py_literal,,,
wujia_exam,Nhập lý do hủy trước khi hủy kỳ thi.,Enter a cancellation reason before cancelling the exam session.,,custom/wujia_exam/models/wujia_exam_session.py:237,py_gettext,,,
wujia_exam,Nhập lý do hủy trước khi hủy phiếu.,Enter a cancellation reason before cancelling the registration.,,custom/wujia_exam/models/wujia_exam_registration.py:259,py_gettext,,,
wujia_exam,Năm sinh '%s' không hợp lệ.,Year of birth '%s' is invalid.,,custom/wujia_exam/models/wujia_exam_registration_line.py:106,py_gettext,,,
wujia_exam,Năm sinh phải trong khoảng 1900–%s.,Year of birth must be between 1900 and %s.,,custom/wujia_exam/models/wujia_exam_registration_line.py:77,py_gettext,,,
wujia_exam,Phiếu '%s' cần ít nhất 1 nhân sự dự thi.,Registration '%s' needs at least 1 participant.,,custom/wujia_exam/models/wujia_exam_registration.py:109,py_gettext,,,
wujia_exam,Phiếu '%s': tối đa %s nhân sự / phiếu.,Registration '%s': at most %s participants per registration.,,custom/wujia_exam/models/wujia_exam_registration.py:113,py_gettext,,,
wujia_exam,Phiếu bị từ chối: %s,Registration rejected: %s,,custom/wujia_exam/models/wujia_exam_registration.py:249,py_gettext,,,
wujia_exam,Phiếu này không thể hủy.,This registration cannot be cancelled.,,custom/wujia_exam/models/wujia_exam_registration.py:254,py_gettext,,,
wujia_exam,Phiếu này không thể từ chối.,This registration cannot be rejected.,,custom/wujia_exam/models/wujia_exam_registration.py:241,py_gettext,,,
wujia_exam,Phiếu phải còn ít nhất 1 nhân sự dự thi.,A registration must keep at least 1 participant.,,custom/wujia_exam/models/wujia_exam_registration_line.py:158,py_gettext,,,
wujia_exam,Phiếu đăng ký đã bị hủy: %s,The registration has been cancelled: %s,,custom/wujia_exam/models/wujia_exam_registration.py:265,py_gettext,,,
wujia_exam,Phiếu đăng ký đã được duyệt.,The registration has been approved.,,custom/wujia_exam/models/wujia_exam_registration.py:236,py_gettext,,,
wujia_exam,Số ngày mở đăng ký phải > 0.,Registration window (days) must be > 0.,,custom/wujia_exam/models/wujia_exam_course.py:73,py_gettext,,,
wujia_exam,Số nhân sự tối đa / phiếu phải > 0.,Max participants per registration must be > 0.,,custom/wujia_exam/models/wujia_exam_course.py:69 | custom/wujia_exam/models/wujia_exam_course.py:164,py_gettext,,,
wujia_exam,Số điện thoại '%s' không hợp lệ (vd 0901234567).,Phone number '%s' is invalid (e.g. 0901234567).,,custom/wujia_exam/models/wujia_exam_registration_line.py:69 | custom/wujia_exam/models/wujia_exam_registration_line.py:95,py_gettext,,,
wujia_exam,Sức chứa (%s) không được nhỏ hơn số đã giữ chỗ (%s).,Capacity (%s) cannot be lower than the number of reserved seats (%s).,,custom/wujia_exam/models/wujia_exam_session.py:190,py_gettext,,,
wujia_exam,Sức chứa phải ≥ 1.,Capacity must be ≥ 1.,,custom/wujia_exam/models/wujia_exam_session.py:80,py_literal,,,
wujia_exam,Tối đa %d người mỗi phiếu.,At most %d people per registration.,,custom/wujia_exam/models/wujia_exam_registration.py:200,py_literal,,,
wujia_exam,Tổng nhân sự,Total participants,,custom/wujia_exam/views/backend_exam_registration_views.xml:96,qweb_attr,,,
wujia_exam,Đã công bố KQ,Results published,,custom/wujia_exam/views/backend_exam_session_views.xml:36,qweb_attr,,,
wujia_exam,Đã công bố kết quả kỳ thi.,The exam results have been published.,,custom/wujia_exam/models/wujia_exam_session.py:262,py_gettext,,,
wujia_exam,"Đăng ký thi nhượng quyền — khóa thi, ca thi, kỳ thi, phiếu đa nhân sự, kết quả.","Franchise exam registration — exam courses, time slots, exam sessions, multi-person registrations, results.",,custom/wujia_exam/__manifest__.py:5,py_literal,,,
wujia_exam,Ảnh nhân viên không hợp lệ hoặc bị hỏng. Vui lòng chọn ảnh khác.,The staff photo is invalid or corrupted. Please choose another photo.,,custom/wujia_exam/models/wujia_exam_registration_line.py:140,py_gettext,,,
wujia_exam,Ảnh nhân viên không đúng định dạng hoặc vượt dung lượng cho phép.,The staff photo has an invalid format or exceeds the allowed size.,,custom/wujia_exam/models/wujia_exam_registration_line.py:121 | custom/wujia_exam/models/wujia_exam_registration_line.py:125 | custom/wujia_exam/models/wujia_exam_registration_line.py:130,py_gettext,,,
wujia_exam,Ảnh nhân viên vượt dung lượng cho phép (tối đa 5 MB).,The staff photo exceeds the allowed size (max 5 MB).,,custom/wujia_exam/models/wujia_exam_registration_line.py:133,py_gettext,,,
"wujia_exam, wujia_portal_delivery, wujia_portal_exam, wujia_portal_layout, wujia_portal_report",Đã hủy,Cancelled,,custom/wujia_exam/views/backend_exam_registration_views.xml:29 | custom/wujia_exam/views/backend_exam_session_views.xml:34 | custom/wujia_portal_delivery/controllers/portal.py:52,"py_literal,qweb_attr,qweb_text",,,
"wujia_exam, wujia_portal_exam, wujia_portal_info_request, wujia_portal_return, wujia_return",Từ chối,Rejected,,custom/wujia_exam/views/backend_exam_registration_views.xml:27 | custom/wujia_portal_exam/controllers/portal.py:53 | custom/wujia_portal_exam/controllers/portal.py:61,"py_literal,qweb_attr",,,
"wujia_exam, wujia_return",Nhập lý do từ chối trước khi từ chối.,Enter a rejection reason before rejecting.,,custom/wujia_exam/models/wujia_exam_registration.py:243 | custom/wujia_return/models/wujia_return_request.py:313,py_gettext,,,
wujia_fleet,Email '%s' không đúng định dạng.,Email '%s' has an invalid format.,,custom/wujia_fleet/models/wujia_fleet_provider.py:79,py_gettext,,,
wujia_fleet,Hiệu lực đến phải >= hiệu lực từ.,Valid to must be >= valid from.,,custom/wujia_fleet/models/wujia_fleet_pricelist.py:102,py_gettext,,,
wujia_fleet,Mã bảng giá phải duy nhất.,Pricelist code must be unique.,,custom/wujia_fleet/models/wujia_fleet_pricelist.py:95,py_literal,,,
wujia_fleet,Mã loại xe phải duy nhất.,Vehicle type code must be unique.,,custom/wujia_fleet/models/wujia_fleet_type.py:46,py_literal,,,
wujia_fleet,Mã xe phải duy nhất.,Vehicle code must be unique.,,custom/wujia_fleet/models/wujia_fleet_management.py:116,py_literal,,,
wujia_fleet,Mã đội xe phải duy nhất.,Fleet code must be unique.,,custom/wujia_fleet/models/wujia_fleet_provider.py:67,py_literal,,,
wujia_fleet,Quản lý đội xe / nhà xe / loại xe / xe / bảng giá vận chuyển,Fleet / carrier / vehicle type / vehicle / freight pricelist management,,custom/wujia_fleet/__manifest__.py:5,py_literal,,,
wujia_fleet,Tải trọng phải >= 0.,Capacity must be >= 0.,,custom/wujia_fleet/models/wujia_fleet_type.py:58,py_gettext,,,
wujia_fleet,Xe của %s,Vehicles of %s,,custom/wujia_fleet/models/wujia_fleet_provider.py:85,py_gettext,,,
wujia_fleet,qrcode python package not installed — wujia.fleet.management.qr_code sẽ trả về False.,qrcode python package not installed — wujia.fleet.management.qr_code will return False.,,custom/wujia_fleet/models/wujia_fleet_management.py:13,py_literal,,,
wujia_info_request,Chỉ có thể huỷ yêu cầu ở trạng thái Nháp/Đã gửi.,Only draft or submitted requests can be cancelled.,,custom/wujia_info_request/models/wujia_info_update_request.py:198,py_gettext,,,
wujia_info_request,Khi chọn 'Khác' phải nhập tên field cần đổi.,Enter the field to change when choosing 'Other'.,,custom/wujia_info_request/models/wujia_info_update_request.py:124,py_gettext,,,
wujia_info_request,"Nghiệp vụ yêu cầu cập nhật thông tin cửa hàng. Tách từ wujia_portal_info_request (F8, ADR-027). - Model wujia.info.update.request: mã INF-, trạng thái nháp → đã gửi → đang xem → duyệt/từ chối, đính kèm, chatter. - Quyền: portal xem yêu cầu của cửa hàng mình, chỉ sửa yêu cầu mình tạo; nội bộ xem hết. - create_from_portal / _portal_can_request / _portal_scope_domain: luật dùng chung cho mọi kênh.","Information update request business rules. Split out of wujia_portal_info_request (F8, ADR-027). - Model wujia.info.update.request: INF- code, states draft → submitted → reviewing → approved/rejected, attachments, chatter. - Access: portal users see their store requests and edit only their own; internal users see all. - create_from_portal / _portal_can_request / _portal_scope_domain: shared rules for every channel.",,custom/wujia_info_request/__manifest__.py:6,py_literal,,,
wujia_info_request,User huỷ,Cancelled by user,,custom/wujia_info_request/models/wujia_info_update_request.py:200,py_gettext,,,
wujia_info_request,"Yêu cầu cập nhật thông tin cửa hàng nhượng quyền (địa chỉ, SĐT, người đại diện...) — HQ duyệt qua chatter.","Franchise store information update requests (address, phone, representative...) — reviewed by HQ in the chatter.",,custom/wujia_info_request/__manifest__.py:5,py_literal,,,
wujia_info_request,Yêu cầu cập nhật thông tin đã được gửi từ portal.,Information update request submitted from the portal.,,custom/wujia_info_request/models/wujia_info_update_request.py:168,py_gettext,,,
wujia_info_request,submitted_date phải có khi state >= submitted.,submitted_date is required once the request is submitted.,,custom/wujia_info_request/models/wujia_info_update_request.py:101,py_literal,,,
wujia_knowledge,"Nghiệp vụ thư viện kiến thức. Tách từ wujia_portal_knowledge (F9, ADR-027). - Model wujia.knowledge.article (mã KNW-, slug, nháp → publish → lưu trữ, hẹn giờ, hết hạn, đính kèm, chatter), wujia.knowledge.category (cây danh mục), wujia.knowledge.tag. - Cron hằng ngày hạ cờ hiển thị của bài đã hết hạn. - _portal_visible_domain / _portal_search_domain / _portal_get_attachment: luật dùng chung cho mọi kênh.","Knowledge library business logic. Split from wujia_portal_knowledge (F9, ADR-027).",,custom/wujia_knowledge/__manifest__.py:6,py_literal,,,
wujia_knowledge,"Thư viện kiến thức / SOP / đào tạo cho cửa hàng nhượng quyền — HQ soạn, publish, hẹn giờ, hết hạn.","Knowledge / SOP / training library for franchise stores — HQ writes, publishes, schedules, expires.",,custom/wujia_knowledge/__manifest__.py:5,py_literal,,,
wujia_metabase_connector,e.g. Ngô Gia Metabase BI,e.g. Company Metabase BI,,custom/wujia_metabase_connector/views/metabase_instance_views.xml:29,qweb_attr,,,
wujia_notification,"Chỉ thông báo gửi ""Theo tiêu chí"" mới cập nhật lại được danh sách nhận.","Only notifications sent ""By criteria"" can refresh their recipient list.",,custom/wujia_notification/models/wujia_notification.py:392,py_gettext,,,
wujia_notification,Chỉ thông báo ở trạng thái Nháp mới gửi được.,Only draft notifications can be sent.,,custom/wujia_notification/models/wujia_notification.py:344,py_gettext,,,
wujia_notification,"Chọn ""Theo tiêu chí"" thì phải có ít nhất một tiêu chí: khu vực, tỉnh/thành hoặc cửa hàng loại trừ.","With ""By criteria"", choose at least one criterion: area, province/city or excluded store.",,custom/wujia_notification/models/wujia_notification.py:47,py_literal,,,
wujia_notification,Cửa hàng nhận,Recipient stores,,custom/wujia_notification/models/wujia_notification.py:380,py_gettext,,,
wujia_notification,"Gửi cho ""Tất cả cửa hàng"" thì không được chọn cửa hàng nhận.","When sending to ""All stores"", recipient stores must be left empty.",,custom/wujia_notification/models/wujia_notification.py:52,py_literal,,,
wujia_notification,Hết hiệu lực,Validity ended,,custom/wujia_notification/views/backend_notification_views.xml:93,qweb_attr,,,
wujia_notification,Hệ thống,System,,custom/wujia_notification/data/notification_type_data.xml:35,data_record,,,
wujia_notification,Khuyến mãi,Promotion,,custom/wujia_notification/data/notification_type_data.xml:26,data_record,,,
wujia_notification,"Không thể chuyển thông báo ""%(name)s"" từ ""%(old)s"" sang ""%(new)s"".","Cannot move notification ""%(name)s"" from ""%(old)s"" to ""%(new)s"".",,custom/wujia_notification/models/wujia_notification.py:298,py_gettext,,,
wujia_notification,Không thể xoá thông báo đã gửi: %s. Hãy dùng Lưu trữ.,Cannot delete sent notifications: %s. Use Archive instead.,,custom/wujia_notification/models/wujia_notification.py:313,py_gettext,,,
wujia_notification,Mã loại thông báo phải duy nhất.,The notification type code must be unique.,,custom/wujia_notification/models/wujia_notification_type.py:27,py_literal,,,
wujia_notification,Mã thông báo phải duy nhất.,The notification code must be unique.,,custom/wujia_notification/models/wujia_notification.py:187,py_literal,,,
wujia_notification,Mỗi user chỉ ghi nhận đọc 1 lần / thông báo / cửa hàng.,Each user can record a read only once per notification and store.,,custom/wujia_notification/models/wujia_notification_read.py:38,py_literal,,,
wujia_notification,Mỗi user chỉ ghi nhận đọc 1 lần / thông báo khi chưa chọn cửa hàng.,Each user can record a read only once per notification when no store is selected.,,custom/wujia_notification/models/wujia_notification_read.py:44,py_literal,,,
wujia_notification,"Nghiệp vụ thông báo. Tách từ wujia_portal_notification (F11, ADR-027). - Model wujia.notification (mã ANN/, chatter, chọn đối tượng nhận, gửi/thu hồi), wujia.notification.type (loại), wujia.notification.read (đã đọc theo user + cửa hàng). - _portal_history_domain / _portal_effective_domain / _portal_unread_count / _mark_read / _portal_get_attachment: luật dùng chung cho mọi kênh.","Notification business logic. Split from wujia_portal_notification (F11, ADR-027).",,custom/wujia_notification/__manifest__.py:6,py_literal,,,
wujia_notification,Ngày hết hiệu lực không được nhỏ hơn ngày gửi.,The expiry date cannot be earlier than the sent date.,,custom/wujia_notification/models/wujia_notification.py:196,py_literal,,,
wujia_notification,"Thông báo HQ → cửa hàng nhượng quyền — soạn, chọn đối tượng, gửi, thu hồi, theo dõi đã đọc.","HQ → franchise store notifications — compose, target, send, withdraw, track reads.",,custom/wujia_notification/__manifest__.py:5,py_literal,,,
wujia_notification,Thông báo chung,General notice,,custom/wujia_notification/data/notification_type_data.xml:17,data_record,,,
wujia_notification,Thông báo đã gửi phải có ngày gửi.,A sent notification must have a sent date.,,custom/wujia_notification/models/wujia_notification.py:191,py_literal,,,
wujia_notification,Tiêu chí hiện không khớp cửa hàng nào. Vui lòng chỉnh lại trước khi gửi.,The criteria do not match any store. Please adjust them before sending.,,custom/wujia_notification/models/wujia_notification.py:50,py_literal,,,
wujia_notification,Trạng thái đọc,Read status,,custom/wujia_notification/models/wujia_notification.py:412,py_gettext,,,
wujia_notification,Vui lòng chọn ít nhất một cửa hàng nhận.,Please select at least one recipient store.,,custom/wujia_notification/models/wujia_notification.py:51,py_literal,,,
wujia_notification,"Vui lòng nhập đầy đủ tiêu đề, nội dung, loại và mức độ thông báo; ngày hết hiệu lực không được nhỏ hơn ngày gửi.","Please enter the title, content, type and severity of the notification; the expiry date cannot be earlier than the sent date.",,custom/wujia_notification/models/wujia_notification.py:43,py_literal,,,
wujia_notification,Đã lưu trữ,In archive,,custom/wujia_notification/views/backend_notification_views.xml:29 | custom/wujia_notification/views/backend_notification_views.xml:90,qweb_attr,,,
"wujia_notification, wujia_portal_info_request",Khác,Other,,custom/wujia_notification/data/notification_type_data.xml:44 | custom/wujia_portal_info_request/controllers/portal.py:47,"data_record,py_literal",,,
wujia_order_window,"Giờ bắt đầu phải nằm trong [0, 24).","Start hour must be within [0, 24).",,custom/wujia_order_window/models/wujia_order_window.py:52,py_literal,,,
wujia_order_window,"Giờ kết thúc phải nằm trong [0, 24).","End hour must be within [0, 24).",,custom/wujia_order_window/models/wujia_order_window.py:56,py_literal,,,
wujia_order_window,Hiện chưa nằm trong khung giờ nhận đơn. Vui lòng đặt hàng trong khung giờ %(f).2f – %(t).2f.,Not within the ordering window right now. Please order within %(f).2f – %(t).2f.,,custom/wujia_order_window/models/sale_order.py:31,py_gettext,,,
wujia_order_window,Khung giờ '%s' có From == To — không có thời điểm hợp lệ.,Window '%s' has From == To — no valid time.,,custom/wujia_order_window/models/wujia_order_window.py:69,py_gettext,,,
wujia_order_window,Khung giờ đặt hàng Portal (fallback),Portal ordering window (fallback),,custom/wujia_order_window/views/res_config_settings_views.xml:15,qweb_attr,,,
wujia_order_window,Khung giờ đặt hàng theo khu vực (BA Section B.5 + Model Field Mục I),Ordering windows by area (BA Section B.5 + Model Field Section I),,custom/wujia_order_window/__manifest__.py:5,py_literal,,,
wujia_order_window,Qua nửa đêm,Crosses midnight,,custom/wujia_order_window/views/wujia_order_window_views.xml:31,qweb_attr,,,
wujia_portal_base,! Đây là tóm tắt hoạt động cửa hàng nhượng quyền của bạn.,! Here is the activity summary of your franchise store.,,custom/wujia_portal_base/views/portal_home.xml:21,qweb_text,,,
wujia_portal_base,. Chọn cửa hàng khác để chuyển dữ liệu hiển thị.,. Select another store to switch the data shown.,,custom/wujia_portal_base/views/store_picker_modal.xml:37,qweb_text,,,
wujia_portal_base,0 thành viên,0 members,,custom/wujia_portal_base/views/portal_franchise_information.xml:148,qweb_text,,,
wujia_portal_base,Bài viết / Kiến thức mới,New articles / Knowledge,,custom/wujia_portal_base/views/portal_home.xml:326 | custom/wujia_portal_base/views/portal_home.xml:676,qweb_text,,,
wujia_portal_base,Bạn chưa được gán vào cửa hàng nào. Liên hệ admin để được gán quyền.,You are not assigned to any store yet. Contact an admin to get access.,,custom/wujia_portal_base/views/portal_templates.xml:38,qweb_text,,,
wujia_portal_base,Bạn chưa được gán vào cửa hàng nào. Liên hệ quản trị viên.,You are not assigned to any store yet. Contact an administrator.,,custom/wujia_portal_base/views/portal_franchises_in_layout.xml:17,qweb_text,,,
wujia_portal_base,Bạn chưa được gán vào cửa hàng nào. Vui lòng liên hệ quản trị viên để được cấp quyền.,You are not assigned to any store yet. Please contact an administrator to get access.,,custom/wujia_portal_base/views/portal_home.xml:25,qweb_text,,,
wujia_portal_base,Bạn chưa được gán vào cửa hàng nào. Vui lòng liên hệ quản trị viên.,You are not assigned to any store yet. Please contact an administrator.,,custom/wujia_portal_base/views/portal_home.xml:432,qweb_text,,,
wujia_portal_base,Bạn có,You have,,custom/wujia_portal_base/views/portal_home.xml:118,qweb_text,,,
wujia_portal_base,"Bạn thuộc nhiều cửa hàng. Vui lòng chọn cửa hàng đang thao tác để hệ thống chỉ hiển thị dữ liệu liên quan (đơn hàng, đổi trả, thông báo).","You belong to several stores. Please select the store to work on so that only its data (orders, returns, notifications) is shown.",,custom/wujia_portal_base/views/store_picker_modal.xml:30,qweb_text,,,
wujia_portal_base,Bạn đang là,You are,,custom/wujia_portal_base/views/portal_franchises_in_layout.xml:83 | custom/wujia_portal_base/views/portal_templates.xml:99,qweb_text,,,
wujia_portal_base,Bạn đang thao tác tại,You are working at,,custom/wujia_portal_base/views/store_picker_modal.xml:35,qweb_text,,,
wujia_portal_base,Bạn đã xem hết thông báo,You are all caught up,,custom/wujia_portal_base/views/portal_home.xml:299 | custom/wujia_portal_base/views/portal_home.xml:551,qweb_text,,,
wujia_portal_base,Bắt đầu,Starts,,custom/wujia_portal_base/views/portal_franchise_profile.xml:110,qweb_text,,,
wujia_portal_base,Chat với chúng tôi,Chat with us,,custom/wujia_portal_base/views/portal_home.xml:383 | custom/wujia_portal_base/views/portal_home.xml:781,qweb_text,,,
wujia_portal_base,Chào mừng,Welcome,,custom/wujia_portal_base/views/portal_home.xml:21,qweb_text,,,
wujia_portal_base,Chưa có bài viết mới,No new articles,,custom/wujia_portal_base/views/portal_home.xml:335 | custom/wujia_portal_base/views/portal_home.xml:685,qweb_text,,,
wujia_portal_base,Chưa có chuyến giao sắp tới,No upcoming deliveries,,custom/wujia_portal_base/views/portal_home.xml:260 | custom/wujia_portal_base/views/portal_home.xml:602,qweb_text,,,
wujia_portal_base,Chưa có thành viên active.,No active members yet.,,custom/wujia_portal_base/views/portal_franchise_information.xml:269,qweb_text,,,
wujia_portal_base,Chưa có thành viên nào được hiển thị,No members to display,,custom/wujia_portal_base/views/portal_franchise_information.xml:144,qweb_text,,,
wujia_portal_base,Chưa có thông báo mới,No new notifications,,custom/wujia_portal_base/views/portal_home.xml:119,qweb_text,,,
wujia_portal_base,Chưa có yêu cầu,No requests,,custom/wujia_portal_base/views/portal_home.xml:136,qweb_text,,,
wujia_portal_base,Chưa có yêu cầu đổi trả,No return requests yet,,custom/wujia_portal_base/views/portal_home.xml:217 | custom/wujia_portal_base/views/portal_home.xml:721,qweb_text,,,
wujia_portal_base,Chưa có đơn hàng mới,No new orders,,custom/wujia_portal_base/views/portal_home.xml:102,qweb_text,,,
wujia_portal_base,Chế độ xem cơ bản,Basic view,,custom/wujia_portal_base/views/portal_franchise_information.xml:165,qweb_text,,,
wujia_portal_base,Chọn cửa hàng đang thao tác,Select the store to work on,,custom/wujia_portal_base/views/store_picker_modal.xml:15,qweb_text,,,
wujia_portal_base,Chủ chính,Main owner,,custom/wujia_portal_base/views/portal_franchise_profile.xml:59 | custom/wujia_portal_base/views/portal_franchises_in_layout.xml:48 | custom/wujia_portal_base/views/portal_franchises_in_layout.xml:118,qweb_text,,,
wujia_portal_base,Còn lại,Remaining,,custom/wujia_portal_base/views/portal_franchise_information.xml:243 | custom/wujia_portal_base/views/portal_franchise_profile.xml:114,qweb_text,,,
wujia_portal_base,Có thể đặt hàng đến,You can order until,,custom/wujia_portal_base/views/portal_home.xml:76 | custom/wujia_portal_base/views/portal_home.xml:495,qweb_text,,,
wujia_portal_base,Cửa hàng của tôi,My stores,,custom/wujia_portal_base/views/portal_franchises_in_layout.xml:13,qweb_text,,,
wujia_portal_base,Cửa hàng nhượng quyền,Franchise store,,custom/wujia_portal_base/views/portal_franchise_information.xml:189 | custom/wujia_portal_base/views/portal_templates.xml:9,qweb_text,,,
wujia_portal_base,Cửa hàng nhượng quyền của tôi,My franchise stores,,custom/wujia_portal_base/views/portal_templates.xml:35,qweb_text,,,
wujia_portal_base,Cửa hàng nhượng quyền đang thao tác trên portal,Franchise store currently selected on the portal,,custom/wujia_portal_base/views/portal_franchise_information.xml:48,qweb_text,,,
wujia_portal_base,Danh sách sẽ xuất hiện khi cửa hàng có tài khoản được gán quyền xem.,The list appears once the store has accounts with view access.,,custom/wujia_portal_base/views/portal_franchise_information.xml:145,qweb_text,,,
wujia_portal_base,Danh sách thành viên sẽ hiển thị cho Owner/Manager theo quyền được cấp.,The member list is shown to Owners/Managers according to their access.,,custom/wujia_portal_base/views/portal_franchise_information.xml:164,qweb_text,,,
wujia_portal_base,Email / Số điện thoại,Email / Phone number,,custom/wujia_portal_base/views/portal_franchise_information.xml:116,qweb_text,,,
wujia_portal_base,"File ""%s"" có định dạng không hỗ trợ (%s).","File ""%s"" has an unsupported format (%s).",,custom/wujia_portal_base/controllers/utils.py:231,py_gettext,,,
wujia_portal_base,"File ""%s"" vượt quá %sMB.","File ""%s"" exceeds %sMB.",,custom/wujia_portal_base/controllers/utils.py:227,py_gettext,,,
wujia_portal_base,Giao hàng sắp tới,Upcoming deliveries,,custom/wujia_portal_base/views/portal_home.xml:250 | custom/wujia_portal_base/views/portal_home.xml:591,qweb_text,,,
wujia_portal_base,Gọi hotline,Call the hotline,,custom/wujia_portal_base/views/portal_home.xml:376 | custom/wujia_portal_base/views/portal_home.xml:774,qweb_text,,,
wujia_portal_base,Gửi yêu cầu và theo dõi phản hồi,Submit a request and track replies,,custom/wujia_portal_base/views/portal_home.xml:370 | custom/wujia_portal_base/views/portal_home.xml:768,qweb_text,,,
wujia_portal_base,Hiệu lực,Validity,,custom/wujia_portal_base/views/portal_franchises_in_layout.xml:29 | custom/wujia_portal_base/views/portal_franchises_in_layout.xml:108 | custom/wujia_portal_base/views/portal_templates.xml:48,qweb_text,,,
wujia_portal_base,Hành động nhanh,Quick actions,,custom/wujia_portal_base/views/portal_home.xml:507,qweb_text,,,
wujia_portal_base,Hồ sơ cửa hàng,Store profile,,custom/wujia_portal_base/controllers/portal.py:381 | custom/wujia_portal_base/controllers/portal.py:492 | custom/wujia_portal_base/controllers/portal.py:505,"py_gettext,qweb_text",,,
wujia_portal_base,Hỗ trợ nhanh,Quick support,,custom/wujia_portal_base/views/portal_home.xml:360 | custom/wujia_portal_base/views/portal_home.xml:756,qweb_text,,,
wujia_portal_base,Hợp đồng nhượng quyền,Franchise contract,,custom/wujia_portal_base/views/portal_franchise_information.xml:227 | custom/wujia_portal_base/views/portal_franchise_profile.xml:103,qweb_text,,,
wujia_portal_base,Khu vực,Area,,custom/wujia_portal_base/views/portal_franchise_information.xml:51 | custom/wujia_portal_base/views/portal_franchise_information.xml:85 | custom/wujia_portal_base/views/portal_franchise_profile.xml:54,qweb_text,,,
wujia_portal_base,Khung giờ đặt hàng,Ordering window,,custom/wujia_portal_base/views/portal_home.xml:60 | custom/wujia_portal_base/views/portal_home.xml:480,qweb_text,,,
wujia_portal_base,Kết thúc,Ends,,custom/wujia_portal_base/views/portal_franchise_profile.xml:112,qweb_text,,,
wujia_portal_base,Liên hệ,Contact,,custom/wujia_portal_base/views/portal_franchise_profile.xml:71,qweb_text,,,
wujia_portal_base,Lý do:,Reason:,,custom/wujia_portal_base/views/portal_home.xml:232 | custom/wujia_portal_base/views/portal_home.xml:739,qweb_text,,,
wujia_portal_base,Lịch giao sẽ hiển thị khi đơn hàng được xác nhận.,The delivery schedule appears once orders are confirmed.,,custom/wujia_portal_base/views/portal_home.xml:261 | custom/wujia_portal_base/views/portal_home.xml:603,qweb_text,,,
wujia_portal_base,Mã cửa hàng,Store code,,custom/wujia_portal_base/views/portal_franchise_information.xml:73,qweb_text,,,
wujia_portal_base,Mở lại lúc,Reopens at,,custom/wujia_portal_base/views/portal_home.xml:79 | custom/wujia_portal_base/views/portal_home.xml:498,qweb_text,,,
wujia_portal_base,Ngày bắt đầu,Start date,,custom/wujia_portal_base/views/portal_franchise_information.xml:233,qweb_text,,,
wujia_portal_base,Ngày khai trương,Opening date,,custom/wujia_portal_base/views/portal_franchise_information.xml:203 | custom/wujia_portal_base/views/portal_franchise_profile.xml:52,qweb_text,,,
wujia_portal_base,Ngày kết thúc,End date,,custom/wujia_portal_base/views/portal_franchise_information.xml:238,qweb_text,,,
wujia_portal_base,Ngày yêu cầu:,Request date:,,custom/wujia_portal_base/views/portal_home.xml:229 | custom/wujia_portal_base/views/portal_home.xml:736,qweb_text,,,
wujia_portal_base,Người phụ trách,Person in charge,,custom/wujia_portal_base/views/portal_franchise_information.xml:95 | custom/wujia_portal_base/views/portal_home.xml:418 | custom/wujia_portal_base/views/portal_home.xml:816,qweb_text,,,
wujia_portal_base,Nhân viên cửa hàng,Store staff,,custom/wujia_portal_base/views/portal_franchise_information.xml:58,qweb_text,,,
wujia_portal_base,Owner/Manager được xem danh sách tài khoản thuộc cửa hàng hiện tại,Owners/Managers can view the accounts of the current store,,custom/wujia_portal_base/views/portal_franchise_information.xml:107,qweb_text,,,
wujia_portal_base,Quyền xem hiện tại,Current access level,,custom/wujia_portal_base/views/portal_franchise_information.xml:55,qweb_text,,,
wujia_portal_base,Quá nhiều yêu cầu. Vui lòng thử lại sau.,Too many requests. Please try again later.,,custom/wujia_portal_base/controllers/utils.py:173,py_gettext,,,
wujia_portal_base,Quản lý cửa hàng nhượng quyền của bạn,Manage your franchise stores,,custom/wujia_portal_base/views/portal_templates.xml:10,qweb_text,,,
wujia_portal_base,Thành viên cửa hàng,Store members,,custom/wujia_portal_base/views/portal_franchise_information.xml:106 | custom/wujia_portal_base/views/portal_franchise_information.xml:259 | custom/wujia_portal_base/views/portal_franchises_in_layout.xml:95,qweb_text,,,
wujia_portal_base,Thông báo nổi bật,Featured notifications,,custom/wujia_portal_base/views/portal_home.xml:290 | custom/wujia_portal_base/views/portal_home.xml:542,qweb_text,,,
wujia_portal_base,Thông báo quan trọng mới sẽ xuất hiện tại đây.,New important notifications will appear here.,,custom/wujia_portal_base/views/portal_home.xml:300 | custom/wujia_portal_base/views/portal_home.xml:552,qweb_text,,,
wujia_portal_base,Thông tin chính của cửa hàng hiện tại,Key information of the current store,,custom/wujia_portal_base/views/portal_franchise_information.xml:68,qweb_text,,,
wujia_portal_base,Thông tin cửa hàng,Store information,,custom/wujia_portal_base/views/portal_home.xml:395 | custom/wujia_portal_base/views/portal_home.xml:791,qweb_text,,,
wujia_portal_base,Thông tin cửa hàng / Hồ sơ cửa hàng,Store information / Store profile,,custom/wujia_portal_base/views/portal_franchise_profile.xml:15,qweb_text,,,
wujia_portal_base,Thông tin nhượng quyền,Franchise information,,custom/wujia_portal_base/views/portal_franchise_information.xml:67,qweb_text,,,
wujia_portal_base,Thông tin nhượng quyền theo cửa hàng đang thao tác,Franchise information for the current store,,custom/wujia_portal_base/views/portal_franchise_information.xml:23,qweb_text,,,
wujia_portal_base,Thông tin thành viên,Member information,,custom/wujia_portal_base/views/portal_franchise_information.xml:159,qweb_text,,,
wujia_portal_base,Thông tin định danh,Identification,,custom/wujia_portal_base/views/portal_franchise_profile.xml:33,qweb_text,,,
wujia_portal_base,Thời gian: 8:00 - 17:30,Hours: 8:00 - 17:30,,custom/wujia_portal_base/views/portal_home.xml:384 | custom/wujia_portal_base/views/portal_home.xml:782,qweb_text,,,
wujia_portal_base,Trang chủ - Portal,Home - Portal,,custom/wujia_portal_base/controllers/portal.py:174,py_gettext,,,
wujia_portal_base,Trạng thái nhượng quyền,Franchise status,,custom/wujia_portal_base/views/portal_franchise_information.xml:89,qweb_text,,,
wujia_portal_base,Tài khoản của bạn chỉ được xem thông tin cửa hàng cơ bản.,Your account can only view basic store information.,,custom/wujia_portal_base/views/portal_franchise_information.xml:163,qweb_text,,,
wujia_portal_base,Tài liệu hướng dẫn mới nhất sẽ được cập nhật tại đây.,The latest guides will be posted here.,,custom/wujia_portal_base/views/portal_home.xml:336 | custom/wujia_portal_base/views/portal_home.xml:686,qweb_text,,,
wujia_portal_base,Tên,Name,,custom/wujia_portal_base/views/portal_franchise_profile.xml:42,qweb_text,,,
wujia_portal_base,Tạm khóa,Suspended,,custom/wujia_portal_base/views/portal_franchise_information.xml:131,qweb_text,,,
wujia_portal_base,Tỉnh/Thành,Province/City,,custom/wujia_portal_base/views/portal_franchise_profile.xml:80,qweb_text,,,
wujia_portal_base,Tối đa %s file. Bạn gửi %s file.,At most %s files allowed. You sent %s files.,,custom/wujia_portal_base/controllers/utils.py:218,py_gettext,,,
wujia_portal_base,TỔNG QUAN CỬA HÀNG,STORE OVERVIEW,,custom/wujia_portal_base/views/portal_home.xml:441,qweb_text,,,
wujia_portal_base,Tổng quan cửa hàng,Store overview,,custom/wujia_portal_base/views/portal_home.xml:19,qweb_text,,,
wujia_portal_base,Tổng tiền:,Total:,,custom/wujia_portal_base/views/portal_home.xml:275 | custom/wujia_portal_base/views/portal_home.xml:620,qweb_text,,,
wujia_portal_base,Tổng tiền: —,Total: —,,custom/wujia_portal_base/views/portal_home.xml:236 | custom/wujia_portal_base/views/portal_home.xml:743,qweb_text,,,
wujia_portal_base,Vai trò của tôi,My role,,custom/wujia_portal_base/views/portal_franchise_profile.xml:56,qweb_text,,,
wujia_portal_base,Vui lòng liên hệ HQ Wujia để biết thêm chi tiết.,Please contact Wujia HQ for details.,,custom/wujia_portal_base/views/portal_franchise_information.xml:312,qweb_text,,,
wujia_portal_base,Vào cửa hàng,Open store,,custom/wujia_portal_base/views/portal_franchises_in_layout.xml:56 | custom/wujia_portal_base/views/portal_templates.xml:79,qweb_text,,,
wujia_portal_base,Xem tất cả ›,View all ›,,custom/wujia_portal_base/views/portal_home.xml:546 | custom/wujia_portal_base/views/portal_home.xml:595 | custom/wujia_portal_base/views/portal_home.xml:638,qweb_text,,,
wujia_portal_base,Yêu cầu mới sẽ hiển thị tại đây sau khi được tạo.,New requests will appear here once created.,,custom/wujia_portal_base/views/portal_home.xml:218 | custom/wujia_portal_base/views/portal_home.xml:722,qweb_text,,,
wujia_portal_base,Yêu cầu đổi trả gần đây,Recent return requests,,custom/wujia_portal_base/views/portal_home.xml:208 | custom/wujia_portal_base/views/portal_home.xml:712,qweb_text,,,
wujia_portal_base,gửi yêu cầu hỗ trợ,submit a support request,,custom/wujia_portal_base/views/portal_franchise_profile.xml:144,qweb_text,,,
wujia_portal_base,hôm nay,today,,custom/wujia_portal_base/views/portal_home.xml:77 | custom/wujia_portal_base/views/portal_home.xml:496,qweb_text,,,
wujia_portal_base,kèm thông tin cần đổi. Quản trị viên sẽ phê duyệt trước khi áp dụng.,with the details to change. An administrator will approve it before it takes effect.,,custom/wujia_portal_base/views/portal_franchise_profile.xml:144,qweb_text,,,
wujia_portal_base,ngày,days,,custom/wujia_portal_base/views/portal_franchise_information.xml:246 | custom/wujia_portal_base/views/portal_franchise_profile.xml:123,qweb_text,,,
wujia_portal_base,ngày (sắp hết hạn),days (expiring soon),,custom/wujia_portal_base/views/portal_franchise_profile.xml:120,qweb_text,,,
wujia_portal_base,thông báo mới,new notifications,,custom/wujia_portal_base/views/portal_home.xml:118,qweb_text,,,
wujia_portal_base,tại cửa hàng này.,at this store.,,custom/wujia_portal_base/views/portal_franchises_in_layout.xml:85 | custom/wujia_portal_base/views/portal_templates.xml:101,qweb_text,,,
wujia_portal_base,yêu cầu đang mở,open requests,,custom/wujia_portal_base/views/portal_home.xml:135,qweb_text,,,
wujia_portal_base,· còn,· time left,,custom/wujia_portal_base/views/portal_home.xml:67 | custom/wujia_portal_base/views/portal_home.xml:486,qweb_text,,,
wujia_portal_base,Đang mở,Open now,,custom/wujia_portal_base/views/portal_home.xml:66 | custom/wujia_portal_base/views/portal_home.xml:485,qweb_text,,,
wujia_portal_base,Điện thoại,Telephone,,custom/wujia_portal_base/views/portal_franchise_profile.xml:82 | custom/wujia_portal_base/views/portal_home.xml:411 | custom/wujia_portal_base/views/portal_home.xml:809,qweb_text,,,
wujia_portal_base,Đã cập nhật,Updated,,custom/wujia_portal_base/views/portal_franchises_in_layout.xml:97 | custom/wujia_portal_base/views/portal_templates.xml:113,qweb_text,,,
wujia_portal_base,Đã hết hạn,Has expired,,custom/wujia_portal_base/views/portal_franchise_information.xml:245 | custom/wujia_portal_base/views/portal_franchise_profile.xml:117,qweb_text,,,
wujia_portal_base,Đã khóa portal,Portal access locked,,custom/wujia_portal_base/views/portal_franchise_profile.xml:49,qweb_text,,,
wujia_portal_base,Đơn chưa giao:,Undelivered orders:,,custom/wujia_portal_base/views/portal_home.xml:273 | custom/wujia_portal_base/views/portal_home.xml:618,qweb_text,,,
wujia_portal_base,Đơn hàng gần đây,Recent orders,,custom/wujia_portal_base/views/portal_home.xml:170 | custom/wujia_portal_base/views/portal_home.xml:634,qweb_text,,,
wujia_portal_base,Đơn hàng mới sẽ hiển thị tại đây sau khi được tạo.,New orders will appear here once created.,,custom/wujia_portal_base/views/portal_home.xml:180 | custom/wujia_portal_base/views/portal_home.xml:644,qweb_text,,,
wujia_portal_base,Đại diện,Representative,,custom/wujia_portal_base/views/portal_franchise_profile.xml:86,qweb_text,,,
wujia_portal_base,Đặt hàng 24/7,Order 24/7,,custom/wujia_portal_base/views/portal_home.xml:70 | custom/wujia_portal_base/views/portal_home.xml:489,qweb_text,,,
wujia_portal_base,Đặt hàng mọi lúc trong ngày,Order any time of the day,,custom/wujia_portal_base/views/portal_home.xml:82 | custom/wujia_portal_base/views/portal_home.xml:501,qweb_text,,,
wujia_portal_base,"Để cập nhật thông tin cửa hàng (địa chỉ, SĐT, giấy tờ...), vui lòng","To update store information (address, phone, documents...), please",,custom/wujia_portal_base/views/portal_franchise_profile.xml:142,qweb_text,,,
wujia_portal_base,Đổi cửa hàng,Switch store,,custom/wujia_portal_base/views/pc_nav_inherit.xml:35 | custom/wujia_portal_base/views/store_picker_modal.xml:70,qweb_text,,,
wujia_portal_base,Đổi cửa hàng đang thao tác,Switch the store you work on,,custom/wujia_portal_base/views/store_picker_modal.xml:16 | custom/wujia_portal_base/views/store_picker_navbar.xml:64,"qweb_attr,qweb_text",,,
wujia_portal_base,Đổi trả,Returns,,custom/wujia_portal_base/views/portal_home.xml:132 | custom/wujia_portal_base/views/portal_home.xml:463 | custom/wujia_portal_base/views/portal_home.xml:526,qweb_text,,,
wujia_portal_base,đang không truy cập được.,is currently unavailable.,,custom/wujia_portal_base/views/portal_franchise_information.xml:311,qweb_text,,,
wujia_portal_base,đang thao tác,current,,custom/wujia_portal_base/views/store_picker_modal.xml:58,qweb_text,,,
wujia_portal_base,đơn chưa giao,undelivered orders,,custom/wujia_portal_base/views/portal_home.xml:598,qweb_text,,,
wujia_portal_base,đơn trong 30 ngày,orders in 30 days,,custom/wujia_portal_base/views/portal_home.xml:101,qweb_text,,,
"wujia_portal_base, wujia_portal_debt, wujia_portal_delivery, wujia_portal_info_request, wujia_portal_layout, wujia_portal_notification, wujia_portal_purchase_history, wujia_portal_report, wujia_portal_return, wujia_portal_sale, wujia_portal_support",Trạng thái,Status,,custom/wujia_portal_base/views/portal_franchise_information.xml:118 | custom/wujia_portal_base/views/portal_franchise_profile.xml:44 | custom/wujia_portal_debt/views/portal_debt.xml:421,"py_literal,qweb_text",,,
"wujia_portal_base, wujia_portal_debt, wujia_portal_exam, wujia_portal_info_request, wujia_portal_layout, wujia_portal_purchase_history, wujia_portal_report, wujia_portal_return, wujia_portal_sale, wujia_portal_support",Cửa hàng,Store,,custom/wujia_portal_base/views/portal_franchise_information.xml:311 | custom/wujia_portal_base/views/portal_franchises_in_layout.xml:9 | custom/wujia_portal_base/views/portal_franchises_in_layout.xml:26,"py_literal,qweb_text",,,
"wujia_portal_base, wujia_portal_debt, wujia_portal_exam, wujia_portal_layout",Đóng,Close,,custom/wujia_portal_base/views/store_picker_modal.xml:22 | custom/wujia_portal_base/views/store_picker_modal.xml:22 | custom/wujia_portal_debt/views/portal_debt.xml:473,"qweb_attr,qweb_text",,,
"wujia_portal_base, wujia_portal_debt, wujia_portal_layout",Công nợ,Debts,,custom/wujia_portal_base/views/portal_home.xml:152 | custom/wujia_portal_base/views/portal_home.xml:471 | custom/wujia_portal_debt/views/home_kpi_inherit.xml:25,qweb_text,,,
"wujia_portal_base, wujia_portal_debt, wujia_portal_purchase_history, wujia_portal_report",Đã xác nhận,Confirmed,,custom/wujia_portal_base/controllers/utils.py:450 | custom/wujia_portal_base/controllers/utils.py:500 | custom/wujia_portal_debt/views/portal_debt.xml:566,"py_literal,qweb_text",,,
"wujia_portal_base, wujia_portal_delivery",Giao hàng,Delivery,,custom/wujia_portal_base/views/portal_home.xml:522 | custom/wujia_portal_delivery/controllers/portal.py:335 | custom/wujia_portal_delivery/views/bottomnav_inherit.xml:16,"py_literal,qweb_text",,,
"wujia_portal_base, wujia_portal_delivery, wujia_portal_layout, wujia_portal_purchase_history",Đang giao,Delivering,,custom/wujia_portal_base/controllers/utils.py:458 | custom/wujia_portal_base/controllers/utils.py:508 | custom/wujia_portal_base/controllers/utils.py:544,"py_literal,qweb_text",,,
"wujia_portal_base, wujia_portal_exam",Hết hạn,Expired,,custom/wujia_portal_base/controllers/portal.py:30 | custom/wujia_portal_exam/controllers/portal.py:146,py_literal,,,
"wujia_portal_base, wujia_portal_exam, wujia_portal_info_request, wujia_portal_layout, wujia_portal_return, wujia_portal_sale, wujia_portal_support",Hủy,Cancel,,custom/wujia_portal_base/views/store_picker_modal.xml:66 | custom/wujia_portal_exam/views/portal_exam.xml:559 | custom/wujia_portal_info_request/views/portal_info_request_form.xml:112,qweb_text,,,
"wujia_portal_base, wujia_portal_exam, wujia_portal_info_request, wujia_portal_return, wujia_portal_support",Gửi yêu cầu,Submit request,,custom/wujia_portal_base/views/portal_franchise_profile.xml:148 | custom/wujia_portal_exam/views/portal_exam.xml:637 | custom/wujia_portal_info_request/views/portal_info_request_form.xml:116,qweb_text,,,
"wujia_portal_base, wujia_portal_exam, wujia_portal_layout",Chờ xác nhận,Awaiting confirmation,,custom/wujia_portal_base/controllers/utils.py:453 | custom/wujia_portal_base/controllers/utils.py:498 | custom/wujia_portal_exam/controllers/portal.py:59,"py_literal,qweb_text",,,
"wujia_portal_base, wujia_portal_exam, wujia_portal_layout, wujia_portal_purchase_history",bản ghi,records,,custom/wujia_portal_base/controllers/utils.py:264 | custom/wujia_portal_exam/controllers/portal.py:244 | custom/wujia_portal_layout/controllers/pc_preview.py:25,"py_literal,qweb_text",,,
"wujia_portal_base, wujia_portal_exam, wujia_portal_support",Đã đóng,Closed,,custom/wujia_portal_base/views/portal_home.xml:69 | custom/wujia_portal_base/views/portal_home.xml:488 | custom/wujia_portal_exam/controllers/portal.py:146,"py_literal,qweb_text",,,
"wujia_portal_base, wujia_portal_info_request",Địa chỉ,Address,,custom/wujia_portal_base/views/portal_franchise_information.xml:81 | custom/wujia_portal_base/views/portal_franchise_information.xml:216 | custom/wujia_portal_base/views/portal_franchise_profile.xml:78,"py_literal,qweb_text",,,
"wujia_portal_base, wujia_portal_info_request, wujia_portal_layout, wujia_portal_report",Đã gửi,Submitted,,custom/wujia_portal_base/controllers/utils.py:454 | custom/wujia_portal_base/controllers/utils.py:499 | custom/wujia_portal_base/controllers/utils.py:553,"py_literal,qweb_text",,,
"wujia_portal_base, wujia_portal_info_request, wujia_portal_layout, wujia_portal_return",Mã,Code,,custom/wujia_portal_base/views/portal_franchise_profile.xml:40 | custom/wujia_portal_base/views/portal_franchises_in_layout.xml:27 | custom/wujia_portal_base/views/portal_templates.xml:46,qweb_text,,,
"wujia_portal_base, wujia_portal_knowledge",Kiến thức,Knowledge,,custom/wujia_portal_base/views/portal_home.xml:530 | custom/wujia_portal_knowledge/views/bottomnav_inherit.xml:13 | custom/wujia_portal_knowledge/views/portal_knowledge.xml:30,qweb_text,,,
"wujia_portal_base, wujia_portal_layout",Chủ tiệm,Store owner,,custom/wujia_portal_base/models/wujia_franchise_member.py:6 | custom/wujia_portal_base/static/src/js/franchise_realtime.js:6 | custom/wujia_portal_layout/controllers/portal.py:34,"js_literal,py_literal",,,
"wujia_portal_base, wujia_portal_layout",Cửa hàng hiện tại,Current store,,custom/wujia_portal_base/views/pc_nav_inherit.xml:19 | custom/wujia_portal_base/views/pc_nav_inherit.xml:20 | custom/wujia_portal_base/views/portal_home.xml:42,"qweb_attr,qweb_text",,,
"wujia_portal_base, wujia_portal_layout",Họ tên,Full name,,custom/wujia_portal_base/views/portal_franchise_information.xml:115 | custom/wujia_portal_layout/views/profile_page.xml:53 | custom/wujia_portal_layout/views/profile_page.xml:117,qweb_text,,,
"wujia_portal_base, wujia_portal_layout",Nhân viên,Staff,,custom/wujia_portal_base/models/wujia_franchise_member.py:8 | custom/wujia_portal_base/static/src/js/franchise_realtime.js:8 | custom/wujia_portal_layout/controllers/portal.py:34,"js_literal,py_literal",,,
"wujia_portal_base, wujia_portal_layout",Quản lý,Manager,,custom/wujia_portal_base/models/wujia_franchise_member.py:7 | custom/wujia_portal_base/static/src/js/franchise_realtime.js:7 | custom/wujia_portal_layout/controllers/portal.py:34,"js_literal,py_literal",,,
"wujia_portal_base, wujia_portal_layout",SĐT,Phone,,custom/wujia_portal_base/views/portal_franchise_information.xml:208 | custom/wujia_portal_layout/views/profile_page.xml:129,qweb_text,,,
"wujia_portal_base, wujia_portal_layout",Trang chủ,Home,,custom/wujia_portal_base/views/bottomnav_inherit.xml:16 | custom/wujia_portal_base/views/portal_home.xml:7 | custom/wujia_portal_base/views/sidenav_inherit.xml:16,"qweb_attr,qweb_text",,,
"wujia_portal_base, wujia_portal_layout",Tên cửa hàng,Store name,,custom/wujia_portal_base/views/portal_franchise_information.xml:77 | custom/wujia_portal_layout/views/pc_preview.xml:165,qweb_text,,,
"wujia_portal_base, wujia_portal_layout",Vai trò,Role,,custom/wujia_portal_base/views/portal_franchise_information.xml:117 | custom/wujia_portal_base/views/portal_franchises_in_layout.xml:28 | custom/wujia_portal_base/views/portal_franchises_in_layout.xml:107,qweb_text,,,
"wujia_portal_base, wujia_portal_layout",Xác nhận,Confirm,,custom/wujia_portal_base/views/store_picker_modal.xml:69 | custom/wujia_portal_layout/views/login_page.xml:98 | custom/wujia_portal_layout/views/pc_preview.xml:197,qweb_text,,,
"wujia_portal_base, wujia_portal_layout",Đang hoạt động,Enabled,,custom/wujia_portal_base/controllers/portal.py:27 | custom/wujia_portal_base/controllers/utils.py:464 | custom/wujia_portal_base/views/portal_franchise_information.xml:130,"py_literal,qweb_text",,,
"wujia_portal_base, wujia_portal_layout",Đơn hàng,Orders,,custom/wujia_portal_base/views/portal_home.xml:98 | custom/wujia_portal_base/views/portal_home.xml:455 | custom/wujia_portal_layout/views/login_page.xml:260,qweb_text,,,
"wujia_portal_base, wujia_portal_layout, wujia_portal_support",Đang xử lý,Processing,,custom/wujia_portal_base/controllers/utils.py:458 | custom/wujia_portal_base/controllers/utils.py:502 | custom/wujia_portal_base/controllers/utils.py:554,"py_literal,qweb_text",,,
"wujia_portal_base, wujia_portal_purchase_history",Chưa có đơn hàng,No orders yet,,custom/wujia_portal_base/views/portal_home.xml:179 | custom/wujia_portal_base/views/portal_home.xml:643 | custom/wujia_portal_purchase_history/views/portal_history.xml:50,qweb_text,,,
"wujia_portal_base, wujia_portal_purchase_history",Lịch sử đặt hàng,Order history,,custom/wujia_portal_base/views/portal_home.xml:518 | custom/wujia_portal_purchase_history/views/portal_history.xml:166 | custom/wujia_portal_purchase_history/views/portal_history.xml:182,qweb_text,,,
"wujia_portal_base, wujia_portal_purchase_history, wujia_portal_report",đơn,orders,,custom/wujia_portal_base/views/portal_home.xml:273 | custom/wujia_portal_base/views/portal_home.xml:618 | custom/wujia_portal_purchase_history/views/portal_history.xml:22,"js_literal,qweb_text",,,
"wujia_portal_base, wujia_portal_sale",Đặt hàng,Order,,custom/wujia_portal_base/views/portal_home.xml:514 | custom/wujia_portal_sale/views/bottomnav_inherit.xml:18 | custom/wujia_portal_sale/views/portal_order_catalog.xml:194,qweb_text,,,
"wujia_portal_base, wujia_portal_support",Hỗ trợ,Support,,custom/wujia_portal_base/views/portal_home.xml:534 | custom/wujia_portal_support/views/bottomnav_inherit.xml:13 | custom/wujia_portal_support/views/portal_support.xml:18,qweb_text,,,
"wujia_portal_base, wujia_portal_support",Tạo yêu cầu hỗ trợ,Create a support request,,custom/wujia_portal_base/views/portal_home.xml:369 | custom/wujia_portal_base/views/portal_home.xml:767 | custom/wujia_portal_support/views/portal_support.xml:204,qweb_text,,,
wujia_portal_debt,'Chọn cửa hàng ở thanh phía trên để xem lịch sử thanh toán.' if no_store else 'Kỳ được chọn chưa có khoản thanh toán nào được xác nhận.',Select a store in the top bar to view payment history. | The selected period has no confirmed payments.,,custom/wujia_portal_debt/views/portal_debt.xml:552,qweb_expr,,,
wujia_portal_debt,'Hóa đơn còn số dư' if summary['state'] == 'partial' else 'Hóa đơn trong tuần',Invoices with a balance | Invoices this week,,custom/wujia_portal_debt/views/portal_debt.xml:221,qweb_expr,,,
wujia_portal_debt,'Thời gian thanh toán','Payment period',,custom/wujia_portal_debt/views/portal_debt.xml:524,qweb_expr,,,
wujia_portal_debt,'Tuần hóa đơn','Invoice week',,custom/wujia_portal_debt/views/portal_debt.xml:127,qweb_expr,,,
wujia_portal_debt,'Đã trả' if inv['status'] == 'paid' else ('Được trừ' if inv['status'] == 'credit' else 'Còn lại'),Amount paid | Deducted | Remaining,,custom/wujia_portal_debt/views/portal_debt.xml:264,qweb_expr,,,
wujia_portal_debt,1tỷ,1B,,custom/wujia_portal_debt/models/wujia_portal_debt.py:105,py_literal,,,
wujia_portal_debt,Bạn không có quyền xem công nợ và thanh toán của cửa hàng.,You do not have permission to view this store's debts and payments.,,custom/wujia_portal_debt/views/portal_debt.xml:839,qweb_text,,,
wujia_portal_debt,Bạn không có quyền xem công nợ và thanh toán của cửa hàng. Vui lòng liên hệ chủ tiệm hoặc quản lý.,You do not have permission to view this store's debts and payments. Please contact the store owner or manager.,,custom/wujia_portal_debt/views/portal_debt.xml:854,qweb_text,,,
wujia_portal_debt,Chuyển khoản,Bank transfer,,custom/wujia_portal_debt/models/wujia_portal_debt.py:608,py_literal,,,
wujia_portal_debt,Chưa có giao dịch,No transactions yet,,custom/wujia_portal_debt/views/portal_debt.xml:550 | custom/wujia_portal_debt/views/portal_debt.xml:704,qweb_text,,,
wujia_portal_debt,Chưa có giá trị để sao chép.,Nothing to copy yet.,,custom/wujia_portal_debt/static/src/js/portal_debt.js:77,js_literal,,,
wujia_portal_debt,Chưa cấu hình tài khoản nhận thanh toán,No payment account configured,,custom/wujia_portal_debt/views/portal_debt.xml:97 | custom/wujia_portal_debt/views/portal_debt.xml:788,qweb_text,,,
wujia_portal_debt,Chưa thanh toán,Unpaid,,custom/wujia_portal_debt/models/wujia_portal_debt.py:41 | custom/wujia_portal_debt/models/wujia_portal_debt.py:49,py_literal,,,
wujia_portal_debt,Chạm bộ lọc phía trên để chọn tuần khác.,Tap the filter above to choose another week.,,custom/wujia_portal_debt/views/portal_debt.xml:153,qweb_text,,,
wujia_portal_debt,Chỉ hiển thị các khoản thanh toán đã được {brand} xác nhận.,Only payments confirmed by {brand} are shown.,,custom/wujia_portal_debt/views/portal_debt.xml:645,qweb_text,,,
wujia_portal_debt,Chọn cửa hàng ở thanh phía trên để xem công nợ.,Select a store in the top bar to view debts.,,custom/wujia_portal_debt/views/portal_debt.xml:146 | custom/wujia_portal_debt/views/portal_debt.xml:336,qweb_text,,,
wujia_portal_debt,Chọn cửa hàng ở thanh phía trên để xem lịch sử thanh toán.,Select a store in the top bar to view payment history.,,custom/wujia_portal_debt/views/portal_debt.xml:639,qweb_text,,,
wujia_portal_debt,Chọn tuần khác ở bộ lọc phía trên để xem dữ liệu.,Choose another week in the filter above to see data.,,custom/wujia_portal_debt/views/portal_debt.xml:459,qweb_text,,,
wujia_portal_debt,Chủ tài khoản,Account holder,,custom/wujia_portal_debt/views/portal_debt.xml:71 | custom/wujia_portal_debt/views/portal_debt.xml:750,qweb_text,,,
wujia_portal_debt,CÒN PHẢI TRẢ,AMOUNT DUE,,custom/wujia_portal_debt/views/portal_debt.xml:168,qweb_text,,,
wujia_portal_debt,Các khoản thanh toán,Payments,,custom/wujia_portal_debt/views/portal_debt.xml:537 | custom/wujia_portal_debt/views/portal_debt.xml:654,qweb_text,,,
wujia_portal_debt,Các khoản thanh toán đã được {brand} xác nhận trong thời gian đã chọn.,Payments confirmed by {brand} in the selected period.,,custom/wujia_portal_debt/views/portal_debt.xml:532,qweb_text,,,
wujia_portal_debt,Còn phải trả,Amount due,,custom/wujia_portal_debt/views/portal_debt.xml:354 | custom/wujia_portal_debt/views/portal_debt.xml:420,qweb_text,,,
wujia_portal_debt,Còn phải trả:,Amount due:,,custom/wujia_portal_debt/views/portal_debt.xml:151,qweb_text,,,
wujia_portal_debt,Có quá hạn,Has overdue,,custom/wujia_portal_debt/models/wujia_portal_debt.py:39,py_literal,,,
wujia_portal_debt,Công nợ & thanh toán,Debts & payments,,custom/wujia_portal_debt/views/bottomnav_inherit.xml:33 | custom/wujia_portal_debt/views/portal_debt.xml:107 | custom/wujia_portal_debt/views/sidenav_inherit.xml:16,qweb_text,,,
wujia_portal_debt,Công nợ cập nhật sau khi {brand} xác nhận.,Your balance updates once {brand} confirms.,,custom/wujia_portal_debt/views/portal_debt.xml:781,qweb_text,,,
wujia_portal_debt,"Công nợ theo tuần, lịch sử thanh toán và màn chuyển khoản (portal mobile + PC)","Weekly debts, payment history and bank transfer screen (portal mobile + PC)",,custom/wujia_portal_debt/__manifest__.py:5,py_literal,,,
wujia_portal_debt,Công nợ được cập nhật sau khi {brand} xác nhận và đối soát khoản thanh toán.,Your balance is updated once {brand} confirms and reconciles the payment.,,custom/wujia_portal_debt/views/portal_debt.xml:91,qweb_text,,,
wujia_portal_debt,Cần thanh toán,Payment needed,,custom/wujia_portal_debt/views/portal_debt.xml:482 | custom/wujia_portal_debt/views/portal_debt.xml:811,qweb_text,,,
wujia_portal_debt,Cửa hàng chưa được cấu hình tài khoản nhận thanh toán.,The store has no payment account configured yet.,,custom/wujia_portal_debt/views/portal_debt.xml:789,qweb_text,,,
wujia_portal_debt,Cửa hàng chưa được cấu hình tài khoản nhận thanh toán. Vui lòng liên hệ bộ phận hỗ trợ để được hướng dẫn chuyển khoản.,The store has no payment account configured yet. Please contact support for transfer instructions.,,custom/wujia_portal_debt/views/portal_debt.xml:98,qweb_text,,,
wujia_portal_debt,Cửa hàng không có hóa đơn còn số dư. Bạn vẫn có thể xem lịch sử thanh toán.,The store has no invoices with a balance. You can still view the payment history.,,custom/wujia_portal_debt/views/portal_debt.xml:455,qweb_text,,,
wujia_portal_debt,Dư có,Credit balance,,custom/wujia_portal_debt/models/wujia_portal_debt.py:42 | custom/wujia_portal_debt/views/portal_debt.xml:192 | custom/wujia_portal_debt/views/portal_debt.xml:357,"py_literal,qweb_text",,,
wujia_portal_debt,Giấy báo có,Credit note,,custom/wujia_portal_debt/models/wujia_portal_debt.py:51,py_literal,,,
wujia_portal_debt,Giấy báo có •,Credit note •,,custom/wujia_portal_debt/views/portal_debt.xml:252,qweb_text,,,
wujia_portal_debt,Hiện không có công nợ cần thanh toán,No debts to pay right now,,custom/wujia_portal_debt/views/portal_debt.xml:454,qweb_text,,,
wujia_portal_debt,Hiện tại cửa hàng không có khoản cần thanh toán,The store currently has nothing to pay,,custom/wujia_portal_debt/views/portal_debt.xml:383,qweb_text,,,
wujia_portal_debt,Hóa đơn trong tuần,Invoices this week,,custom/wujia_portal_debt/views/portal_debt.xml:395,qweb_text,,,
wujia_portal_debt,"Hóa đơn, công nợ và thanh toán","Invoices, debts and payments",,custom/wujia_portal_debt/views/bottomnav_inherit.xml:38,qweb_text,,,
wujia_portal_debt,HĐ,Inv.,,custom/wujia_portal_debt/views/portal_debt.xml:255,qweb_text,,,
wujia_portal_debt,Hạn thanh toán,Payment due,,custom/wujia_portal_debt/views/portal_debt.xml:417,qweb_text,,,
wujia_portal_debt,Hạn thanh toán:,Payment due:,,custom/wujia_portal_debt/views/portal_debt.xml:152 | custom/wujia_portal_debt/views/portal_debt.xml:195 | custom/wujia_portal_debt/views/portal_debt.xml:359,qweb_text,,,
wujia_portal_debt,Không còn khoản cần thanh toán trong tuần,Nothing left to pay this week,,custom/wujia_portal_debt/views/portal_debt.xml:375,qweb_text,,,
wujia_portal_debt,Không có công nợ trong tuần,No debts this week,,custom/wujia_portal_debt/views/portal_debt.xml:149 | custom/wujia_portal_debt/views/portal_debt.xml:458,qweb_text,,,
wujia_portal_debt,Không có quyền xem,No permission to view,,custom/wujia_portal_debt/views/portal_debt.xml:838 | custom/wujia_portal_debt/views/portal_debt.xml:853,qweb_text,,,
wujia_portal_debt,Không sao chép được — chạm giữ vào giá trị để copy thủ công.,Couldn't copy — press and hold the value to copy it manually.,,custom/wujia_portal_debt/static/src/js/portal_debt.js:82,js_literal,,,
wujia_portal_debt,Kỳ được chọn chưa có khoản thanh toán nào được xác nhận.,The selected period has no confirmed payments.,,custom/wujia_portal_debt/views/portal_debt.xml:705,qweb_text,,,
wujia_portal_debt,Lịch sử thanh toán,Payment history,,custom/wujia_portal_debt/views/portal_debt.xml:40 | custom/wujia_portal_debt/views/portal_debt.xml:56 | custom/wujia_portal_debt/views/portal_debt.xml:503,qweb_text,,,
wujia_portal_debt,Lọc theo ngày thanh toán,Filtered by payment date,,custom/wujia_portal_debt/views/portal_debt.xml:647,qweb_text,,,
wujia_portal_debt,Mã hóa đơn,Invoice number,,custom/wujia_portal_debt/views/portal_debt.xml:415,qweb_text,,,
wujia_portal_debt,Mã thanh toán,Payment number,,custom/wujia_portal_debt/views/portal_debt.xml:678,qweb_text,,,
wujia_portal_debt,Một phần,Partial,,custom/wujia_portal_debt/models/wujia_portal_debt.py:50,py_literal,,,
wujia_portal_debt,Ngày HĐ,Invoice date,,custom/wujia_portal_debt/views/portal_debt.xml:416,qweb_text,,,
wujia_portal_debt,Ngày thanh toán,Payment date,,custom/wujia_portal_debt/views/portal_debt.xml:679,qweb_text,,,
wujia_portal_debt,Ngân hàng,Bank,,custom/wujia_portal_debt/models/wujia_portal_debt.py:405 | custom/wujia_portal_debt/views/portal_debt.xml:67 | custom/wujia_portal_debt/views/portal_debt.xml:746,"py_literal,qweb_text",,,
wujia_portal_debt,Nội dung chuyển khoản,Transfer description,,custom/wujia_portal_debt/views/portal_debt.xml:82,qweb_text,,,
wujia_portal_debt,Phương thức,Method,,custom/wujia_portal_debt/views/portal_debt.xml:680,qweb_text,,,
wujia_portal_debt,Portal / Công nợ,Portal / Debts,,custom/wujia_portal_debt/views/portal_debt.xml:296 | custom/wujia_portal_debt/views/portal_debt.xml:608 | custom/wujia_portal_debt/views/portal_debt.xml:800,qweb_text,,,
wujia_portal_debt,Quá hạn,Overdue,,custom/wujia_portal_debt/models/wujia_portal_debt.py:48,py_literal,,,
wujia_portal_debt,Sao chép nội dung chuyển khoản,Copy transfer description,,custom/wujia_portal_debt/views/portal_debt.xml:86 | custom/wujia_portal_debt/views/portal_debt.xml:767,qweb_attr,,,
wujia_portal_debt,Sao chép số tài khoản,Copy account number,,custom/wujia_portal_debt/views/portal_debt.xml:79 | custom/wujia_portal_debt/views/portal_debt.xml:758,qweb_attr,,,
wujia_portal_debt,Sau khi chuyển khoản,After the transfer,,custom/wujia_portal_debt/views/portal_debt.xml:90 | custom/wujia_portal_debt/views/portal_debt.xml:776,qweb_text,,,
wujia_portal_debt,SỐ TIỀN CẦN CHUYỂN,AMOUNT TO TRANSFER,,custom/wujia_portal_debt/views/portal_debt.xml:731,qweb_text,,,
wujia_portal_debt,Số tiền cần chuyển,Amount to transfer,,custom/wujia_portal_debt/views/portal_debt.xml:479,qweb_text,,,
wujia_portal_debt,Số tiền cần chuyển • tuần,Amount to transfer • week,,custom/wujia_portal_debt/views/portal_debt.xml:808,qweb_text,,,
wujia_portal_debt,Số tài khoản,Account number,,custom/wujia_portal_debt/views/portal_debt.xml:75 | custom/wujia_portal_debt/views/portal_debt.xml:754,qweb_text,,,
wujia_portal_debt,THÔNG TIN CHUYỂN KHOẢN,TRANSFER DETAILS,,custom/wujia_portal_debt/views/portal_debt.xml:740,qweb_text,,,
wujia_portal_debt,Tham chiếu,Reference,,custom/wujia_portal_debt/views/portal_debt.xml:681,qweb_text,,,
wujia_portal_debt,Thanh toán,Pay,,custom/wujia_portal_debt/views/portal_debt.xml:213,qweb_text,,,
wujia_portal_debt,Thanh toán công nợ,Pay debts,,custom/wujia_portal_debt/views/portal_debt.xml:470 | custom/wujia_portal_debt/views/portal_debt.xml:474 | custom/wujia_portal_debt/views/portal_debt.xml:719,"qweb_attr,qweb_text",,,
wujia_portal_debt,Thanh toán một phần,Partially paid,,custom/wujia_portal_debt/models/wujia_portal_debt.py:40,py_literal,,,
wujia_portal_debt,Thanh toán số còn lại,Pay remaining balance,,custom/wujia_portal_debt/views/portal_debt.xml:387,qweb_text,,,
wujia_portal_debt,Thu gọn,Show less,,custom/wujia_portal_debt/views/portal_debt.xml:278,qweb_text,,,
wujia_portal_debt,Thông tin chuyển khoản,Transfer details,,custom/wujia_portal_debt/views/portal_debt.xml:65,qweb_text,,,
wujia_portal_debt,Thời gian thanh toán,Payment period,,custom/wujia_portal_debt/views/portal_debt.xml:617 | custom/wujia_portal_debt/views/portal_debt.xml:619,"qweb_attr,qweb_text",,,
wujia_portal_debt,Tuần,Week,,custom/wujia_portal_debt/views/portal_debt.xml:136 | custom/wujia_portal_debt/views/portal_debt.xml:329 | custom/wujia_portal_debt/views/portal_debt.xml:732,qweb_text,,,
wujia_portal_debt,Tuần hóa đơn,Invoice week,,custom/wujia_portal_debt/views/portal_debt.xml:308 | custom/wujia_portal_debt/views/portal_debt.xml:310 | custom/wujia_portal_debt/views/portal_debt.xml:475,"qweb_attr,qweb_text",,,
wujia_portal_debt,Tuần được chọn chưa phát sinh hóa đơn,The selected week has no invoices,,custom/wujia_portal_debt/views/portal_debt.xml:382,qweb_text,,,
wujia_portal_debt,Tuần được chọn chưa phát sinh hóa đơn.,The selected week has no invoices.,,custom/wujia_portal_debt/views/portal_debt.xml:150,qweb_text,,,
wujia_portal_debt,Tìm kiếm,Search,,custom/wujia_portal_debt/views/portal_debt.xml:633,qweb_text,,,
wujia_portal_debt,"Tìm mã thanh toán, tham chiếu…","Search payment number, reference…",,custom/wujia_portal_debt/views/portal_debt.xml:631,qweb_attr,,,
wujia_portal_debt,Tổng giá trị hóa đơn,Total invoice value,,custom/wujia_portal_debt/views/portal_debt.xml:200 | custom/wujia_portal_debt/views/portal_debt.xml:345,qweb_text,,,
wujia_portal_debt,Tổng thanh toán trong thời gian lọc:,Total paid in selected period:,,custom/wujia_portal_debt/views/portal_debt.xml:672,qweb_text,,,
wujia_portal_debt,Tổng đã xác nhận:,Total confirmed:,,custom/wujia_portal_debt/views/portal_debt.xml:594,qweb_text,,,
wujia_portal_debt,Vui lòng liên hệ bộ phận hỗ trợ để được hướng dẫn chuyển khoản.,Please contact support for transfer instructions.,,custom/wujia_portal_debt/views/portal_debt.xml:790,qweb_text,,,
wujia_portal_debt,Vui lòng liên hệ chủ tiệm hoặc quản lý.,Please contact the store owner or manager.,,custom/wujia_portal_debt/views/portal_debt.xml:840,qweb_text,,,
wujia_portal_debt,Về trang công nợ,Back to debts,,custom/wujia_portal_debt/views/portal_debt.xml:816,qweb_text,,,
wujia_portal_debt,Wujia Home — KPI Công nợ trỏ /portal/debt,Wujia Home — Debts KPI links to /portal/debt,,custom/wujia_portal_debt/views/home_kpi_inherit.xml:15,qweb_attr,attr `name` Odoo không dịch ⇒ <t t-set> (quy ước §6),,
wujia_portal_debt,Wujia Mobile — Sheet Thêm: dòng Công nợ,Wujia Mobile — More sheet: Debts row,,custom/wujia_portal_debt/views/bottomnav_inherit.xml:20,qweb_attr,attr `name` Odoo không dịch ⇒ <t t-set> (quy ước §6),,
wujia_portal_debt,Wujia Portal — Công nợ & thanh toán,Wujia Portal — Debts & payments,,custom/wujia_portal_debt/__manifest__.py:2,py_literal,,,
wujia_portal_debt,"Wujia Portal — Công nợ & thanh toán =================================== Dựng 7 màn Figma ``WJ_Debt_..._MVP_v31`` (page Dashboard, node 5013). **Sprint 43** — UI-only (seam ``wujia.portal.debt`` trả dict thuần, 0 query). **Sprint 48** — wire backend thật (BA task Tasks!STT9, Controller CT-050..CT-055): seam đọc ``account.move``/``account.payment`` scope theo ``franchise_id`` (3 field custom ở module ``wujia_account``), badge công nợ dùng field store perf, controller chặn Staff. Template/CSS/JS KHÔNG đổi — chỉ ruột seam + controller guard. **Sprint 49** — giao diện PC 1920×1080 (BA task Tasks!STT10, Figma ``WJ_Debt_PC_MVP_v1_1`` node 5077): khối desktop ``.wj-debt-pc`` (d-none d-lg-block) bám hệ ``wj-pc-*``/shell ``pc_source_ui_v1_5`` — tab Công nợ/Lịch sử, filter, summary 3 cột (5 biến thể state), bảng hoá đơn phân trang, empty box, modal QR. Mobile giữ nguyên (bọc ``d-lg-none``). Seam mở rộng **additive** (mỗi hoá đơn thêm ``total/paid/remaining``; ``get_payments`` thêm ``keyword``) + controller thêm context PC — KHÔNG đổi field/rule/migration.",Manifest description (rewritten by hand),,custom/wujia_portal_debt/__manifest__.py:6,py_literal,,,
wujia_portal_debt,Wujia Portal — Công nợ không có quyền,Wujia Portal — Debts no permission,,custom/wujia_portal_debt/views/portal_debt.xml:826,qweb_attr,attr `name` Odoo không dịch ⇒ <t t-set> (quy ước §6),,
wujia_portal_debt,Wujia Portal — Công nợ tổng quan,Wujia Portal — Debts overview,,custom/wujia_portal_debt/views/portal_debt.xml:104,qweb_attr,attr `name` Odoo không dịch ⇒ <t t-set> (quy ước §6),,
wujia_portal_debt,Wujia Portal — Lịch sử thanh toán,Wujia Portal — Payment history,,custom/wujia_portal_debt/views/portal_debt.xml:500,qweb_attr,attr `name` Odoo không dịch ⇒ <t t-set> (quy ước §6),,
wujia_portal_debt,Wujia Portal — Thanh toán công nợ,Wujia Portal — Pay debts,,custom/wujia_portal_debt/views/portal_debt.xml:716,qweb_attr,attr `name` Odoo không dịch ⇒ <t t-set> (quy ước §6),,
wujia_portal_debt,Wujia Sidenav — Công nợ & thanh toán,Wujia Sidenav — Debts & payments,,custom/wujia_portal_debt/views/sidenav_inherit.xml:9,qweb_attr,attr `name` Odoo không dịch ⇒ <t t-set> (quy ước §6),,
wujia_portal_debt,Xem các giao dịch đã xác nhận,View confirmed transactions,,custom/wujia_portal_debt/views/portal_debt.xml:41,qweb_text,,,
wujia_portal_debt,Xem thêm,See,,custom/wujia_portal_debt/views/portal_debt.xml:226,qweb_text,,,
wujia_portal_debt,"dict(STATE_BADGE, empty_week=('Không phát sinh', 'wj-status-badge--neutral'), no_debt=('Không có công nợ', 'wj-status-badge--success'))",No transactions | No debt,,custom/wujia_portal_debt/views/portal_debt.xml:291,qweb_expr,,,
wujia_portal_debt,giao dịch,transactions,,custom/wujia_portal_debt/controllers/portal.py:143 | custom/wujia_portal_debt/views/portal_debt.xml:542 | custom/wujia_portal_debt/views/portal_debt.xml:658,"py_literal,qweb_text",,,
wujia_portal_debt,hóa đơn,invoices,,custom/wujia_portal_debt/controllers/portal.py:104 | custom/wujia_portal_debt/views/portal_debt.xml:120 | custom/wujia_portal_debt/views/portal_debt.xml:229,"py_literal,qweb_text",,,
wujia_portal_debt,hóa đơn chưa thanh toán,unpaid invoices,,custom/wujia_portal_debt/views/portal_debt.xml:373,qweb_text,,,
wujia_portal_debt,hóa đơn còn số dư,invoices with a balance,,custom/wujia_portal_debt/views/portal_debt.xml:370,qweb_text,,,
wujia_portal_debt,hóa đơn quá hạn,overdue invoices,,custom/wujia_portal_debt/views/portal_debt.xml:367,qweb_text,,,
wujia_portal_debt,hóa đơn •,invoices •,,custom/wujia_portal_debt/views/portal_debt.xml:367,qweb_text,,,
wujia_portal_debt,hóa đơn • Hạn gần nhất,invoices • Nearest due,,custom/wujia_portal_debt/views/portal_debt.xml:181,qweb_text,,,
wujia_portal_debt,hóa đơn ›,more invoices ›,,custom/wujia_portal_debt/views/portal_debt.xml:226,qweb_text,,,
wujia_portal_debt,không còn khoản cần thanh toán.,has nothing left to pay.,,custom/wujia_portal_debt/views/portal_debt.xml:136 | custom/wujia_portal_debt/views/portal_debt.xml:329,qweb_text,,,
wujia_portal_debt,quá hạn,overdue,,custom/wujia_portal_debt/views/bottomnav_inherit.xml:35,qweb_text,,,
wujia_portal_debt,tỷ,B,,custom/wujia_portal_debt/models/wujia_portal_debt.py:101,py_literal,,,
wujia_portal_debt,{brand} xác nhận ngày,Confirmed by {brand} on,,custom/wujia_portal_debt/views/portal_debt.xml:187 | custom/wujia_portal_debt/views/portal_debt.xml:358 | custom/wujia_portal_debt/views/portal_debt.xml:379,qweb_text,,,
wujia_portal_debt,Đã sao chép,Copied,,custom/wujia_portal_debt/static/src/js/portal_debt.js:81,js_literal,,,
wujia_portal_debt,Đã thanh toán,Paid,,custom/wujia_portal_debt/models/wujia_portal_debt.py:43 | custom/wujia_portal_debt/models/wujia_portal_debt.py:52 | custom/wujia_portal_debt/views/portal_debt.xml:204,"py_literal,qweb_text",,,
wujia_portal_debt,Đã thanh toán toàn bộ hóa đơn trong tuần,All invoices this week are paid,,custom/wujia_portal_debt/views/portal_debt.xml:190 | custom/wujia_portal_debt/views/portal_debt.xml:380,qweb_text,,,
wujia_portal_debt,Đã xác nhận •,Confirmed •,,custom/wujia_portal_debt/views/portal_debt.xml:249,qweb_text,,,
wujia_portal_debt,được khấu trừ kỳ sau,to be deducted next period,,custom/wujia_portal_debt/views/portal_debt.xml:193 | custom/wujia_portal_debt/views/portal_debt.xml:357,qweb_text,,,
wujia_portal_debt,• Hạn,• Due,,custom/wujia_portal_debt/views/portal_debt.xml:255,qweb_text,,,
"wujia_portal_debt, wujia_portal_delivery, wujia_portal_exam, wujia_portal_layout, wujia_portal_notification, wujia_portal_sale",Thao tác,Actions,,custom/wujia_portal_debt/views/portal_debt.xml:422 | custom/wujia_portal_delivery/views/portal_delivery.xml:67 | custom/wujia_portal_exam/views/portal_exam.xml:98,qweb_text,,,
"wujia_portal_debt, wujia_portal_layout",Hiển thị,Showing,,custom/wujia_portal_debt/views/portal_debt.xml:274 | custom/wujia_portal_layout/views/wj_pagination.xml:13,qweb_text,,,
"wujia_portal_debt, wujia_portal_layout",Nội dung,Content,,custom/wujia_portal_debt/views/portal_debt.xml:763 | custom/wujia_portal_layout/views/pc_preview.xml:118,qweb_text,,,
"wujia_portal_debt, wujia_portal_layout",Số tiền,Amount,,custom/wujia_portal_debt/views/portal_debt.xml:584 | custom/wujia_portal_debt/views/portal_debt.xml:682 | custom/wujia_portal_layout/views/pc_preview.xml:119,qweb_text,,,
"wujia_portal_debt, wujia_portal_purchase_history",Chưa chọn cửa hàng,No store selected,,custom/wujia_portal_debt/views/portal_debt.xml:145 | custom/wujia_portal_debt/views/portal_debt.xml:335 | custom/wujia_portal_debt/views/portal_debt.xml:638,qweb_text,,,
"wujia_portal_debt, wujia_portal_purchase_history, wujia_portal_report, wujia_portal_sale",Tổng tiền,Total amount,,custom/wujia_portal_debt/views/portal_debt.xml:418 | custom/wujia_portal_purchase_history/views/portal_history.xml:60 | custom/wujia_portal_purchase_history/views/portal_history.xml:137,"py_literal,qweb_text",,,
wujia_portal_delivery,(thực tế),(actual),,custom/wujia_portal_delivery/views/portal_delivery.xml:77,qweb_text,,,
wujia_portal_delivery,0 chuyến,0 trips,,custom/wujia_portal_delivery/views/portal_delivery.xml:36,qweb_text,,,
wujia_portal_delivery,Biển số,License plate,,custom/wujia_portal_delivery/views/portal_delivery.xml:65 | custom/wujia_portal_delivery/views/portal_delivery.xml:420 | custom/wujia_portal_delivery/views/portal_delivery.xml:553,qweb_text,,,
wujia_portal_delivery,Chi tiết giao hàng,Delivery details,,custom/wujia_portal_delivery/views/portal_delivery.xml:367 | custom/wujia_portal_delivery/views/portal_delivery.xml:512,qweb_text,,,
wujia_portal_delivery,Chuyến giao cho,Trip for,,custom/wujia_portal_delivery/views/portal_delivery.xml:378,qweb_text,,,
wujia_portal_delivery,Chuyến xe,Vehicle trip,,custom/wujia_portal_delivery/views/portal_delivery.xml:521,qweb_text,,,
wujia_portal_delivery,Chưa có cửa hàng,No store yet,,custom/wujia_portal_delivery/views/portal_delivery.xml:275,qweb_text,,,
wujia_portal_delivery,Chưa có sản phẩm trong chuyến.,No products in this trip yet.,,custom/wujia_portal_delivery/views/portal_delivery.xml:500 | custom/wujia_portal_delivery/views/portal_delivery.xml:576,qweb_text,,,
wujia_portal_delivery,Cập nhật:,Updated:,,custom/wujia_portal_delivery/views/portal_delivery.xml:533,qweb_text,,,
wujia_portal_delivery,Danh sách chuyến giao,Delivery trips,,custom/wujia_portal_delivery/views/portal_delivery.xml:27,qweb_text,,,
wujia_portal_delivery,"Dạng bảng để đối chiếu nhanh tên sản phẩm, số lượng và đơn vị tính.","Table view to quickly check product names, quantities and units.",,custom/wujia_portal_delivery/views/portal_delivery.xml:477,qweb_text,,,
wujia_portal_delivery,Giao hàng / Chi tiết chuyến giao,Delivery / Trip details,,custom/wujia_portal_delivery/views/portal_delivery.xml:366,qweb_text,,,
wujia_portal_delivery,Giờ xuất phát,Departs at,,custom/wujia_portal_delivery/views/portal_delivery.xml:61,qweb_text,,,
wujia_portal_delivery,Hãy đổi bộ lọc hoặc kiểm tra lại sau.,Change the filters or check again later.,,custom/wujia_portal_delivery/views/portal_delivery.xml:188,qweb_text,,,
wujia_portal_delivery,Kho xuất,Source warehouse,,custom/wujia_portal_delivery/views/portal_delivery.xml:427,qweb_text,,,
wujia_portal_delivery,Không có chuyến giao,No delivery trips,,custom/wujia_portal_delivery/views/portal_delivery.xml:113 | custom/wujia_portal_delivery/views/portal_delivery.xml:186,qweb_text,,,
wujia_portal_delivery,Không tìm thấy chuyến giao trong khoảng ngày đã chọn.,No delivery trips found in the selected date range.,,custom/wujia_portal_delivery/views/portal_delivery.xml:114 | custom/wujia_portal_delivery/views/portal_delivery.xml:187,qweb_text,,,
wujia_portal_delivery,Không tải được dữ liệu,Could not load data,,custom/wujia_portal_delivery/views/portal_delivery.xml:195,qweb_text,,,
wujia_portal_delivery,Không tải được dữ liệu giao hàng,Could not load delivery data,,custom/wujia_portal_delivery/views/portal_delivery.xml:121,qweb_text,,,
wujia_portal_delivery,Mã chuyến,Trip code,,custom/wujia_portal_delivery/views/portal_delivery.xml:60,qweb_text,,,
wujia_portal_delivery,Mã lô:,Batch:,,custom/wujia_portal_delivery/controllers/portal.py:336,py_literal,,,
wujia_portal_delivery,Mới nhất trước,Newest first,,custom/wujia_portal_delivery/views/portal_delivery.xml:148,qweb_text,,,
wujia_portal_delivery,STT,No.,,custom/wujia_portal_delivery/views/portal_delivery.xml:492,qweb_text,viết tắt scanner bỏ sót,,
wujia_portal_delivery,Sản phẩm trong chuyến,Products in trip,,custom/wujia_portal_delivery/views/portal_delivery.xml:476 | custom/wujia_portal_delivery/views/portal_delivery.xml:559,qweb_text,,,
wujia_portal_delivery,Sắp giao,Delivering soon,,custom/wujia_portal_delivery/controllers/portal.py:47 | custom/wujia_portal_delivery/controllers/portal.py:48 | custom/wujia_portal_delivery/controllers/portal.py:49,"py_literal,qweb_text",,,
wujia_portal_delivery,Theo dõi chuyến giao hàng portal — list batch + detail (desktop + mobile Figma 4731),Portal delivery trip tracking — batch list + detail (desktop + mobile Figma 4731),,custom/wujia_portal_delivery/__manifest__.py:5,py_literal,,,
wujia_portal_delivery,Theo dõi giao hàng,Delivery tracking,,custom/wujia_portal_delivery/views/portal_delivery.xml:258,qweb_text,,,
wujia_portal_delivery,Thông tin chuyến,Trip information,,custom/wujia_portal_delivery/views/portal_delivery.xml:537,qweb_text,,,
wujia_portal_delivery,Thông tin vận chuyển,Transport information,,custom/wujia_portal_delivery/views/portal_delivery.xml:408,qweb_text,,,
wujia_portal_delivery,Tên sản phẩm,Product name,,custom/wujia_portal_delivery/views/portal_delivery.xml:487 | custom/wujia_portal_delivery/views/portal_delivery.xml:565,qweb_text,,,
wujia_portal_delivery,Tải danh sách,Download list,,custom/wujia_portal_delivery/views/portal_delivery.xml:480,qweb_text,,,
wujia_portal_delivery,Vui lòng kiểm tra kết nối hoặc thử tải lại.,Please check your connection or try reloading.,,custom/wujia_portal_delivery/views/portal_delivery.xml:196,qweb_text,,,
wujia_portal_delivery,Vui lòng thử tải lại hoặc kiểm tra kết nối.,Please try reloading or check your connection.,,custom/wujia_portal_delivery/views/portal_delivery.xml:122,qweb_text,,,
wujia_portal_delivery,Wujia Mobile — tab Giao hàng,Wujia Mobile — Delivery tab,,custom/wujia_portal_delivery/views/bottomnav_inherit.xml:8,qweb_attr,attr `name` Odoo không dịch ⇒ <t t-set> (quy ước §6),,
wujia_portal_delivery,Wujia Sidenav — Giao hàng,Wujia Sidenav — Delivery,,custom/wujia_portal_delivery/views/sidenav_inherit.xml:9,qweb_attr,attr `name` Odoo không dịch ⇒ <t t-set> (quy ước §6),,
wujia_portal_delivery,Xe / tài xế,Vehicle / driver,,custom/wujia_portal_delivery/views/portal_delivery.xml:413 | custom/wujia_portal_delivery/views/portal_delivery.xml:546,qweb_text,,,
wujia_portal_delivery,Xe · tài xế,Vehicle · driver,,custom/wujia_portal_delivery/views/portal_delivery.xml:64,qweb_text,,,
wujia_portal_delivery,Xuất kho,Dispatched,,custom/wujia_portal_delivery/views/portal_delivery.xml:452,qweb_text,,,
wujia_portal_delivery,chuyến,trips,,custom/wujia_portal_delivery/controllers/portal.py:193 | custom/wujia_portal_delivery/views/portal_delivery.xml:147,"py_literal,qweb_text",,,
wujia_portal_delivery,chuyến · Mới nhất trước,trips · Newest first,,custom/wujia_portal_delivery/views/portal_delivery.xml:35,qweb_text,,,
wujia_portal_delivery,Đang tải dữ liệu...,Loading data...,,custom/wujia_portal_delivery/views/portal_delivery.xml:34,qweb_text,,,
wujia_portal_delivery,Đang tải dữ liệu…,Loading data…,,custom/wujia_portal_delivery/views/portal_delivery.xml:203,qweb_text,,,
wujia_portal_delivery,Đã giao,Delivered,,custom/wujia_portal_delivery/controllers/portal.py:51 | custom/wujia_portal_delivery/views/portal_delivery.xml:49 | custom/wujia_portal_delivery/views/portal_delivery.xml:137,"py_literal,qweb_text",,,
wujia_portal_delivery,Đơn liên quan,Related orders,,custom/wujia_portal_delivery/views/portal_delivery.xml:62 | custom/wujia_portal_delivery/views/portal_delivery.xml:171 | custom/wujia_portal_delivery/views/portal_delivery.xml:393,qweb_text,,,
wujia_portal_delivery,Đổi bộ lọc,Change filters,,custom/wujia_portal_delivery/views/portal_delivery.xml:115,qweb_text,,,
"wujia_portal_delivery, wujia_portal_exam, wujia_portal_knowledge, wujia_portal_notification, wujia_portal_sale, wujia_portal_support",Tất cả,All,,custom/wujia_portal_delivery/views/portal_delivery.xml:43 | custom/wujia_portal_delivery/views/portal_delivery.xml:131 | custom/wujia_portal_exam/views/portal_exam.xml:660,qweb_text,,,
"wujia_portal_delivery, wujia_portal_info_request, wujia_portal_return",Bạn chưa được gán vào cửa hàng nào.,You have not been assigned to any store.,,custom/wujia_portal_delivery/views/portal_delivery.xml:276 | custom/wujia_portal_delivery/views/portal_delivery.xml:320 | custom/wujia_portal_info_request/views/portal_info_request_list.xml:28,qweb_text,,,
"wujia_portal_delivery, wujia_portal_knowledge",Cập nhật,Updated on,,custom/wujia_portal_delivery/views/portal_delivery.xml:66 | custom/wujia_portal_delivery/views/portal_delivery.xml:397 | custom/wujia_portal_knowledge/views/portal_knowledge.xml:207,qweb_text,,,
"wujia_portal_delivery, wujia_portal_knowledge, wujia_portal_notification, wujia_portal_purchase_history",Tải lại,Reload,,custom/wujia_portal_delivery/views/portal_delivery.xml:124 | custom/wujia_portal_delivery/views/portal_delivery.xml:197 | custom/wujia_portal_knowledge/views/portal_knowledge.xml:178,qweb_text,,,
"wujia_portal_delivery, wujia_portal_knowledge, wujia_portal_notification, wujia_portal_purchase_history, wujia_portal_return, wujia_portal_support",Xóa lọc,Clear filters,,custom/wujia_portal_delivery/views/portal_delivery.xml:189 | custom/wujia_portal_knowledge/views/portal_knowledge.xml:177 | custom/wujia_portal_notification/views/portal_notification.xml:132,qweb_text,,,
"wujia_portal_delivery, wujia_portal_layout",Hoàn tất,Finished,,custom/wujia_portal_delivery/views/portal_delivery.xml:464 | custom/wujia_portal_layout/views/pc_preview.xml:40 | custom/wujia_portal_layout/views/pc_preview.xml:74,qweb_text,,,
"wujia_portal_delivery, wujia_portal_notification",Xem,View,,custom/wujia_portal_delivery/views/portal_delivery.xml:86 | custom/wujia_portal_notification/views/portal_notification.xml:95,qweb_text,chữ không dấu scanner bỏ sót; không dấu — vn_hardcode_scan bỏ sót (J-V7),,
"wujia_portal_delivery, wujia_portal_purchase_history, wujia_portal_report, wujia_portal_sale",Số lượng,Quantity,,custom/wujia_portal_delivery/views/portal_delivery.xml:488 | custom/wujia_portal_purchase_history/views/portal_history.xml:445 | custom/wujia_portal_report/views/portal_report_orders.xml:321,qweb_text,,,
"wujia_portal_delivery, wujia_portal_return, wujia_portal_sale",ĐVT,UoM,,custom/wujia_portal_delivery/views/portal_delivery.xml:489 | custom/wujia_portal_delivery/views/portal_delivery.xml:567 | custom/wujia_portal_return/views/portal_return_detail.xml:119,qweb_text,,,
wujia_portal_exam,%02d người,%02d people,,custom/wujia_portal_exam/controllers/portal.py:530,py_literal,,,
wujia_portal_exam,%d Không đạt,%d Fail,,custom/wujia_portal_exam/controllers/portal.py:129,py_literal,,,
wujia_portal_exam,%d không đạt,%d failed,,custom/wujia_portal_exam/controllers/portal.py:429,py_literal,,,
wujia_portal_exam,%d kỳ thi • Trong %d ngày tới,%d sessions • In the next %d days,,custom/wujia_portal_exam/controllers/portal.py:196,py_literal,,,
wujia_portal_exam,%d nhân sự,%d participants,,custom/wujia_portal_exam/controllers/portal.py:414 | custom/wujia_portal_exam/controllers/portal.py:430,py_literal,,,
wujia_portal_exam,%d nhân sự%s,%d participants%s,,custom/wujia_portal_exam/controllers/portal.py:474,py_literal,,,
wujia_portal_exam,%d Đạt,%d Pass,,custom/wujia_portal_exam/controllers/portal.py:127,py_literal,,,
wujia_portal_exam,%d đạt,%d passed,,custom/wujia_portal_exam/controllers/portal.py:427,py_literal,,,
wujia_portal_exam,Bước 1/4,Step 1/4,,custom/wujia_portal_exam/views/portal_exam.xml:656,qweb_text,,,
wujia_portal_exam,Bước 2/4,Step 2/4,,custom/wujia_portal_exam/views/portal_exam.xml:707,qweb_text,,,
wujia_portal_exam,Bước 3/4,Step 3/4,,custom/wujia_portal_exam/views/portal_exam.xml:781,qweb_text,,,
wujia_portal_exam,Bước 4/4,Step 4/4,,custom/wujia_portal_exam/views/portal_exam.xml:851,qweb_text,,,
wujia_portal_exam,"Bấm ""Đăng ký mới"" để tạo phiếu đầu tiên.","Click ""New registration"" to create the first one.",,custom/wujia_portal_exam/views/portal_exam.xml:81,qweb_text,,,
wujia_portal_exam,Bắt buộc,Required,,custom/wujia_portal_exam/views/portal_exam.xml:810,qweb_text,,,
wujia_portal_exam,Ca còn:,Seats left in slot:,,custom/wujia_portal_exam/static/src/js/portal_exam_pc.js:293 | custom/wujia_portal_exam/static/src/js/portal_exam_pc.js:473,js_literal,,,
wujia_portal_exam,Ca thi không còn đủ 2 chỗ.,The time slot no longer has 2 seats left.,,custom/wujia_portal_exam/views/portal_exam.xml:362,qweb_text,,,
wujia_portal_exam,Chi tiết đăng ký,Registration detail,,custom/wujia_portal_exam/views/portal_exam.xml:1083,qweb_text,,,
wujia_portal_exam,Chi tiết đăng ký thi,Exam registration details,,custom/wujia_portal_exam/views/portal_exam.xml:942,qweb_text,,,
wujia_portal_exam,Chưa chọn khung giờ thi.,No exam time slot selected.,,custom/wujia_portal_exam/static/src/js/portal_exam_pc.js:504,js_literal,,,
wujia_portal_exam,Chưa chọn ảnh,No photo selected,,custom/wujia_portal_exam/static/src/js/portal_exam_pc.js:360,js_literal,,,
wujia_portal_exam,Chưa có,None yet,,custom/wujia_portal_exam/controllers/portal.py:69,py_literal,,,
wujia_portal_exam,Chưa có khóa thi,No exam course yet,,custom/wujia_portal_exam/controllers/portal.py:297 | custom/wujia_portal_exam/controllers/portal.py:310,py_literal,,,
wujia_portal_exam,Chưa có kết quả,No result yet,,custom/wujia_portal_exam/views/portal_exam.xml:1053,qweb_text,,,
wujia_portal_exam,Chưa có người dự thi,No participants yet,,custom/wujia_portal_exam/views/portal_exam.xml:1020,qweb_text,,,
wujia_portal_exam,Chưa có người tham gia.,No participants yet.,,custom/wujia_portal_exam/static/src/js/portal_exam_pc.js:509,js_literal,,,
wujia_portal_exam,"Chưa có người tham gia. Bấm ""Thêm người"" để nhập.","No participants yet. Click ""Add person"" to add one.",,custom/wujia_portal_exam/views/portal_exam.xml:415,qweb_text,,,
wujia_portal_exam,Chưa có phiếu đăng ký thi,No exam registrations yet,,custom/wujia_portal_exam/views/portal_exam.xml:80,qweb_text,,,
wujia_portal_exam,Chưa có đăng ký thi,No exam registrations,,custom/wujia_portal_exam/views/portal_exam.xml:161,qweb_text,,,
wujia_portal_exam,Chưa có ảnh,No photo,,custom/wujia_portal_exam/static/src/js/portal_exam_pc.js:331,js_literal,,,
wujia_portal_exam,Chưa công bố,Unpublished,,custom/wujia_portal_exam/controllers/portal.py:68 | custom/wujia_portal_exam/controllers/portal.py:123,py_literal,,,
wujia_portal_exam,Chỉnh sửa người tham gia,Edit participant,,custom/wujia_portal_exam/static/src/js/portal_exam_pc.js:378,js_literal,,,
wujia_portal_exam,Chọn,Select,,custom/wujia_portal_exam/views/portal_exam.xml:689,qweb_text,,,
wujia_portal_exam,Chọn khung giờ,Choose time slot,,custom/wujia_portal_exam/views/portal_exam.xml:912,qweb_text,,,
wujia_portal_exam,Chọn khung giờ khác,Pick another time slot,,custom/wujia_portal_exam/views/portal_exam.xml:366,qweb_text,,,
wujia_portal_exam,Chọn khóa còn lịch để tiếp tục,Choose a course with open sessions to continue,,custom/wujia_portal_exam/views/portal_exam.xml:654,qweb_text,,,
wujia_portal_exam,Chọn khóa thi,Choose exam course,,custom/wujia_portal_exam/views/portal_exam.xml:653,qweb_text,,,
wujia_portal_exam,Chọn khóa thi để xem giới hạn người mỗi phiếu.,Choose an exam course to see the limit of people per registration.,,custom/wujia_portal_exam/controllers/portal.py:142 | custom/wujia_portal_exam/static/src/js/portal_exam_pc.js:306,"js_literal,py_gettext",,,
wujia_portal_exam,"Chọn khóa thi, lịch thi và nhập người tham gia.","Choose the exam course and schedule, then enter the participants.",,custom/wujia_portal_exam/views/portal_exam.xml:243,qweb_text,,,
wujia_portal_exam,Chọn lịch thi,Choose exam schedule,,custom/wujia_portal_exam/views/portal_exam.xml:268 | custom/wujia_portal_exam/views/portal_exam.xml:704,qweb_text,,,
wujia_portal_exam,Chọn một ngày có lịch để xem khung giờ.,Pick a day with sessions to see its time slots.,,custom/wujia_portal_exam/static/src/js/portal_exam_pc.js:181 | custom/wujia_portal_exam/static/src/js/portal_exam_pc.js:187 | custom/wujia_portal_exam/static/src/js/portal_exam_pc.js:629,"js_literal,qweb_text",,,
wujia_portal_exam,"Chọn một ngày có lịch, sau đó chọn khung giờ còn chỗ.","Pick a day with sessions, then pick a time slot with seats left.",,custom/wujia_portal_exam/views/portal_exam.xml:269,qweb_text,,,
wujia_portal_exam,Chọn ngày còn chỗ để xem khung giờ thi.,Pick a day with seats left to see the exam time slots.,,custom/wujia_portal_exam/views/portal_exam.xml:766,qweb_text,,,
wujia_portal_exam,Chọn ngày có lịch trong 60 ngày tiếp theo,Pick a day with sessions in the next 60 days,,custom/wujia_portal_exam/views/portal_exam.xml:705,qweb_text,,,
wujia_portal_exam,Chọn ngày khác,Pick another day,,custom/wujia_portal_exam/views/portal_exam.xml:352,qweb_text,,,
wujia_portal_exam,Chỗ còn lại của ca,Seats left in slot,,custom/wujia_portal_exam/views/portal_exam.xml:471,qweb_text,,,
wujia_portal_exam,Chờ duyệt,Awaiting approval,,custom/wujia_portal_exam/controllers/portal.py:51,py_literal,,,
wujia_portal_exam,Chờ kết quả,Awaiting result,,custom/wujia_portal_exam/views/portal_exam.xml:1143,qweb_text,,,
wujia_portal_exam,Chủ nhật,Sunday,,custom/wujia_portal_exam/controllers/portal.py:47,py_literal,,,
wujia_portal_exam,Chức vụ,Job title,,custom/wujia_portal_exam/views/portal_exam.xml:407 | custom/wujia_portal_exam/views/portal_exam.xml:520 | custom/wujia_portal_exam/views/portal_exam.xml:613,"qweb_attr,qweb_text",,,
wujia_portal_exam,Chức vụ:,Job title:,,custom/wujia_portal_exam/static/src/js/portal_exam_wizard.js:292,js_literal,,,
wujia_portal_exam,Còn %d chỗ,%d seats left,,custom/wujia_portal_exam/controllers/portal.py:178,py_literal,,,
wujia_portal_exam,Còn chỗ,Seats left,,custom/wujia_portal_exam/views/portal_exam.xml:289 | custom/wujia_portal_exam/views/portal_exam.xml:726,qweb_text,,,
wujia_portal_exam,Còn lịch,Slots available,,custom/wujia_portal_exam/controllers/portal.py:274 | custom/wujia_portal_exam/views/portal_exam.xml:662,"py_literal,qweb_text",,,
wujia_portal_exam,Có kết quả,Result available,,custom/wujia_portal_exam/controllers/portal.py:411 | custom/wujia_portal_exam/controllers/portal.py:463,py_literal,,,
wujia_portal_exam,Có lỗi kết nối. Vui lòng thử lại.,Connection error. Please try again.,,custom/wujia_portal_exam/static/src/js/portal_exam_wizard.js:507,js_literal,,,
wujia_portal_exam,Cần họ tên và số điện thoại.,Full name and phone number are required.,,custom/wujia_portal_exam/static/src/js/portal_exam_wizard.js:251,js_literal,,,
wujia_portal_exam,Cần khung giờ và ít nhất 1 người dự thi.,A time slot and at least 1 participant are required.,,custom/wujia_portal_exam/static/src/js/portal_exam_pc.js:533,js_literal,,,
wujia_portal_exam,Cửa hàng chỉ có thể xem lý do; MVP không sửa hoặc gửi lại từ phiếu này.,The store can only view the reason; this registration cannot be edited or resubmitted.,,custom/wujia_portal_exam/controllers/portal.py:510,py_literal,,,
wujia_portal_exam,Danh sách người và ảnh vẫn được giữ lại.,Your participants and photos are kept.,,custom/wujia_portal_exam/views/portal_exam.xml:363,qweb_text,,,
wujia_portal_exam,Danh sách người và ảnh vẫn được giữ lại. Hãy chọn lại khung giờ.,Your participants and photos are kept. Please choose the time slot again.,,custom/wujia_portal_exam/static/src/js/portal_exam_pc.js:554,js_literal,,,
wujia_portal_exam,Danh sách nhân sự,Participant list,,custom/wujia_portal_exam/views/portal_exam.xml:799 | custom/wujia_portal_exam/views/portal_exam.xml:1121,qweb_text,,,
wujia_portal_exam,Dữ liệu đã nhập được giữ lại nếu có lỗi.,Entered data is kept if an error occurs.,,custom/wujia_portal_exam/views/portal_exam.xml:484,qweb_text,,,
wujia_portal_exam,Ghi chú (không bắt buộc),Note (optional),,custom/wujia_portal_exam/views/portal_exam.xml:387,qweb_text,,,
wujia_portal_exam,Ghi chú kết quả,Result note,,custom/wujia_portal_exam/views/portal_exam.xml:1031 | custom/wujia_portal_exam/views/portal_exam.xml:1153,qweb_text,,,
wujia_portal_exam,Giới hạn mỗi phiếu,Limit per registration,,custom/wujia_portal_exam/views/portal_exam.xml:467,qweb_text,,,
wujia_portal_exam,Gửi yêu cầu đăng ký,Submit registration request,,custom/wujia_portal_exam/views/portal_exam.xml:569 | custom/wujia_portal_exam/views/portal_exam.xml:573,"qweb_attr,qweb_text",,,
wujia_portal_exam,Hiện chưa có đăng ký nào để hiển thị.,There are no registrations to show yet.,,custom/wujia_portal_exam/views/portal_exam.xml:162,qweb_text,,,
wujia_portal_exam,Hoặc kéo thả ảnh mới,Or drag and drop a new photo,,custom/wujia_portal_exam/views/portal_exam.xml:540,qweb_text,,,
wujia_portal_exam,Hãy chuyển sang tháng khác.,Try another month.,,custom/wujia_portal_exam/views/portal_exam.xml:332,qweb_text,,,
wujia_portal_exam,Hãy chọn ngày và khung giờ còn chỗ trước khi gửi yêu cầu.,Pick a day and a time slot with seats left before submitting.,,custom/wujia_portal_exam/static/src/js/portal_exam_pc.js:505,js_literal,,,
wujia_portal_exam,Hãy kiểm tra họ tên và số điện thoại trước khi thêm.,Check the full name and phone number before adding.,,custom/wujia_portal_exam/views/portal_exam.xml:552,qweb_text,,,
wujia_portal_exam,Hãy thêm ít nhất 1 người dự thi.,Add at least 1 participant.,,custom/wujia_portal_exam/static/src/js/portal_exam_pc.js:510,js_literal,,,
wujia_portal_exam,Hạn đăng ký,Registration deadline,,custom/wujia_portal_exam/views/portal_exam.xml:456 | custom/wujia_portal_exam/views/portal_exam.xml:592,qweb_text,,,
wujia_portal_exam,Hạn đăng ký:,Registration deadline:,,custom/wujia_portal_exam/views/portal_exam.xml:354,qweb_text,,,
wujia_portal_exam,Hết chỗ,Fully booked,,custom/wujia_portal_exam/controllers/portal.py:146 | custom/wujia_portal_exam/controllers/portal.py:275 | custom/wujia_portal_exam/views/portal_exam.xml:727,"py_literal,qweb_text",,,
wujia_portal_exam,Họ và tên,Participant's full name,,custom/wujia_portal_exam/views/portal_exam.xml:404 | custom/wujia_portal_exam/views/portal_exam.xml:610 | custom/wujia_portal_exam/views/portal_exam.xml:816,"qweb_attr,qweb_text",,,
wujia_portal_exam,Họ và tên *,Full name *,,custom/wujia_portal_exam/views/portal_exam.xml:503,qweb_text,,,
wujia_portal_exam,"JPG, PNG · giới hạn theo hệ thống","JPG, PNG · system size limit",,custom/wujia_portal_exam/views/portal_exam.xml:541,qweb_text,,,
wujia_portal_exam,Khung giờ,Time slot,,custom/wujia_portal_exam/static/src/js/portal_exam_pc.js:630 | custom/wujia_portal_exam/views/portal_exam.xml:872,"js_literal,qweb_text",,,
wujia_portal_exam,Khung giờ ngày,Time slots on,,custom/wujia_portal_exam/static/src/js/portal_exam_pc.js:262 | custom/wujia_portal_exam/views/portal_exam.xml:339,"js_literal,qweb_text",,,
wujia_portal_exam,Khóa thi,Exam course,,custom/wujia_portal_exam/views/portal_exam.xml:92 | custom/wujia_portal_exam/views/portal_exam.xml:444 | custom/wujia_portal_exam/views/portal_exam.xml:580,qweb_text,,,
wujia_portal_exam,Khóa thi *,Exam course *,,custom/wujia_portal_exam/views/portal_exam.xml:250,qweb_text,,,
wujia_portal_exam,Khóa thi không hợp lệ.,Invalid exam course.,,custom/wujia_portal_exam/controllers/portal.py:332,py_literal,,,
wujia_portal_exam,Không có khung giờ khả dụng.,No time slots available.,,custom/wujia_portal_exam/static/src/js/portal_exam_pc.js:195,js_literal,,,
wujia_portal_exam,Không có lịch,No sessions,,custom/wujia_portal_exam/views/portal_exam.xml:295,qweb_text,,,
wujia_portal_exam,Không có.,None.,,custom/wujia_portal_exam/controllers/portal.py:509 | custom/wujia_portal_exam/controllers/portal.py:515,py_literal,,,
wujia_portal_exam,Không gửi được yêu cầu,Could not submit the request,,custom/wujia_portal_exam/static/src/js/portal_exam_pc.js:556,js_literal,,,
wujia_portal_exam,Không gửi được yêu cầu. Vui lòng thử lại.,Could not submit the request. Please try again.,,custom/wujia_portal_exam/static/src/js/portal_exam_pc.js:552 | custom/wujia_portal_exam/static/src/js/portal_exam_pc.js:559 | custom/wujia_portal_exam/static/src/js/portal_exam_wizard.js:504,js_literal,,,
wujia_portal_exam,Không lịch,No session,,custom/wujia_portal_exam/views/portal_exam.xml:728,qweb_text,,,
wujia_portal_exam,Không thể đăng ký,Unavailable,,custom/wujia_portal_exam/views/portal_exam.xml:292,qweb_text,,,
wujia_portal_exam,Không tải được khung giờ.,Could not load time slots.,,custom/wujia_portal_exam/static/src/js/portal_exam_pc.js:236,js_literal,,,
wujia_portal_exam,Không áp dụng,Not applicable,,custom/wujia_portal_exam/controllers/portal.py:70,py_literal,,,
wujia_portal_exam,Không đóng hoặc gửi lại biểu mẫu.,Do not close or resubmit the form.,,custom/wujia_portal_exam/views/portal_exam.xml:425,qweb_text,,,
wujia_portal_exam,Không đạt,Fail,,custom/wujia_portal_exam/views/portal_exam.xml:1050,qweb_text,,,
wujia_portal_exam,Kiểm tra lại thông tin nhân sự.,Check the participant details again.,,custom/wujia_portal_exam/static/src/js/portal_exam_wizard.js:489,js_literal,,,
wujia_portal_exam,Kiểm tra lần cuối trước khi gửi yêu cầu đến {brand} xác nhận.,Final check before sending the request to {brand} for confirmation.,,custom/wujia_portal_exam/views/portal_exam.xml:574,qweb_text,,,
wujia_portal_exam,Kiểm tra thông tin,Review details,,custom/wujia_portal_exam/views/portal_exam.xml:427,qweb_text,,,
wujia_portal_exam,Kiểm tra trước khi gửi yêu cầu,Review before submitting the request,,custom/wujia_portal_exam/views/portal_exam.xml:849,qweb_text,,,
wujia_portal_exam,Kết quả,Result,,custom/wujia_portal_exam/views/portal_exam.xml:97 | custom/wujia_portal_exam/views/portal_exam.xml:1030,qweb_text,,,
wujia_portal_exam,Kết quả sẽ xuất hiện trên chính danh sách người tham gia sau khi công bố.,Results will appear in the participant list once published.,,custom/wujia_portal_exam/controllers/portal.py:504,py_literal,,,
wujia_portal_exam,Kết quả thi,Exam results,,custom/wujia_portal_exam/views/portal_exam.xml:1008,qweb_text,,,
wujia_portal_exam,Kết quả đã được công bố.,The results have been published.,,custom/wujia_portal_exam/controllers/portal.py:500,py_literal,,,
wujia_portal_exam,Kết quả đăng ký,Registration result,,custom/wujia_portal_exam/views/portal_exam.xml:932,qweb_text,,,
wujia_portal_exam,Kết quả được công bố theo từng người đã đăng ký.,Results are published per registered person.,,custom/wujia_portal_exam/views/portal_exam.xml:1009,qweb_text,,,
wujia_portal_exam,Lý do: %s,Reason: %s,,custom/wujia_portal_exam/controllers/portal.py:509 | custom/wujia_portal_exam/controllers/portal.py:515,py_literal,,,
wujia_portal_exam,Lưu,Save,,custom/wujia_portal_exam/static/src/js/portal_exam_pc.js:379,js_literal,,,
wujia_portal_exam,Lịch sử đăng ký,Registration history,,custom/wujia_portal_exam/views/portal_exam.xml:66,qweb_text,,,
wujia_portal_exam,Lịch thi,Exam schedule,,custom/wujia_portal_exam/views/portal_exam.xml:8 | custom/wujia_portal_exam/views/portal_exam.xml:180,qweb_text,,,
wujia_portal_exam,Lịch thi không hợp lệ.,Invalid exam schedule.,,custom/wujia_portal_exam/controllers/portal.py:348,py_literal,,,
wujia_portal_exam,Lỗi kết nối khi tải khung giờ.,Connection error while loading time slots.,,custom/wujia_portal_exam/static/src/js/portal_exam_pc.js:241,js_literal,,,
wujia_portal_exam,Màn Đăng ký thi trên portal (PC + mobile) — nghiệp vụ ở wujia_exam (F12).,Portal exam registration screens (PC + mobile) — business logic lives in wujia_exam (F12).,,custom/wujia_portal_exam/__manifest__.py:5,py_literal,,,
wujia_portal_exam,Mã phiếu,Registration no.,,custom/wujia_portal_exam/views/portal_exam.xml:91 | custom/wujia_portal_exam/views/portal_exam.xml:973,qweb_text,,,
wujia_portal_exam,Mỗi phiếu được đăng ký tối đa,Each registration allows at most,,custom/wujia_portal_exam/static/src/js/portal_exam_pc.js:305,js_literal,,,
wujia_portal_exam,Mỗi phiếu được đăng ký tối đa %d người.,Each registration allows at most %d people.,,custom/wujia_portal_exam/controllers/portal.py:141,py_gettext,,,
wujia_portal_exam,Nguyễn Văn An,Nguyen Van An,,custom/wujia_portal_exam/views/portal_exam.xml:505,qweb_attr,,,
wujia_portal_exam,Ngày & giờ,Date & time,,custom/wujia_portal_exam/views/portal_exam.xml:584,qweb_text,,,
wujia_portal_exam,Ngày & giờ thi,Exam date & time,,custom/wujia_portal_exam/views/portal_exam.xml:93 | custom/wujia_portal_exam/views/portal_exam.xml:448 | custom/wujia_portal_exam/views/portal_exam.xml:981,qweb_text,,,
wujia_portal_exam,Ngày nộp phiếu,Submitted on,,custom/wujia_portal_exam/views/portal_exam.xml:997,qweb_text,,,
wujia_portal_exam,Ngày thi,Exam date,,custom/wujia_portal_exam/views/portal_exam.xml:868,qweb_text,,,
wujia_portal_exam,Người không đạt có thể đăng ký thi lại khi có lịch mở.,Participants who failed can register for a retake when sessions open.,,custom/wujia_portal_exam/views/portal_exam.xml:1164,qweb_text,,,
wujia_portal_exam,Người tham gia,Participants,,custom/wujia_portal_exam/views/portal_exam.xml:382 | custom/wujia_portal_exam/views/portal_exam.xml:598 | custom/wujia_portal_exam/views/portal_exam.xml:1001,qweb_text,,,
wujia_portal_exam,Người đăng ký,Requested by,,custom/wujia_portal_exam/views/portal_exam.xml:993,qweb_text,,,
wujia_portal_exam,Nhân sự,Participant,,custom/wujia_portal_exam/static/src/js/portal_exam_wizard.js:194,js_literal,,,
wujia_portal_exam,Nhân sự 1,Participant 1,,custom/wujia_portal_exam/views/portal_exam.xml:809,qweb_text,,,
wujia_portal_exam,Nhân sự tham gia,Participating staff,,custom/wujia_portal_exam/views/portal_exam.xml:886,qweb_text,,,
wujia_portal_exam,Nhập nhân sự,Enter participants,,custom/wujia_portal_exam/views/portal_exam.xml:778,qweb_text,,,
wujia_portal_exam,Nhập trực tiếp thông tin của từng người dự thi.,Enter the details of each participant.,,custom/wujia_portal_exam/views/portal_exam.xml:383,qweb_text,,,
wujia_portal_exam,Nhập đúng thông tin người sẽ tham gia kỳ thi.,Enter the exact details of the person taking the exam.,,custom/wujia_portal_exam/views/portal_exam.xml:499,qweb_text,,,
wujia_portal_exam,Năm sinh,Year of birth,,custom/wujia_portal_exam/views/portal_exam.xml:406 | custom/wujia_portal_exam/views/portal_exam.xml:515 | custom/wujia_portal_exam/views/portal_exam.xml:612,"qweb_attr,qweb_text",,,
wujia_portal_exam,Năm sinh:,Year of birth:,,custom/wujia_portal_exam/static/src/js/portal_exam_wizard.js:291,js_literal,,,
wujia_portal_exam,Pha chế,Barista,,custom/wujia_portal_exam/views/portal_exam.xml:522,qweb_attr,,,
wujia_portal_exam,Phiếu không tham gia công bố kết quả và không có nút hủy trên portal.,This registration is excluded from result publishing and cannot be cancelled on the portal.,,custom/wujia_portal_exam/controllers/portal.py:516,py_literal,,,
wujia_portal_exam,Phiếu đang chờ {brand} xác nhận.,The registration is awaiting confirmation from {brand}.,,custom/wujia_portal_exam/controllers/portal.py:491,py_literal,,,
wujia_portal_exam,Phiếu đã bị hủy.,The registration was cancelled.,,custom/wujia_portal_exam/controllers/portal.py:514,py_literal,,,
wujia_portal_exam,Phiếu đã bị từ chối.,The registration was rejected.,,custom/wujia_portal_exam/controllers/portal.py:508,py_literal,,,
wujia_portal_exam,Portal / Đào tạo / Đăng ký thi,Portal / Training / Exam registration,,custom/wujia_portal_exam/views/portal_exam.xml:25,qweb_text,,,
wujia_portal_exam,Portal / Đào tạo / Đăng ký thi /,Portal / Training / Exam registration /,,custom/wujia_portal_exam/views/portal_exam.xml:943,qweb_text,,,
wujia_portal_exam,Portal / Đào tạo / Đăng ký thi / Đăng ký mới,Portal / Training / Exam registration / New registration,,custom/wujia_portal_exam/views/portal_exam.xml:227,qweb_text,,,
wujia_portal_exam,Portal chưa hiển thị kết quả cho đến khi phiếu được xác nhận và công bố.,The portal shows no results until the registration is confirmed and results are published.,,custom/wujia_portal_exam/controllers/portal.py:493,py_literal,,,
wujia_portal_exam,Quay lại chỉnh sửa,Back to edit,,custom/wujia_portal_exam/views/portal_exam.xml:635,qweb_text,,,
wujia_portal_exam,"Sau khi gửi, phiếu ở trạng thái Chờ xác nhận.","After submitting, the registration is Awaiting confirmation.",,custom/wujia_portal_exam/views/portal_exam.xml:628,qweb_text,,,
wujia_portal_exam,Số chỗ và trạng thái lịch sẽ được,Seats and schedule status will be,,custom/wujia_portal_exam/views/portal_exam.xml:482,qweb_text,,,
wujia_portal_exam,Số chỗ và trạng thái lịch sẽ được kiểm tra lại khi gửi.,Seats and schedule status will be re-checked on submit.,,custom/wujia_portal_exam/views/portal_exam.xml:627,qweb_text,,,
wujia_portal_exam,Số người,Participants count,,custom/wujia_portal_exam/views/portal_exam.xml:95,qweb_text,,,
wujia_portal_exam,Số điện thoại (vd 0901234567),Phone number (e.g. 0901234567),,custom/wujia_portal_exam/views/portal_exam.xml:817,qweb_attr,,,
wujia_portal_exam,Số điện thoại *,Phone number *,,custom/wujia_portal_exam/views/portal_exam.xml:508,qweb_text,,,
wujia_portal_exam,Số điện thoại không hợp lệ (vd 0901234567).,Invalid phone number (e.g. 0901234567).,,custom/wujia_portal_exam/static/src/js/portal_exam_wizard.js:257 | custom/wujia_portal_exam/views/portal_exam.xml:512,"js_literal,qweb_text",,,
wujia_portal_exam,Số điện thoại:,Phone number:,,custom/wujia_portal_exam/static/src/js/portal_exam_wizard.js:290,js_literal,,,
wujia_portal_exam,Thay ảnh,Change photo,,custom/wujia_portal_exam/views/portal_exam.xml:537,qweb_text,,,
wujia_portal_exam,Theo dõi phiếu đăng ký và kết quả thi của cửa hàng đang thao tác,Track exam registrations and results of the current store,,custom/wujia_portal_exam/views/portal_exam.xml:67,qweb_text,,,
wujia_portal_exam,Thiếu thông tin,Missing information,,custom/wujia_portal_exam/static/src/js/portal_exam_pc.js:533,js_literal,,,
wujia_portal_exam,Tháng %d %d,Month %d %d,,custom/wujia_portal_exam/controllers/portal.py:165,py_literal,,,
wujia_portal_exam,Tháng này chưa có lịch thi,No exam sessions this month,,custom/wujia_portal_exam/views/portal_exam.xml:331,qweb_text,,,
wujia_portal_exam,Tháng sau,Next month,,custom/wujia_portal_exam/views/portal_exam.xml:284 | custom/wujia_portal_exam/views/portal_exam.xml:735,qweb_attr,,,
wujia_portal_exam,Thêm người,Add person,,custom/wujia_portal_exam/static/src/js/portal_exam_pc.js:379 | custom/wujia_portal_exam/views/portal_exam.xml:394 | custom/wujia_portal_exam/views/portal_exam.xml:561,"js_literal,qweb_text",,,
wujia_portal_exam,Thêm người đăng ký,Add participant,,custom/wujia_portal_exam/static/src/js/portal_exam_pc.js:378 | custom/wujia_portal_exam/views/portal_exam.xml:494 | custom/wujia_portal_exam/views/portal_exam.xml:498,"js_literal,qweb_attr,qweb_text",,,
wujia_portal_exam,Thêm ảnh (tùy chọn),Add photo (optional),,custom/wujia_portal_exam/static/src/js/portal_exam_wizard.js:220 | custom/wujia_portal_exam/views/portal_exam.xml:824,"js_literal,qweb_text",,,
wujia_portal_exam,Thông tin dùng để ghi nhận kết quả thi.,These details are used to record exam results.,,custom/wujia_portal_exam/views/portal_exam.xml:828,qweb_text,,,
wujia_portal_exam,Thông tin lịch thi,Exam schedule details,,custom/wujia_portal_exam/views/portal_exam.xml:577 | custom/wujia_portal_exam/views/portal_exam.xml:858,qweb_text,,,
wujia_portal_exam,Thông tin phiếu đã được {brand} xác nhận.,The registration has been confirmed by {brand}.,,custom/wujia_portal_exam/controllers/portal.py:498,py_literal,,,
wujia_portal_exam,Thông tin sẽ được gửi để {brand} xác nhận.,The details will be sent to {brand} for confirmation.,,custom/wujia_portal_exam/views/portal_exam.xml:435,qweb_text,,,
wujia_portal_exam,Thông tin đăng ký,Registration details,,custom/wujia_portal_exam/views/portal_exam.xml:242 | custom/wujia_portal_exam/views/portal_exam.xml:960,qweb_text,,,
wujia_portal_exam,Thông tin được lưu cho lần đăng ký này.,The details are saved for this registration.,,custom/wujia_portal_exam/views/portal_exam.xml:551,qweb_text,,,
wujia_portal_exam,Thứ 2,Monday,,custom/wujia_portal_exam/controllers/portal.py:47,py_literal,,,
wujia_portal_exam,Thứ 3,Tuesday,,custom/wujia_portal_exam/controllers/portal.py:47,py_literal,,,
wujia_portal_exam,Thứ 4,Wednesday,,custom/wujia_portal_exam/controllers/portal.py:47,py_literal,,,
wujia_portal_exam,Thứ 5,Thursday,,custom/wujia_portal_exam/controllers/portal.py:47,py_literal,,,
wujia_portal_exam,"Thứ 5, 02/07/2026","Thursday, 02/07/2026",,custom/wujia_portal_exam/views/portal_exam.xml:869,qweb_text,,,
wujia_portal_exam,"Thứ 5, 02/07/2026 • 08:20","Thursday, 02/07/2026 • 08:20",,custom/wujia_portal_exam/views/portal_exam.xml:793,qweb_text,,,
wujia_portal_exam,"Thứ 5, 02/07/2026 • Đăng ký thi lại","Thursday, 02/07/2026 • Exam retake registration",,custom/wujia_portal_exam/views/portal_exam.xml:913,qweb_text,,,
wujia_portal_exam,Thứ 6,Friday,,custom/wujia_portal_exam/controllers/portal.py:47,py_literal,,,
wujia_portal_exam,Thứ 7,Saturday,,custom/wujia_portal_exam/controllers/portal.py:47,py_literal,,,
wujia_portal_exam,Tiếp tục,Continue,,custom/wujia_portal_exam/views/portal_exam.xml:837,qweb_text,,,
wujia_portal_exam,Trang hiển thị giá trị kết quả mới nhất theo từng người.,This page shows the latest result of each person.,,custom/wujia_portal_exam/controllers/portal.py:501,py_literal,,,
wujia_portal_exam,Trung tâm đào tạo {brand},{brand} Training Center,,custom/wujia_portal_exam/controllers/portal.py:473 | custom/wujia_portal_exam/views/portal_exam.xml:877,"py_literal,qweb_text",,,
wujia_portal_exam,Trạng thái đăng ký,Registration status,,custom/wujia_portal_exam/views/portal_exam.xml:96,qweb_text,,,
wujia_portal_exam,Tên và số điện thoại là bắt buộc.,Name and phone number are required.,,custom/wujia_portal_exam/static/src/js/portal_exam_pc.js:390 | custom/wujia_portal_exam/views/portal_exam.xml:525,"js_literal,qweb_text",,,
wujia_portal_exam,Tóm tắt đăng ký,Registration summary,,custom/wujia_portal_exam/views/portal_exam.xml:434,qweb_text,,,
wujia_portal_exam,Tạo đăng ký mới để bắt đầu.,Create a new registration to get started.,,custom/wujia_portal_exam/views/portal_exam.xml:163,qweb_text,,,
wujia_portal_exam,Tối đa,At most,,custom/wujia_portal_exam/static/src/js/portal_exam_pc.js:405 | custom/wujia_portal_exam/static/src/js/portal_exam_wizard.js:227,js_literal,,,
wujia_portal_exam,Vui lòng chọn khung giờ thi.,Please choose an exam time slot.,,custom/wujia_portal_exam/static/src/js/portal_exam_wizard.js:484,js_literal,,,
wujia_portal_exam,Vui lòng chờ {brand} xác nhận.,Please wait for {brand} to confirm.,,custom/wujia_portal_exam/views/portal_exam.xml:373,qweb_text,,,
wujia_portal_exam,Wujia Mobile — sheet Thêm: Đăng ký thi,Wujia Mobile — More sheet: Exam registration,,custom/wujia_portal_exam/views/bottomnav_inherit.xml:8,qweb_attr,attr `name` Odoo không dịch ⇒ <t t-set> (quy ước §6),,
wujia_portal_exam,Wujia Portal — Exam (Đào tạo / Thi),Wujia Portal — Exam (Training / Exams),,custom/wujia_portal_exam/__manifest__.py:2,py_literal,,,
wujia_portal_exam,Wujia Sidenav — Đăng ký thi,Wujia Sidenav — Exam registration,,custom/wujia_portal_exam/views/sidenav_inherit.xml:9,qweb_attr,attr `name` Odoo không dịch ⇒ <t t-set> (quy ước §6),,
wujia_portal_exam,Xem chi tiết,View details,,custom/wujia_portal_exam/views/portal_exam.xml:117 | custom/wujia_portal_exam/views/portal_exam.xml:376,qweb_text,,,
wujia_portal_exam,"Xem lịch thi, đăng ký và kết quả","View exam schedules, registrations and results",,custom/wujia_portal_exam/views/bottomnav_inherit.xml:14,qweb_text,,,
wujia_portal_exam,Xác nhận khung giờ,Confirm time slot,,custom/wujia_portal_exam/views/portal_exam.xml:921,qweb_text,,,
wujia_portal_exam,Xác nhận đăng ký,Confirm registration,,custom/wujia_portal_exam/views/portal_exam.xml:848 | custom/wujia_portal_exam/views/portal_exam.xml:904,qweb_text,,,
wujia_portal_exam,Xóa nhân sự,Remove participant,,custom/wujia_portal_exam/views/portal_exam.xml:811,qweb_attr,,,
wujia_portal_exam,Xóa ảnh,Remove photo,,custom/wujia_portal_exam/views/portal_exam.xml:538,qweb_text,,,
wujia_portal_exam,Yêu cầu đã được gửi đến {brand}.,The request has been sent to {brand}.,,custom/wujia_portal_exam/controllers/portal.py:492,py_literal,,,
wujia_portal_exam,chỗ,seats,,custom/wujia_portal_exam/static/src/js/portal_exam_pc.js:293 | custom/wujia_portal_exam/static/src/js/portal_exam_pc.js:473,js_literal,,,
wujia_portal_exam,kiểm tra lại khi gửi yêu cầu.,re-checked when you submit the request.,,custom/wujia_portal_exam/views/portal_exam.xml:483,qweb_text,,,
wujia_portal_exam,người mỗi phiếu.,people per registration.,,custom/wujia_portal_exam/static/src/js/portal_exam_pc.js:405 | custom/wujia_portal_exam/static/src/js/portal_exam_wizard.js:227,js_literal,,,
wujia_portal_exam,người.,people.,,custom/wujia_portal_exam/static/src/js/portal_exam_pc.js:305,js_literal,,,
wujia_portal_exam,{brand} đã xác nhận danh sách đăng ký.,{brand} has confirmed the registration list.,,custom/wujia_portal_exam/controllers/portal.py:503,py_literal,,,
wujia_portal_exam,· giờ địa phương,· local time,,custom/wujia_portal_exam/views/portal_exam.xml:340,qweb_text,,,
wujia_portal_exam,Đang tải khung giờ…,Loading time slots…,,custom/wujia_portal_exam/static/src/js/portal_exam_pc.js:230 | custom/wujia_portal_exam/views/portal_exam.xml:917,"js_literal,qweb_text",,,
wujia_portal_exam,Điền thông tin người tham gia thi,Fill in the participants' details,,custom/wujia_portal_exam/views/portal_exam.xml:779,qweb_text,,,
wujia_portal_exam,Đã chọn,Selected,,custom/wujia_portal_exam/views/portal_exam.xml:721 | custom/wujia_portal_exam/views/portal_exam.xml:795,qweb_text,,,
wujia_portal_exam,Đã công bố,Published,,custom/wujia_portal_exam/controllers/portal.py:67 | custom/wujia_portal_exam/controllers/portal.py:130,py_literal,,,
wujia_portal_exam,Đã gửi yêu cầu đăng ký,Registration request sent,,custom/wujia_portal_exam/views/portal_exam.xml:372,qweb_text,,,
wujia_portal_exam,Đã tải,Uploaded,,custom/wujia_portal_exam/static/src/js/portal_exam_pc.js:331,js_literal,,,
wujia_portal_exam,Đã đăng ký,Registered,,custom/wujia_portal_exam/controllers/portal.py:52 | custom/wujia_portal_exam/controllers/portal.py:60,py_literal,,,
wujia_portal_exam,Đăng ký mới,New registration,,custom/wujia_portal_exam/views/portal_exam.xml:165 | custom/wujia_portal_exam/views/portal_exam.xml:206,qweb_text,,,
wujia_portal_exam,Đăng ký thi,Exam registration,,custom/wujia_portal_exam/views/bottomnav_inherit.xml:13 | custom/wujia_portal_exam/views/portal_exam.xml:26 | custom/wujia_portal_exam/views/portal_exam.xml:131,qweb_text,,,
wujia_portal_exam,Đăng ký thi mới,New exam registration,,custom/wujia_portal_exam/views/portal_exam.xml:1169,qweb_text,,,
wujia_portal_exam,Đạt,Pass,,custom/wujia_portal_exam/views/portal_exam.xml:1047,qweb_text,,,
wujia_portal_exam,Địa điểm,Venue,,custom/wujia_portal_exam/views/portal_exam.xml:94 | custom/wujia_portal_exam/views/portal_exam.xml:452 | custom/wujia_portal_exam/views/portal_exam.xml:588,qweb_text,,,
wujia_portal_exam,đăng ký trong cửa hàng hiện tại,registrations in the current store,,custom/wujia_portal_exam/views/portal_exam.xml:133,qweb_text,,,
wujia_portal_exam,Ảnh,Photo,,custom/wujia_portal_exam/views/portal_exam.xml:609,qweb_text,,,
wujia_portal_exam,Ảnh không bắt buộc. Có thể thay hoặc xóa trước khi gửi yêu cầu.,The photo is optional. You can change or remove it before submitting.,,custom/wujia_portal_exam/views/portal_exam.xml:546,qweb_text,,,
wujia_portal_exam,"Ảnh không hợp lệ (JPG/PNG, ≤ 5 MB).","Invalid photo (JPG/PNG, ≤ 5 MB).",,custom/wujia_portal_exam/static/src/js/portal_exam_pc.js:422,js_literal,,,
wujia_portal_exam,Ảnh nhân viên,Staff photo,,custom/wujia_portal_exam/views/portal_exam.xml:403 | custom/wujia_portal_exam/views/portal_exam.xml:527 | custom/wujia_portal_exam/views/portal_exam.xml:1025,qweb_text,,,
wujia_portal_exam,Ảnh vượt 5 MB.,The photo exceeds 5 MB.,,custom/wujia_portal_exam/static/src/js/portal_exam_wizard.js:317,js_literal,,,
wujia_portal_exam,Ảnh xem trước,Photo preview,,custom/wujia_portal_exam/views/portal_exam.xml:531,qweb_text,,,
wujia_portal_exam,Ảnh đã chọn,Photo chosen,,custom/wujia_portal_exam/static/src/js/portal_exam_pc.js:360,js_literal,,,
wujia_portal_exam,Ảnh đã được chọn,Photo selected,,custom/wujia_portal_exam/views/portal_exam.xml:534,qweb_text,,,
"wujia_portal_exam, wujia_portal_info_request, wujia_portal_layout",Số điện thoại,Phone number,,custom/wujia_portal_exam/views/portal_exam.xml:405 | custom/wujia_portal_exam/views/portal_exam.xml:611 | custom/wujia_portal_exam/views/portal_exam.xml:1027,"py_literal,qweb_text",,,
"wujia_portal_exam, wujia_portal_info_request, wujia_portal_layout, wujia_portal_return, wujia_portal_sale",Ghi chú,Note,,custom/wujia_portal_exam/views/portal_exam.xml:621 | custom/wujia_portal_info_request/views/portal_info_request_detail.xml:81 | custom/wujia_portal_info_request/views/portal_info_request_form.xml:97,qweb_text,,,
"wujia_portal_exam, wujia_portal_layout",Quay lại,Back,,custom/wujia_portal_exam/views/portal_exam.xml:232 | custom/wujia_portal_exam/views/portal_exam.xml:649 | custom/wujia_portal_exam/views/portal_exam.xml:700,"qweb_attr,qweb_text",,,
"wujia_portal_exam, wujia_portal_notification",Vui lòng chọn cửa hàng trước khi thao tác.,Please select a store first.,,custom/wujia_portal_exam/controllers/portal.py:328 | custom/wujia_portal_exam/controllers/portal.py:343 | custom/wujia_portal_exam/controllers/portal.py:359,py_literal,,,
"wujia_portal_exam, wujia_portal_purchase_history",Tháng trước,Previous month,,custom/wujia_portal_exam/views/portal_exam.xml:283 | custom/wujia_portal_exam/views/portal_exam.xml:731 | custom/wujia_portal_purchase_history/views/portal_history.xml:90,"qweb_attr,qweb_text",,,
"wujia_portal_exam, wujia_portal_sale",Lỗi kết nối,Connection error,,custom/wujia_portal_exam/static/src/js/portal_exam_pc.js:559 | custom/wujia_portal_sale/static/src/js/portal_cart_sync.js:197 | custom/wujia_portal_sale/static/src/js/portal_order.js:62,js_literal,,,
wujia_portal_info_request,Chi tiết yêu cầu,Request details,,custom/wujia_portal_info_request/views/portal_info_request_detail.xml:7 | custom/wujia_portal_info_request/views/portal_info_request_detail.xml:19,qweb_text,,,
wujia_portal_info_request,Chỉ Owner / Manager mới được tạo yêu cầu cập nhật thông tin.,Only owners or managers can create information update requests.,,custom/wujia_portal_info_request/controllers/portal.py:112,py_gettext,,,
wujia_portal_info_request,Chọn cửa hàng + loại thông tin để xem giá trị hiện tại...,Select a store and information type to see the current value...,,custom/wujia_portal_info_request/views/portal_info_request_form.xml:85,qweb_attr,,,
wujia_portal_info_request,Cập nhật thông tin,Update information,,custom/wujia_portal_info_request/views/portal_info_request_list.xml:23,qweb_text,,,
wujia_portal_info_request,Danh sách yêu cầu,Request list,,custom/wujia_portal_info_request/views/portal_info_request_list.xml:55,qweb_text,,,
wujia_portal_info_request,Giá trị cũ,Old value,,custom/wujia_portal_info_request/views/portal_info_request_detail.xml:71,qweb_text,,,
wujia_portal_info_request,Giá trị hiện tại,Current value,,custom/wujia_portal_info_request/views/portal_info_request_form.xml:81,qweb_text,,,
wujia_portal_info_request,Giá trị mới,New value,,custom/wujia_portal_info_request/views/portal_info_request_detail.xml:76 | custom/wujia_portal_info_request/views/portal_info_request_form.xml:89 | custom/wujia_portal_info_request/views/portal_info_request_list.xml:80,qweb_text,,,
wujia_portal_info_request,Huỷ yêu cầu,Withdraw request,,custom/wujia_portal_info_request/views/portal_info_request_detail.xml:127,qweb_text,,,
wujia_portal_info_request,Khi chọn 'Khác' phải nhập tên field.,Enter the field name when choosing 'Other'.,,custom/wujia_portal_info_request/controllers/portal.py:222,py_gettext,,,
wujia_portal_info_request,Loại thông tin,Information type,,custom/wujia_portal_info_request/views/portal_info_request_detail.xml:41 | custom/wujia_portal_info_request/views/portal_info_request_form.xml:46,qweb_text,,,
wujia_portal_info_request,Loại thông tin không hợp lệ.,Invalid information type.,,custom/wujia_portal_info_request/controllers/portal.py:214,py_gettext,,,
wujia_portal_info_request,"Lý do, ngữ cảnh thêm cho HQ duyệt...",Reason or extra context for HQ review...,,custom/wujia_portal_info_request/views/portal_info_request_form.xml:100,qweb_attr,,,
wujia_portal_info_request,Minh chứng,Evidence,,custom/wujia_portal_info_request/views/portal_info_request_detail.xml:87,qweb_text,,,
wujia_portal_info_request,Minh chứng (tuỳ chọn),Evidence (optional),,custom/wujia_portal_info_request/views/portal_info_request_form.xml:104,qweb_text,,,
wujia_portal_info_request,Màn portal gửi yêu cầu cập nhật thông tin cửa hàng (nghiệp vụ ở wujia_info_request).,Portal screens to request store information updates (business rules in wujia_info_request).,,custom/wujia_portal_info_request/__manifest__.py:5,py_literal,,,
wujia_portal_info_request,Người duyệt,Reviewer,,custom/wujia_portal_info_request/views/portal_info_request_detail.xml:106,qweb_text,,,
wujia_portal_info_request,Người đại diện,Legal representative,,custom/wujia_portal_info_request/controllers/portal.py:46,py_literal,,,
wujia_portal_info_request,Nhập giá trị mới cần cập nhật...,Enter the new value to update...,,custom/wujia_portal_info_request/views/portal_info_request_form.xml:93,qweb_attr,,,
wujia_portal_info_request,"PDF / JPG / PNG, tối đa 5MB/file, tối đa 6 file.","PDF / JPG / PNG, up to 5MB per file, up to 6 files.",,custom/wujia_portal_info_request/views/portal_info_request_form.xml:107,qweb_text,,,
wujia_portal_info_request,Thông tin ngân hàng,Bank information,,custom/wujia_portal_info_request/controllers/portal.py:45,py_literal,,,
wujia_portal_info_request,Tên chủ cửa hàng,Store owner name,,custom/wujia_portal_info_request/controllers/portal.py:44,py_literal,,,
wujia_portal_info_request,"Tên field kỹ thuật (khi chọn ""Khác"")","Technical field name (when ""Other"" is selected)",,custom/wujia_portal_info_request/views/portal_info_request_form.xml:60,qweb_text,,,
wujia_portal_info_request,Tạo yêu cầu,Create request,,custom/wujia_portal_info_request/views/portal_info_request_form.xml:19,qweb_text,,,
wujia_portal_info_request,Tạo yêu cầu cập nhật thông tin,Create information update request,,custom/wujia_portal_info_request/views/portal_info_request_form.xml:7 | custom/wujia_portal_info_request/views/portal_info_request_form.xml:13,qweb_text,,,
wujia_portal_info_request,Vui lòng nhập giá trị mới.,Please enter the new value.,,custom/wujia_portal_info_request/controllers/portal.py:218,py_gettext,,,
wujia_portal_info_request,Xem chi tiết yêu cầu,View request details,,custom/wujia_portal_info_request/views/portal_info_request_list.xml:104 | custom/wujia_portal_info_request/views/portal_info_request_list.xml:104,qweb_attr,,,
wujia_portal_info_request,Yêu cầu cập nhật thông tin / Chi tiết yêu cầu,Information update requests / Request details,,custom/wujia_portal_info_request/views/portal_info_request_detail.xml:12,qweb_text,,,
wujia_portal_info_request,Yêu cầu cập nhật thông tin / Tạo yêu cầu,Information update requests / Create request,,custom/wujia_portal_info_request/views/portal_info_request_form.xml:12,qweb_text,,,
wujia_portal_info_request,Yêu cầu đã được huỷ.,The request has been cancelled.,,custom/wujia_portal_info_request/views/portal_info_request_detail.xml:28,qweb_text,,,
wujia_portal_info_request,Yêu cầu đã được tạo.,Request created.,,custom/wujia_portal_info_request/views/portal_info_request_detail.xml:27,qweb_text,,,
wujia_portal_info_request,return confirm('Huỷ yêu cầu này?');,Withdraw this request?,,custom/wujia_portal_info_request/views/portal_info_request_detail.xml:126,qweb_attr,attr `onclick` Odoo không dịch ⇒ <t t-set> (quy ước §6),,
wujia_portal_info_request,Đang xem,Viewing,,custom/wujia_portal_info_request/controllers/portal.py:54,py_literal,,,
wujia_portal_info_request,Đã duyệt,Approved,,custom/wujia_portal_info_request/controllers/portal.py:55,py_literal,,,
wujia_portal_info_request,— Chọn cửa hàng —,— Select store —,,custom/wujia_portal_info_request/views/portal_info_request_form.xml:37,qweb_text,,,
wujia_portal_info_request,— Chọn loại —,— Select type —,,custom/wujia_portal_info_request/views/portal_info_request_form.xml:49,qweb_text,,,
"wujia_portal_info_request, wujia_portal_notification",Loại,Type,,custom/wujia_portal_info_request/views/portal_info_request_list.xml:79 | custom/wujia_portal_notification/views/portal_notification.xml:62,qweb_text,,,
"wujia_portal_info_request, wujia_portal_notification, wujia_portal_support",Ngày gửi,Sent on,,custom/wujia_portal_info_request/views/portal_info_request_detail.xml:66 | custom/wujia_portal_notification/views/portal_notification.xml:64 | custom/wujia_portal_notification/views/portal_notification.xml:371,qweb_text,,,
"wujia_portal_info_request, wujia_portal_purchase_history, wujia_portal_report",Nháp,Draft,,custom/wujia_portal_info_request/controllers/portal.py:52 | custom/wujia_portal_purchase_history/controllers/portal.py:32 | custom/wujia_portal_report/controllers/portal.py:32,py_literal,,,
"wujia_portal_info_request, wujia_portal_purchase_history, wujia_portal_support",Ngày tạo,Created on,,custom/wujia_portal_info_request/views/portal_info_request_detail.xml:62 | custom/wujia_portal_info_request/views/portal_info_request_list.xml:77 | custom/wujia_portal_purchase_history/views/portal_history.xml:57,qweb_text,,,
"wujia_portal_info_request, wujia_portal_return",Chưa có yêu cầu nào.,No requests yet.,,custom/wujia_portal_info_request/views/portal_info_request_list.xml:71 | custom/wujia_portal_return/views/portal_return_list.xml:84,qweb_text,,,
"wujia_portal_info_request, wujia_portal_return",Không thể gửi yêu cầu. Vui lòng kiểm tra lại thông tin và thử lại.,Could not submit the request. Please check the information and try again.,,custom/wujia_portal_info_request/controllers/portal.py:136 | custom/wujia_portal_return/controllers/portal.py:148,"py_gettext,py_literal",,,
"wujia_portal_info_request, wujia_portal_return",Lý do từ chối,Rejection reason,,custom/wujia_portal_info_request/views/portal_info_request_detail.xml:100 | custom/wujia_portal_return/views/portal_return_detail.xml:85,qweb_text,,,
"wujia_portal_info_request, wujia_portal_return",Lưu nháp,Save draft,,custom/wujia_portal_info_request/views/portal_info_request_form.xml:114 | custom/wujia_portal_return/views/portal_return_form.xml:113,qweb_text,,,
"wujia_portal_info_request, wujia_portal_return",Người tạo,Created by,,custom/wujia_portal_info_request/views/portal_info_request_detail.xml:51 | custom/wujia_portal_return/views/portal_return_detail.xml:56,qweb_text,,,
"wujia_portal_info_request, wujia_portal_return",Tạo yêu cầu đầu tiên,Create the first request,,custom/wujia_portal_info_request/views/portal_info_request_list.xml:71 | custom/wujia_portal_return/views/portal_return_list.xml:84,qweb_text,,,
"wujia_portal_info_request, wujia_portal_return",kết quả,results,,custom/wujia_portal_info_request/views/portal_info_request_list.xml:61 | custom/wujia_portal_return/views/portal_return_list.xml:74,qweb_text,,,
"wujia_portal_info_request, wujia_portal_return, wujia_portal_support",yêu cầu,requests,,custom/wujia_portal_info_request/controllers/portal.py:86 | custom/wujia_portal_return/controllers/portal.py:116 | custom/wujia_portal_return/views/portal_return_list.xml:189,"py_literal,qweb_text",,,
"wujia_portal_info_request, wujia_portal_support",Bình thường,Normal,,custom/wujia_portal_info_request/views/portal_info_request_detail.xml:58 | custom/wujia_portal_info_request/views/portal_info_request_form.xml:70 | custom/wujia_portal_info_request/views/portal_info_request_list.xml:95,"py_literal,qweb_text",,,
"wujia_portal_info_request, wujia_portal_support",Khẩn,Urgent,,custom/wujia_portal_info_request/views/portal_info_request_detail.xml:57 | custom/wujia_portal_info_request/views/portal_info_request_form.xml:74 | custom/wujia_portal_info_request/views/portal_info_request_list.xml:94,"py_literal,qweb_text",,,
"wujia_portal_info_request, wujia_portal_support",Mức độ,Severity,,custom/wujia_portal_info_request/views/portal_info_request_detail.xml:55 | custom/wujia_portal_info_request/views/portal_info_request_form.xml:67 | custom/wujia_portal_info_request/views/portal_info_request_list.xml:81,qweb_text,,,
"wujia_portal_info_request, wujia_portal_support, wujia_return",Cửa hàng không hợp lệ.,Invalid store.,,custom/wujia_portal_info_request/controllers/portal.py:208 | custom/wujia_portal_support/views/portal_support.xml:358 | custom/wujia_return/models/wujia_return_request.py:436,"py_gettext,qweb_text",,,
"wujia_portal_info_request, wujia_return",Cửa hàng không truy cập được.,You cannot access this store.,,custom/wujia_portal_info_request/controllers/portal.py:210 | custom/wujia_return/models/wujia_return_request.py:438,py_gettext,,,
wujia_portal_knowledge,Bài liên quan,Related articles,,custom/wujia_portal_knowledge/views/portal_knowledge.xml:293,qweb_text,,,
wujia_portal_knowledge,Bài nổi bật,Featured articles,,custom/wujia_portal_knowledge/views/portal_knowledge.xml:192,qweb_text,,,
wujia_portal_knowledge,Bài viết không tồn tại hoặc không còn khả dụng.,The article does not exist or is no longer available.,,custom/wujia_portal_knowledge/views/portal_knowledge.xml:11,qweb_text,,,
wujia_portal_knowledge,Chưa có bài viết,No articles yet,,custom/wujia_portal_knowledge/views/portal_knowledge.xml:174,qweb_text,,,
wujia_portal_knowledge,Chưa có bài viết.,No articles yet.,,custom/wujia_portal_knowledge/views/portal_knowledge.xml:92,qweb_text,,,
wujia_portal_knowledge,Danh mục,Category,,custom/wujia_portal_knowledge/views/portal_knowledge.xml:48,qweb_text,,,
wujia_portal_knowledge,Danh mục đã chọn không còn khả dụng.,The selected category is no longer available.,,custom/wujia_portal_knowledge/views/portal_knowledge.xml:9,qweb_text,,,
wujia_portal_knowledge,Hiện chưa có bài viết nào để hiển thị.,There are no articles to show yet.,,custom/wujia_portal_knowledge/views/portal_knowledge.xml:175,qweb_text,,,
wujia_portal_knowledge,Kiến thức / Chi tiết bài viết,Knowledge / Article details,,custom/wujia_portal_knowledge/views/portal_knowledge.xml:264,qweb_text,,,
wujia_portal_knowledge,"Knowledge filter không hợp lệ (category_id=%r, tag_id=%r), user %s","Invalid knowledge filter (category_id=%r, tag_id=%r), user %s",,custom/wujia_portal_knowledge/controllers/portal.py:48,py_literal,,,
wujia_portal_knowledge,Màn portal thư viện kiến thức (nghiệp vụ ở wujia_knowledge).,Knowledge library portal screens (business logic in wujia_knowledge).,,custom/wujia_portal_knowledge/__manifest__.py:5,py_literal,,,
wujia_portal_knowledge,Mới cập nhật,Recently updated,,custom/wujia_portal_knowledge/views/portal_knowledge.xml:217,qweb_text,,,
wujia_portal_knowledge,Mới nhất,Latest,,custom/wujia_portal_knowledge/views/portal_knowledge.xml:218,qweb_text,,,
wujia_portal_knowledge,Nội dung chính,Main content,,custom/wujia_portal_knowledge/views/portal_knowledge.xml:352,qweb_text,,,
wujia_portal_knowledge,Nội dung mới sẽ xuất hiện tại đây khi được cập nhật.,New content will appear here once it is published.,,custom/wujia_portal_knowledge/views/portal_knowledge.xml:176,qweb_text,,,
wujia_portal_knowledge,Thư viện kiến thức,Knowledge library,,custom/wujia_portal_knowledge/views/portal_knowledge.xml:19,qweb_text,,,
wujia_portal_knowledge,Thẻ đã chọn không còn khả dụng.,The selected tag is no longer available.,,custom/wujia_portal_knowledge/views/portal_knowledge.xml:10,qweb_text,,,
wujia_portal_knowledge,"Tài liệu vận hành, quy định, hướng dẫn","Operating documents, policies and guides",,custom/wujia_portal_knowledge/views/bottomnav_inherit.xml:14,qweb_text,,,
wujia_portal_knowledge,Về thư viện,Back to library,,custom/wujia_portal_knowledge/views/portal_knowledge.xml:312,qweb_text,,,
wujia_portal_knowledge,Wujia Mobile — sheet Thêm: Kiến thức,Wujia Mobile — More sheet: Knowledge,,custom/wujia_portal_knowledge/views/bottomnav_inherit.xml:8,qweb_attr,attr `name` Odoo không dịch ⇒ <t t-set> (quy ước §6),,
wujia_portal_knowledge,Wujia Sidenav — Kiến thức,Wujia Sidenav — Knowledge,,custom/wujia_portal_knowledge/views/sidenav_inherit.xml:9,qweb_attr,attr `name` Odoo không dịch ⇒ <t t-set> (quy ước §6),,
wujia_portal_knowledge,current_category.name if current_category else 'Tài liệu mới cập nhật',Recently updated documents,,custom/wujia_portal_knowledge/views/portal_knowledge.xml:77,qweb_expr,,,
wujia_portal_knowledge,lượt xem,view / views,,custom/wujia_portal_knowledge/views/portal_knowledge.xml:282,qweb_text,,,
wujia_portal_knowledge,"{'mandatory': 'Bắt buộc', 'important': 'Quan trọng', 'new': 'Mới'}",Mandatory / Important / New,,custom/wujia_portal_knowledge/views/portal_knowledge.xml:187 | custom/wujia_portal_knowledge/views/portal_knowledge.xml:337,qweb_expr,,,
wujia_portal_knowledge,"{'mandatory': 'Bắt buộc', 'important': 'Quan trọng', 'new': 'Mới'}.get(art.portal_badge, '')",Mandatory / Important / New (PC),,custom/wujia_portal_knowledge/views/portal_knowledge.xml:101,qweb_expr,,,
wujia_portal_knowledge,"{'name': 'keyword', 'value': keyword, 'placeholder': 'Tìm bài viết...'}",Search articles...,,custom/wujia_portal_knowledge/views/portal_knowledge.xml:39,qweb_expr,,,
wujia_portal_knowledge,"{'name': 'keyword', 'value': keyword, 'placeholder': 'Tìm kiếm bài viết...'}",Search for articles...,,custom/wujia_portal_knowledge/views/portal_knowledge.xml:157,qweb_expr,,,
wujia_portal_knowledge,Ưu tiên đọc,Read first,,custom/wujia_portal_knowledge/views/portal_knowledge.xml:193,qweb_text,,,
"wujia_portal_knowledge, wujia_portal_notification",Tài liệu đính kèm,Attached documents,,custom/wujia_portal_knowledge/views/portal_knowledge.xml:361 | custom/wujia_portal_notification/views/portal_notification.xml:380,qweb_text,,,
wujia_portal_layout,1.340.000đ,"1,340,000 VND",,custom/wujia_portal_layout/views/pc_preview.xml:152,qweb_text,,,
wujia_portal_layout,2.450.000đ,"2,450,000 VND",,custom/wujia_portal_layout/views/pc_preview.xml:128,qweb_text,,,
wujia_portal_layout,4.120.000đ,"4,120,000 VND",,custom/wujia_portal_layout/views/pc_preview.xml:144,qweb_text,,,
wujia_portal_layout,860.000đ,"860,000 VND",,custom/wujia_portal_layout/views/pc_preview.xml:136,qweb_text,,,
wujia_portal_layout,Bạn có chắc chắn muốn thực hiện thao tác này không?,Are you sure you want to perform this action?,,custom/wujia_portal_layout/views/pc_preview.xml:192,qweb_text,,,
wujia_portal_layout,Bạn có thay đổi chưa lưu. Rời khỏi trang?,You have unsaved changes. Leave this page?,,custom/wujia_portal_layout/static/src/js/wj_back_guard.js:33,js_literal,,,
wujia_portal_layout,Bảo mật tài khoản,Account security,,custom/wujia_portal_layout/views/login_page.xml:64 | custom/wujia_portal_layout/views/login_page.xml:209,qweb_text,,,
wujia_portal_layout,Bảo mật tài khoản portal của bạn,Secure your portal account,,custom/wujia_portal_layout/views/change_password_page.xml:11,qweb_text,,,
wujia_portal_layout,Bảo vệ thông tin tài khoản,Protect your account,,custom/wujia_portal_layout/views/login_page.xml:106 | custom/wujia_portal_layout/views/login_page.xml:149,qweb_text,,,
wujia_portal_layout,Bổ sung bao bì,Packaging top-up,,custom/wujia_portal_layout/views/pc_preview.xml:133,qweb_text,,,
wujia_portal_layout,Chọn trạng thái,Select status,,custom/wujia_portal_layout/views/pc_preview.xml:170,qweb_text,,,
wujia_portal_layout,Chức năng chính,Main features,,custom/wujia_portal_layout/views/layouts.xml:162,qweb_text,,,
wujia_portal_layout,Các thông tin cơ bản của tài khoản portal,Basic details of your portal account,,custom/wujia_portal_layout/views/profile_page.xml:48,qweb_text,,,
wujia_portal_layout,Các tiện ích khác cho cửa hàng,Other tools for your store,,custom/wujia_portal_layout/views/mobile_bottomnav.xml:41,qweb_text,,,
wujia_portal_layout,Có lỗi xảy ra. Vui lòng thử lại.,Something went wrong. Please try again.,,custom/wujia_portal_layout/controllers/auth.py:150 | custom/wujia_portal_layout/controllers/portal.py:214,py_gettext,,,
wujia_portal_layout,Cần chú ý,Needs attention,,custom/wujia_portal_layout/views/pc_preview.xml:84,qweb_text,,,
wujia_portal_layout,Cần hỗ trợ?,Need help?,,custom/wujia_portal_layout/views/change_password_page.xml:95,qweb_text,,,
wujia_portal_layout,Cần hỗ trợ? Liên hệ quản trị hệ thống,Need help? Contact the system administrator,,custom/wujia_portal_layout/views/login_page.xml:69 | custom/wujia_portal_layout/views/login_page.xml:111 | custom/wujia_portal_layout/views/login_page.xml:154,qweb_text,,,
wujia_portal_layout,Cập nhật thành công,Updated successfully,,custom/wujia_portal_layout/controllers/portal.py:139,py_gettext,,,
wujia_portal_layout,CỔNG THÔNG TIN NHƯỢNG QUYỀN,FRANCHISE PORTAL,,custom/wujia_portal_layout/views/login_page.xml:254,qweb_text,,,
wujia_portal_layout,Dữ liệu hiển thị theo cửa hàng đang thao tác,Data is shown for the active store,,custom/wujia_portal_layout/views/profile_page.xml:38,qweb_text,,,
wujia_portal_layout,Email / Tên đăng nhập,Email / Username,,custom/wujia_portal_layout/views/login_page.xml:30,qweb_text,,,
wujia_portal_layout,Email đăng nhập,Login email,,custom/wujia_portal_layout/views/login_page.xml:131,qweb_text,,,
wujia_portal_layout,Giao nhận,Deliveries,,custom/wujia_portal_layout/views/login_page.xml:262,qweb_text,,,
wujia_portal_layout,Gửi hướng dẫn,Send instructions,,custom/wujia_portal_layout/views/login_page.xml:141,qweb_text,,,
wujia_portal_layout,Hiện,Show,,custom/wujia_portal_layout/static/assets/js/wujia_password_toggle.js:23 | custom/wujia_portal_layout/views/change_password_page.xml:41 | custom/wujia_portal_layout/views/change_password_page.xml:52,"js_literal,qweb_text",,,
wujia_portal_layout,Hiện mật khẩu,Show password,,custom/wujia_portal_layout/views/login_page.xml:48 | custom/wujia_portal_layout/views/login_page.xml:181 | custom/wujia_portal_layout/views/login_page.xml:195,qweb_attr,,,
wujia_portal_layout,Hiện/ẩn mật khẩu,Show/hide password,,custom/wujia_portal_layout/views/change_password_page.xml:133 | custom/wujia_portal_layout/views/change_password_page.xml:146 | custom/wujia_portal_layout/views/change_password_page.xml:159,qweb_attr,,,
wujia_portal_layout,Hệ thống không xác nhận email có tồn tại hay không.,We do not confirm whether an email exists.,,custom/wujia_portal_layout/views/login_page.xml:150,qweb_text,,,
wujia_portal_layout,Họ tên không được trống,Full name is required,,custom/wujia_portal_layout/controllers/portal.py:108,py_gettext,,,
wujia_portal_layout,Hồ sơ,Profile,,custom/wujia_portal_layout/controllers/portal.py:81,py_gettext,,,
wujia_portal_layout,Hồ sơ cá nhân,My profile,,custom/wujia_portal_layout/views/profile_page.xml:105,qweb_text,,,
wujia_portal_layout,Hỗ trợ vận hành,Operations support,,custom/wujia_portal_layout/views/layouts.xml:164,qweb_text,,,
wujia_portal_layout,"Khi có dữ liệu, hệ thống sẽ hiển thị danh sách tại đây.",Records will appear here once available.,,custom/wujia_portal_layout/views/pc_preview.xml:183,qweb_text,,,
wujia_portal_layout,Không chia sẻ mã cho người khác.,Do not share the code with anyone.,,custom/wujia_portal_layout/views/login_page.xml:107,qweb_text,,,
wujia_portal_layout,Không chia sẻ mật khẩu qua tin nhắn hoặc nhóm chat.,Do not share your password via messages or group chats.,,custom/wujia_portal_layout/views/change_password_page.xml:89,qweb_text,,,
wujia_portal_layout,Không chia sẻ thông tin đăng nhập cho người khác.,Do not share your login details with anyone.,,custom/wujia_portal_layout/views/login_page.xml:65 | custom/wujia_portal_layout/views/login_page.xml:210,qweb_text,,,
wujia_portal_layout,Không dùng lại mật khẩu dễ đoán.,Do not reuse easy-to-guess passwords.,,custom/wujia_portal_layout/views/change_password_page.xml:88,qweb_text,,,
wujia_portal_layout,Lưu mật khẩu,Save password,,custom/wujia_portal_layout/views/change_password_page.xml:71 | custom/wujia_portal_layout/views/change_password_page.xml:165,qweb_text,,,
wujia_portal_layout,Lưu ý bảo mật,Security tips,,custom/wujia_portal_layout/views/change_password_page.xml:83,qweb_text,,,
wujia_portal_layout,Lưu ảnh thất bại,Failed to save image,,custom/wujia_portal_layout/controllers/portal.py:137,py_gettext,,,
wujia_portal_layout,Mã xác thực (6 chữ số),Verification code (6 digits),,custom/wujia_portal_layout/views/login_page.xml:89,qweb_text,,,
wujia_portal_layout,Mã xác thực chỉ có hiệu lực trong thời gian ngắn.,Verification codes are valid for a short time only.,,custom/wujia_portal_layout/views/login_page.xml:107,qweb_text,,,
wujia_portal_layout,Mật khẩu,Password,,custom/wujia_portal_layout/views/login_page.xml:41,qweb_text,,,
wujia_portal_layout,Mật khẩu hiện tại,Current password,,custom/wujia_portal_layout/views/change_password_page.xml:37 | custom/wujia_portal_layout/views/change_password_page.xml:127,qweb_text,,,
wujia_portal_layout,Mật khẩu hiện tại không đúng.,Current password is incorrect.,,custom/wujia_portal_layout/views/change_password_page.xml:43,qweb_text,,,
wujia_portal_layout,Mật khẩu hiện tại không đúng. Vui lòng kiểm tra lại.,Current password is incorrect. Please check again.,,custom/wujia_portal_layout/controllers/portal.py:208,py_gettext,,,
wujia_portal_layout,Mật khẩu mới,New password,,custom/wujia_portal_layout/views/change_password_page.xml:47 | custom/wujia_portal_layout/views/change_password_page.xml:140 | custom/wujia_portal_layout/views/login_page.xml:174,qweb_text,,,
wujia_portal_layout,Mật khẩu mới nên có ít nhất 8 ký tự.,Use at least 8 characters for your new password.,,custom/wujia_portal_layout/views/change_password_page.xml:86,qweb_text,,,
wujia_portal_layout,Mật khẩu mới phải khác mật khẩu cũ.,New password must differ from the old password.,,custom/wujia_portal_layout/controllers/portal.py:201,py_gettext,,,
wujia_portal_layout,Mật khẩu mới tối thiểu 8 ký tự.,New password must be at least 8 characters.,,custom/wujia_portal_layout/controllers/portal.py:199,py_gettext,,,
wujia_portal_layout,Mật khẩu tối thiểu 8 ký tự.,Password must be at least 8 characters.,,custom/wujia_portal_layout/controllers/auth.py:139 | custom/wujia_portal_layout/views/login_page.xml:210,"py_gettext,qweb_text",,,
wujia_portal_layout,Mật khẩu xác nhận không khớp với mật khẩu mới.,Password confirmation does not match the new password.,,custom/wujia_portal_layout/controllers/portal.py:197,py_gettext,,,
wujia_portal_layout,Mật khẩu xác nhận không khớp.,Password confirmation does not match.,,custom/wujia_portal_layout/controllers/auth.py:137 | custom/wujia_portal_layout/views/change_password_page.xml:65,"py_gettext,qweb_text",,,
wujia_portal_layout,Mật khẩu đã được cập nhật thành công.,Your password has been updated.,,custom/wujia_portal_layout/controllers/portal.py:206,py_gettext,,,
wujia_portal_layout,Mở menu,Open menu,,custom/wujia_portal_layout/views/layouts.xml:69,qweb_attr,,,
wujia_portal_layout,Mở ứng dụng xác thực trên thiết bị của bạn để lấy mã và xác minh danh tính.,Open the authenticator app on your device to get a code and verify your identity.,,custom/wujia_portal_layout/views/login_page.xml:76,qweb_text,,,
wujia_portal_layout,Ngôn ngữ,Language,,custom/wujia_portal_layout/views/wj_acct_menu.xml:31 | custom/wujia_portal_layout/views/wj_acct_menu.xml:32,"qweb_attr,qweb_text",,,
wujia_portal_layout,Nhập 6 chữ số,Enter 6 digits,,custom/wujia_portal_layout/views/login_page.xml:94,qweb_attr,,,
wujia_portal_layout,Nhập email hoặc tên đăng nhập,Enter email or username,,custom/wujia_portal_layout/views/login_page.xml:36,qweb_attr,,,
wujia_portal_layout,Nhập email đã được cấp,Enter the email issued to you,,custom/wujia_portal_layout/views/login_page.xml:137,qweb_attr,,,
wujia_portal_layout,"Nhập email đăng nhập. Nếu thông tin phù hợp, hệ thống sẽ gửi hướng dẫn đặt lại mật khẩu đến email của bạn.","Enter your login email. If it matches an account, we will send password reset instructions to your email.",,custom/wujia_portal_layout/views/login_page.xml:118,qweb_text,,,
wujia_portal_layout,Nhập lại mật khẩu mới,Re-enter new password,,custom/wujia_portal_layout/views/change_password_page.xml:62 | custom/wujia_portal_layout/views/change_password_page.xml:153 | custom/wujia_portal_layout/views/login_page.xml:193,"qweb_attr,qweb_text",,,
wujia_portal_layout,Nhập mật khẩu,Enter password,,custom/wujia_portal_layout/views/login_page.xml:46,qweb_attr,,,
wujia_portal_layout,Nhập mật khẩu hiện tại và mật khẩu mới để cập nhật tài khoản.,Enter your current and new password to update your account.,,custom/wujia_portal_layout/views/change_password_page.xml:30,qweb_text,,,
wujia_portal_layout,Nhập tên cửa hàng,Enter store name,,custom/wujia_portal_layout/views/pc_preview.xml:166,qweb_attr,,,
wujia_portal_layout,"Nên kết hợp chữ, số và ký tự đặc biệt.","Mix letters, numbers and special characters.",,custom/wujia_portal_layout/views/change_password_page.xml:87,qweb_text,,,
wujia_portal_layout,"Nếu bạn không nhớ mật khẩu hiện tại hoặc tài khoản bị khóa, vui lòng liên hệ quản trị {brand} để được hỗ trợ.","If you forgot your current password or your account is locked, please contact the {brand} administrator for help.",,custom/wujia_portal_layout/views/change_password_page.xml:97,qweb_text,,,
wujia_portal_layout,"Nếu email tồn tại trong hệ thống, hướng dẫn đặt lại mật khẩu đã được gửi tới hộp thư của bạn.","If the email exists in our system, password reset instructions have been sent to your inbox.",,custom/wujia_portal_layout/controllers/auth.py:114,py_gettext,,,
wujia_portal_layout,POSM tháng 06,June POSM,,custom/wujia_portal_layout/views/pc_preview.xml:149,qweb_text,,,
wujia_portal_layout,Phân trang,Pagination,,custom/wujia_portal_layout/views/wj_pagination.xml:12,qweb_attr,,,
wujia_portal_layout,Quên mật khẩu,Forgot password,,custom/wujia_portal_layout/views/login_page.xml:117,qweb_text,,,
wujia_portal_layout,Quên mật khẩu?,Forgot password?,,custom/wujia_portal_layout/views/login_page.xml:55,qweb_text,,,
wujia_portal_layout,Quản lý thông tin người dùng portal đang đăng nhập,Manage the signed-in portal user,,custom/wujia_portal_layout/views/profile_page.xml:10,qweb_text,,,
wujia_portal_layout,Số dòng mỗi trang,Rows per page,,custom/wujia_portal_layout/views/wj_pagination.xml:24,qweb_attr,,,
wujia_portal_layout,Số điện thoại không hợp lệ,Invalid phone number,,custom/wujia_portal_layout/controllers/portal.py:110,py_gettext,,,
wujia_portal_layout,Sử dụng tài khoản {brand} đã cấp để truy cập hệ thống.,Use the {brand} account issued to you to access the system.,,custom/wujia_portal_layout/views/login_page.xml:14,qweb_text,,,
wujia_portal_layout,Textarea / ghi chú,Textarea / note,,custom/wujia_portal_layout/views/pc_preview.xml:174,qweb_attr,,,
wujia_portal_layout,Theo dõi nghiệp vụ dành cho hệ thống cửa hàng nhượng quyền {brand} trong cùng một cổng thông tin.,Track daily operations for the {brand} franchise store network in a single portal.,,custom/wujia_portal_layout/views/login_page.xml:256,qweb_text,,,
wujia_portal_layout,Thêm,More,,custom/wujia_portal_layout/views/mobile_bottomnav.xml:26,qweb_text,,,
wujia_portal_layout,Thêm chức năng,More features,,custom/wujia_portal_layout/views/mobile_bottomnav.xml:35 | custom/wujia_portal_layout/views/mobile_bottomnav.xml:40,"qweb_attr,qweb_text",,,
wujia_portal_layout,Thông tin cá nhân,Personal information,,custom/wujia_portal_layout/views/profile_page.xml:47,qweb_text,,,
wujia_portal_layout,Thông tin mật khẩu,Password details,,custom/wujia_portal_layout/views/change_password_page.xml:29 | custom/wujia_portal_layout/views/change_password_page.xml:118,qweb_text,,,
wujia_portal_layout,Thông tin tài khoản,Account information,,custom/wujia_portal_layout/views/pc_account_shell.xml:45 | custom/wujia_portal_layout/views/wj_acct_menu.xml:16,qweb_text,,,
wujia_portal_layout,Thông tin tài khoản được quản lý bởi {brand}. Vui lòng liên hệ quản trị nếu cần cập nhật.,Account details are managed by {brand}. Please contact the administrator to update them.,,custom/wujia_portal_layout/views/profile_page.xml:84,qweb_text,,,
wujia_portal_layout,Thông tin tóm tắt hoặc cảnh báo hiển thị tại đây.,A summary or warning is shown here.,,custom/wujia_portal_layout/views/pc_preview.xml:194,qweb_text,,,
wujia_portal_layout,Trang trước,Previous page,,custom/wujia_portal_layout/views/wj_pagination.xml:38 | custom/wujia_portal_layout/views/wj_pagination.xml:42,qweb_text,,,
wujia_portal_layout,Trạng thái tài khoản,Account status,,custom/wujia_portal_layout/views/profile_page.xml:78,qweb_text,,,
wujia_portal_layout,Tài chính & xử lý,Finance & processing,,custom/wujia_portal_layout/views/layouts.xml:163,qweb_text,,,
wujia_portal_layout,Tài khoản,Account,,custom/wujia_portal_layout/views/layouts.xml:102 | custom/wujia_portal_layout/views/mobile_header.xml:55 | custom/wujia_portal_layout/views/profile_page.xml:9,"qweb_attr,qweb_text",,,
wujia_portal_layout,Tìm,Find,,custom/wujia_portal_layout/views/pc_preview.xml:29,qweb_text,,,
wujia_portal_layout,Tạo mật khẩu mới cho tài khoản,Create a new password for your account,,custom/wujia_portal_layout/views/login_page.xml:161,qweb_text,,,
wujia_portal_layout,Tạo mới,Create,,custom/wujia_portal_layout/views/pc_preview.xml:20 | custom/wujia_portal_layout/views/pc_preview.xml:27 | custom/wujia_portal_layout/views/pc_preview.xml:113,qweb_text,,,
wujia_portal_layout,Tối thiểu 8 ký tự,Minimum 8 characters,,custom/wujia_portal_layout/views/login_page.xml:179,qweb_attr,,,
wujia_portal_layout,Vai trò portal,Portal role,,custom/wujia_portal_layout/views/profile_page.xml:65,qweb_text,,,
wujia_portal_layout,Vui lòng kiểm tra hộp thư và thư rác sau khi gửi.,Please check your inbox and spam folder after sending.,,custom/wujia_portal_layout/views/login_page.xml:150,qweb_text,,,
wujia_portal_layout,Vui lòng nhập email.,Please enter your email.,,custom/wujia_portal_layout/controllers/auth.py:97,py_gettext,,,
wujia_portal_layout,Vui lòng nhập đầy đủ.,Please fill in all fields.,,custom/wujia_portal_layout/controllers/portal.py:195,py_gettext,,,
wujia_portal_layout,Vận hành cửa hàng,Run your store,,custom/wujia_portal_layout/views/login_page.xml:255,qweb_text,,,
wujia_portal_layout,Wujia Portal / Tài khoản,Wujia Portal / Account,,custom/wujia_portal_layout/views/pc_account_shell.xml:20,qweb_text,,,
wujia_portal_layout,Xác nhận mật khẩu,Confirm password,,custom/wujia_portal_layout/views/login_page.xml:188,qweb_text,,,
wujia_portal_layout,Xác nhận mật khẩu mới,Confirm new password,,custom/wujia_portal_layout/views/change_password_page.xml:58,qweb_text,,,
wujia_portal_layout,Xác nhận thao tác,Confirm action,,custom/wujia_portal_layout/views/pc_preview.xml:191,qweb_text,,,
wujia_portal_layout,Xác thực hai lớp,Two-factor authentication,,custom/wujia_portal_layout/views/login_page.xml:75,qweb_text,,,
wujia_portal_layout,Xóa,Delete,,custom/wujia_portal_layout/views/pc_preview.xml:32,qweb_text,,,
wujia_portal_layout,Yêu cầu hỗ trợ sẽ được xử lý theo quyền tài khoản.,Support requests are handled according to account permissions.,,custom/wujia_portal_layout/views/change_password_page.xml:99,qweb_text,,,
wujia_portal_layout,trên một nền tảng,on one platform,,custom/wujia_portal_layout/views/login_page.xml:255,qweb_text,,,
wujia_portal_layout,Ít nhất 8 ký tự,At least 8 characters,,custom/wujia_portal_layout/views/change_password_page.xml:51,qweb_attr,,,
wujia_portal_layout,Điều hướng chính,Main navigation,,custom/wujia_portal_layout/views/layouts.xml:145,qweb_attr,,,
wujia_portal_layout,Đóng menu,Close menu,,custom/wujia_portal_layout/views/layouts.xml:150,qweb_attr,,,
wujia_portal_layout,Đăng nhập,Sign in,,custom/wujia_portal_layout/views/login_page.xml:58,qweb_text,,,
wujia_portal_layout,Đăng nhập tài khoản,Sign in to your account,,custom/wujia_portal_layout/views/login_page.xml:13,qweb_text,,,
wujia_portal_layout,Đăng xuất,Sign out,,custom/wujia_portal_layout/views/pc_account_shell.xml:59 | custom/wujia_portal_layout/views/wj_acct_menu.xml:44,qweb_text,,,
wujia_portal_layout,Đơn hôm nay,Today's orders,,custom/wujia_portal_layout/views/pc_preview.xml:54,qweb_text,,,
wujia_portal_layout,Đơn đặt hàng nguyên liệu,Ingredient purchase order,,custom/wujia_portal_layout/views/pc_preview.xml:125,qweb_text,,,
wujia_portal_layout,Đơn định kỳ tuần 24,Week 24 recurring order,,custom/wujia_portal_layout/views/pc_preview.xml:141,qweb_text,,,
wujia_portal_layout,Đặt lại mật khẩu,Reset password,,custom/wujia_portal_layout/views/login_page.xml:160 | custom/wujia_portal_layout/views/login_page.xml:201,qweb_text,,,
wujia_portal_layout,Định dạng ảnh không hỗ trợ,Unsupported image format,,custom/wujia_portal_layout/controllers/portal.py:131,py_gettext,,,
wujia_portal_layout,Đổi mật khẩu,Change password,,custom/wujia_portal_layout/controllers/portal.py:180 | custom/wujia_portal_layout/views/change_password_page.xml:10 | custom/wujia_portal_layout/views/change_password_page.xml:112,"py_gettext,qweb_text",,,
wujia_portal_layout,Ảnh đại diện vượt quá 2MB,Avatar exceeds 2MB,,custom/wujia_portal_layout/controllers/portal.py:129,py_gettext,,,
wujia_portal_layout,Ẩn,Hide,,custom/wujia_portal_layout/static/assets/js/wujia_password_toggle.js:23,js_literal,,,
wujia_portal_layout,← Quay lại đăng nhập,← Back to sign in,,custom/wujia_portal_layout/views/login_page.xml:101 | custom/wujia_portal_layout/views/login_page.xml:144 | custom/wujia_portal_layout/views/login_page.xml:204,qweb_text,,,
"wujia_portal_layout, wujia_portal_purchase_history",Danh sách đơn hàng,Order list,,custom/wujia_portal_layout/views/pc_preview.xml:110 | custom/wujia_portal_purchase_history/views/portal_history.xml:34,qweb_text,,,
"wujia_portal_layout, wujia_portal_purchase_history",Theo dõi đơn đặt hàng của cửa hàng đang thao tác,Track purchase orders of the active store,,custom/wujia_portal_layout/views/pc_preview.xml:111 | custom/wujia_portal_purchase_history/views/portal_history.xml:35,qweb_text,,,
"wujia_portal_layout, wujia_portal_report",Chưa có dữ liệu,No data yet,,custom/wujia_portal_layout/views/pc_preview.xml:182 | custom/wujia_portal_report/views/portal_report_orders.xml:313,qweb_text,,,
"wujia_portal_layout, wujia_portal_sale",Ngày,Date,,custom/wujia_portal_layout/views/pc_preview.xml:118 | custom/wujia_portal_sale/controllers/portal.py:873,"py_literal,qweb_text",,,
wujia_portal_notification,"<div class=""wj-pc-noti-popup__empty"">Không có thông báo nào.</div>","<div class=""wj-pc-noti-popup__empty"">No notifications.</div>",,custom/wujia_portal_notification/static/src/js/header_bell_badge.js:72,js_literal,,,
wujia_portal_notification,"<div class=""wj-pc-noti-popup__empty"">Không tải được thông báo.</div>","<div class=""wj-pc-noti-popup__empty"">Could not load notifications.</div>",,custom/wujia_portal_notification/static/src/js/header_bell_badge.js:135,js_literal,,,
wujia_portal_notification,"<span class=""wj-pc-badge wj-pc-badge--sm wj-pc-badge--confirmed"">Có file</span>","<span class=""wj-pc-badge wj-pc-badge--sm wj-pc-badge--confirmed"">Has file</span>",,custom/wujia_portal_notification/static/src/js/header_bell_badge.js:83,js_literal,,,
wujia_portal_notification,Bạn không có quyền thao tác với cửa hàng này.,You do not have permission to act on this store.,,custom/wujia_portal_notification/controllers/portal.py:30,py_literal,,,
wujia_portal_notification,Bộ lọc không hợp lệ. Vui lòng kiểm tra lại.,Invalid filter. Please check again.,,custom/wujia_portal_notification/controllers/portal.py:31,py_literal,,,
wujia_portal_notification,Chi tiết thông báo,Notification details,,custom/wujia_portal_notification/views/portal_notification.xml:323 | custom/wujia_portal_notification/views/portal_notification.xml:410,qweb_text,,,
wujia_portal_notification,Chưa có thông báo,No notifications yet,,custom/wujia_portal_notification/views/portal_notification.xml:129,qweb_text,,,
wujia_portal_notification,Chưa thể cập nhật trạng thái đã đọc. Vui lòng thử lại.,Could not update the read status. Please try again.,,custom/wujia_portal_notification/controllers/portal.py:34,py_literal,,,
wujia_portal_notification,Chưa thể đánh dấu đã đọc. Vui lòng thử lại.,Could not mark as read. Please try again.,,custom/wujia_portal_notification/static/src/js/portal_notification_pc.js:34,js_literal,,,
wujia_portal_notification,Chưa đọc,Unread,,custom/wujia_portal_notification/views/portal_notification.xml:25 | custom/wujia_portal_notification/views/portal_notification.xml:90 | custom/wujia_portal_notification/views/portal_notification.xml:118,qweb_text,,,
wujia_portal_notification,Có file,Has file,,custom/wujia_portal_notification/views/portal_notification.xml:170 | custom/wujia_portal_notification/views/portal_notification.xml:444,qweb_text,,,
wujia_portal_notification,Cần làm,Action required,,custom/wujia_portal_notification/controllers/portal.py:52 | custom/wujia_portal_notification/views/portal_notification.xml:29 | custom/wujia_portal_notification/views/portal_notification.xml:122,"py_literal,qweb_text",,,
wujia_portal_notification,Danh sách thông báo,Notification list,,custom/wujia_portal_notification/views/portal_notification.xml:36,qweb_text,,,
wujia_portal_notification,"Hiển thị thông báo còn hiệu lực, đúng đối tượng nhận.",Showing valid notifications addressed to you.,,custom/wujia_portal_notification/views/portal_notification.xml:37,qweb_text,,,
wujia_portal_notification,Hiện chưa có thông báo nào để hiển thị.,There are no notifications to show yet.,,custom/wujia_portal_notification/views/portal_notification.xml:130,qweb_text,,,
wujia_portal_notification,Không có thông báo,No notifications,,custom/wujia_portal_notification/views/portal_notification.xml:56,qweb_text,,,
wujia_portal_notification,Không có thông báo nào khớp bộ lọc hiện tại.,No notifications match the current filters.,,custom/wujia_portal_notification/views/portal_notification.xml:57,qweb_text,,,
wujia_portal_notification,Loại thông báo,Notification type,,custom/wujia_portal_notification/views/portal_notification.xml:365,qweb_text,,,
wujia_portal_notification,Màn thông báo trên portal cửa hàng + chuông header — nghiệp vụ ở wujia_notification (F11),Notification screens on the store portal + header bell — business logic in wujia_notification (F11),,custom/wujia_portal_notification/__manifest__.py:5,py_literal,,,
wujia_portal_notification,Mã thông báo,Notification code,,custom/wujia_portal_notification/views/portal_notification.xml:361,qweb_text,,,
wujia_portal_notification,Nội dung thông báo,Notification content,,custom/wujia_portal_notification/views/portal_notification.xml:334,qweb_text,,,
wujia_portal_notification,Phiên đăng nhập đã hết hạn. Vui lòng đăng nhập lại.,Your session has expired. Please log in again.,,custom/wujia_portal_notification/controllers/portal.py:28,py_literal,,,
wujia_portal_notification,Quan trọng,Important,,custom/wujia_portal_notification/controllers/portal.py:51 | custom/wujia_portal_notification/views/portal_notification.xml:27 | custom/wujia_portal_notification/views/portal_notification.xml:120,"py_literal,qweb_text",,,
wujia_portal_notification,Số lượng bản ghi mỗi trang không hợp lệ.,Invalid number of records per page.,,custom/wujia_portal_notification/controllers/portal.py:32,py_literal,,,
wujia_portal_notification,Thông báo / Chi tiết thông báo,Notifications / Notification details,,custom/wujia_portal_notification/views/portal_notification.xml:322,qweb_text,,,
wujia_portal_notification,"Thông báo không tồn tại, đã bị thu hồi hoặc bạn không có quyền xem.","The notification does not exist, has been withdrawn or you do not have permission to view it.",,custom/wujia_portal_notification/controllers/portal.py:33,py_literal,,,
wujia_portal_notification,Thông báo khẩn — cần xử lý ngay,Urgent notice — action needed now,,custom/wujia_portal_notification/views/portal_notification.xml:346,qweb_text,,,
wujia_portal_notification,Thông báo từ HQ sẽ hiển thị tại đây khi có.,Notifications from HQ will appear here.,,custom/wujia_portal_notification/views/portal_notification.xml:131,qweb_text,,,
wujia_portal_notification,Thông thường,Regular,,custom/wujia_portal_notification/controllers/portal.py:50,py_literal,,,
wujia_portal_notification,Thông tin thông báo,Notification info,,custom/wujia_portal_notification/views/portal_notification.xml:356,qweb_text,,,
wujia_portal_notification,Tài liệu không tồn tại hoặc bạn không có quyền tải xuống.,The document does not exist or you do not have permission to download it.,,custom/wujia_portal_notification/controllers/portal.py:35,py_literal,,,
wujia_portal_notification,Tải xuống,Download,,custom/wujia_portal_notification/views/portal_notification.xml:395,qweb_text,,,
wujia_portal_notification,Wujia Mobile — tab Thông báo,Wujia Mobile — Notifications tab,,custom/wujia_portal_notification/views/bottomnav_inherit.xml:8,qweb_attr,attr `name` Odoo không dịch ⇒ <t t-set> (quy ước §6),,
wujia_portal_notification,Xem tất cả thông báo,View all notifications,,custom/wujia_portal_notification/views/header_bell_inherit.xml:32,qweb_text,,,
wujia_portal_notification,"[{'name': 'type_id', 'value': type_id, 'label': 'Loại thông báo', 'all_label': 'Loại thông báo', 'options': [(tp.id, tp.name) for tp in types]}, {'name': 'unread', 'value': '1' if unread else '', 'label': 'Trạng thái', 'all_label': 'Trạng thái', 'options': [('1', 'Chưa đọc')]}]",Notification type / Status / Unread,,custom/wujia_portal_notification/views/portal_notification.xml:239,qweb_expr,,,
wujia_portal_notification,chưa đọc,unread,,custom/wujia_portal_notification/static/src/js/header_bell_badge.js:66 | custom/wujia_portal_notification/static/src/js/header_bell_badge.js:68 | custom/wujia_portal_notification/views/portal_notification.xml:41,"js_literal,qweb_text",,,
wujia_portal_notification,thông báo,notifications,,custom/wujia_portal_notification/controllers/portal.py:113 | custom/wujia_portal_notification/controllers/portal.py:200,py_literal,,,
wujia_portal_notification,thông báo là đã đọc.,notifications as read.,,custom/wujia_portal_notification/static/src/js/portal_notification_pc.js:38,js_literal,,,
wujia_portal_notification,thông báo •,notifications •,,custom/wujia_portal_notification/static/src/js/header_bell_badge.js:66,js_literal,,,
wujia_portal_notification,"{'URG': 'Thông báo khẩn — cần xử lý ngay', 'GEN': 'Thông báo dành cho cửa hàng nhượng quyền', 'PROMO': 'Chương trình khuyến mãi & ưu đãi', 'SYS': 'Thông báo hệ thống & vận hành', 'OTH': 'Thông báo khác'}",Urgent notice — action needed now / Notice for franchise stores / Promotions & offers / System & operations notice / Other notice,,custom/wujia_portal_notification/views/portal_notification.xml:314,qweb_expr,,,
wujia_portal_notification,"{'name': 'keyword', 'value': keyword or '', 'placeholder': 'Nhập tiêu đề, mã thông báo...'}","Enter title, notification code...",,custom/wujia_portal_notification/views/portal_notification.xml:228,qweb_expr,,,
wujia_portal_notification,"{'name': 'keyword', 'value': keyword or '', 'placeholder': 'Tìm mã / tiêu đề'}",Search code / title,,custom/wujia_portal_notification/views/portal_notification.xml:280,qweb_expr,,,
wujia_portal_notification,"{'urgent': ('Cần làm', 'wujia-badge-success', 'icon-check-circle'), 'important': ('Quan trọng', 'wujia-badge-warning', 'icon-alert-triangle'), 'normal': ('Thông thường', 'wujia-badge-info', 'icon-info')}",Action required / Important / Regular,,custom/wujia_portal_notification/views/portal_notification.xml:12 | custom/wujia_portal_notification/views/portal_notification.xml:315,qweb_expr,,,
wujia_portal_notification,Đang tải thông báo…,Loading notifications…,,custom/wujia_portal_notification/views/header_bell_inherit.xml:30,qweb_text,,,
wujia_portal_notification,Đang tải…,Loading…,,custom/wujia_portal_notification/views/header_bell_inherit.xml:24,qweb_text,,,
wujia_portal_notification,Đánh dấu đã đọc,Mark as read,,custom/wujia_portal_notification/views/portal_notification.xml:43,qweb_text,,,
wujia_portal_notification,Đã hết hiệu lực,No longer valid,,custom/wujia_portal_notification/views/portal_notification.xml:92 | custom/wujia_portal_notification/views/portal_notification.xml:167 | custom/wujia_portal_notification/views/portal_notification.xml:342,qweb_text,,,
wujia_portal_notification,Đã đánh dấu,Marked,,custom/wujia_portal_notification/static/src/js/portal_notification_pc.js:38,js_literal,,,
wujia_portal_notification,Đã đọc,Read,,custom/wujia_portal_notification/views/portal_notification.xml:91,qweb_text,,,
"wujia_portal_notification, wujia_portal_support",File đính kèm,Attached files,,custom/wujia_portal_notification/views/portal_notification.xml:454 | custom/wujia_portal_support/views/portal_support.xml:408 | custom/wujia_portal_support/views/portal_support.xml:563,qweb_text,,,
wujia_portal_purchase_history,Batch / giao hàng,Batch / delivery,,custom/wujia_portal_purchase_history/views/portal_history.xml:61 | custom/wujia_portal_purchase_history/views/portal_history.xml:404,qweb_text,,,
wujia_portal_purchase_history,Batch giao hàng,Delivery batch,,custom/wujia_portal_purchase_history/views/portal_history.xml:410,qweb_text,,,
wujia_portal_purchase_history,Chi tiết đơn hàng,Order details,,custom/wujia_portal_purchase_history/views/portal_history.xml:301 | custom/wujia_portal_purchase_history/views/portal_history.xml:314 | custom/wujia_portal_purchase_history/views/portal_history.xml:336,qweb_text,,,
wujia_portal_purchase_history,Chưa có đơn hàng nào khớp bộ lọc.,No orders match the filters.,,custom/wujia_portal_purchase_history/views/portal_history.xml:51,qweb_text,,,
wujia_portal_purchase_history,Danh sách đơn,List of orders,,custom/wujia_portal_purchase_history/views/portal_history.xml:100,qweb_text,,,
wujia_portal_purchase_history,Ghi chú giao hàng,Delivery note,,custom/wujia_portal_purchase_history/views/portal_history.xml:418 | custom/wujia_portal_purchase_history/views/portal_history.xml:540,qweb_text,,,
wujia_portal_purchase_history,Ghi chú khi đặt hàng,Ordering note,,custom/wujia_portal_purchase_history/views/portal_history.xml:555,qweb_text,,,
wujia_portal_purchase_history,Hiện chưa có đơn hàng nào để hiển thị.,There are no orders to display yet.,,custom/wujia_portal_purchase_history/views/portal_history.xml:113,qweb_text,,,
wujia_portal_purchase_history,Hủy chuyến,Trip cancelled,,custom/wujia_portal_purchase_history/controllers/portal.py:37,py_literal,,,
wujia_portal_purchase_history,Không tìm thấy đơn hàng hoặc bạn không có quyền xem đơn hàng này.,Order not found or you are not allowed to view this order.,,custom/wujia_portal_purchase_history/controllers/portal.py:42,py_literal,,,
wujia_portal_purchase_history,Không xem được đơn hàng,Cannot view the order,,custom/wujia_portal_purchase_history/views/portal_history.xml:306,qweb_text,,,
wujia_portal_purchase_history,Không xác định được cửa hàng đang thao tác. Vui lòng chọn lại cửa hàng.,Cannot determine the active store. Please select the store again.,,custom/wujia_portal_purchase_history/controllers/portal.py:41,py_literal,,,
wujia_portal_purchase_history,Lịch sử đặt hàng / Chi tiết đơn hàng,Order history / Order details,,custom/wujia_portal_purchase_history/views/portal_history.xml:300 | custom/wujia_portal_purchase_history/views/portal_history.xml:335,qweb_text,,,
wujia_portal_purchase_history,Lịch sử đặt hàng portal — list + detail (controller BA CT-024/025),Portal order history — list + detail (BA controller CT-024/025),,custom/wujia_portal_purchase_history/__manifest__.py:5,py_literal,,,
wujia_portal_purchase_history,Ngày giao,Delivery date,,custom/wujia_portal_purchase_history/views/portal_history.xml:422,qweb_text,,,
wujia_portal_purchase_history,Ngày xác nhận,Confirmation date,,custom/wujia_portal_purchase_history/views/portal_history.xml:58 | custom/wujia_portal_purchase_history/views/portal_history.xml:388,qweb_text,,,
wujia_portal_purchase_history,Ngày đặt hàng,Ordered on,,custom/wujia_portal_purchase_history/views/portal_history.xml:360 | custom/wujia_portal_purchase_history/views/portal_history.xml:383,qweb_text,,,
wujia_portal_purchase_history,Người đặt,Ordered by,,custom/wujia_portal_purchase_history/views/portal_history.xml:59 | custom/wujia_portal_purchase_history/views/portal_history.xml:392 | custom/wujia_portal_purchase_history/views/portal_history.xml:504,qweb_text,,,
wujia_portal_purchase_history,Quy cách:,Packaging:,,custom/wujia_portal_purchase_history/views/portal_history.xml:572,qweb_text,,,
wujia_portal_purchase_history,Sản phẩm đã đặt,Ordered products,,custom/wujia_portal_purchase_history/views/portal_history.xml:433,qweb_text,,,
wujia_portal_purchase_history,Số dòng hàng,Line count,,custom/wujia_portal_purchase_history/views/portal_history.xml:518,qweb_text,,,
wujia_portal_purchase_history,Số phiếu batch,Batch number,,custom/wujia_portal_purchase_history/views/portal_history.xml:532,qweb_text,,,
wujia_portal_purchase_history,Tháng này,This month,,custom/wujia_portal_purchase_history/views/portal_history.xml:88,qweb_text,,,
wujia_portal_purchase_history,Thông tin batch / giao hàng,Batch / delivery information,,custom/wujia_portal_purchase_history/views/portal_history.xml:528,qweb_text,,,
wujia_portal_purchase_history,Thời gian khởi hành,Departure time,,custom/wujia_portal_purchase_history/views/portal_history.xml:544,qweb_text,,,
wujia_portal_purchase_history,Trạng thái giao hàng,Shipping status,,custom/wujia_portal_purchase_history/views/portal_history.xml:414 | custom/wujia_portal_purchase_history/views/portal_history.xml:536,qweb_text,,,
wujia_portal_purchase_history,Tổng cộng,Order total,,custom/wujia_portal_purchase_history/views/portal_history.xml:461,qweb_text,,,
wujia_portal_purchase_history,Wujia Mobile — Lịch sử đặt hàng sáng tab Đặt hàng,Wujia Mobile — Order history highlights the Order tab,,custom/wujia_portal_purchase_history/views/bottomnav_inherit.xml:10,qweb_attr,attr `name` Odoo không dịch ⇒ <t t-set> (quy ước §6),,
wujia_portal_purchase_history,Wujia Sidenav — Lịch sử đặt hàng,Wujia Sidenav — Order history,,custom/wujia_portal_purchase_history/views/sidenav_inherit.xml:9,qweb_attr,attr `name` Odoo không dịch ⇒ <t t-set> (quy ước §6),,
wujia_portal_purchase_history,{brand} tạo đơn,{brand} (backend),,custom/wujia_portal_purchase_history/controllers/portal.py:39,py_literal,,,
wujia_portal_purchase_history,· Người đặt,· Ordered by,,custom/wujia_portal_purchase_history/views/portal_history.xml:361,qweb_text,,,
wujia_portal_purchase_history,· SL: x,· Qty: x,,custom/wujia_portal_purchase_history/views/portal_history.xml:581,qweb_text,viết tắt scanner bỏ sót,,
wujia_portal_purchase_history,Đang chất hàng,Loading goods,,custom/wujia_portal_purchase_history/controllers/portal.py:34,py_literal,,,
wujia_portal_purchase_history,Đã giao xong,Delivery completed,,custom/wujia_portal_purchase_history/controllers/portal.py:36,py_literal,,,
wujia_portal_purchase_history,Đã gán xe,Vehicle assigned,,custom/wujia_portal_purchase_history/controllers/portal.py:33,py_literal,,,
wujia_portal_purchase_history,Đã gồm thuế các dòng sản phẩm trong đơn,Includes taxes of all order lines,,custom/wujia_portal_purchase_history/views/portal_history.xml:368,qweb_text,,,
wujia_portal_purchase_history,Đơn mới sẽ xuất hiện tại đây khi được cập nhật.,New orders will appear here once updated.,,custom/wujia_portal_purchase_history/views/portal_history.xml:114,qweb_text,,,
wujia_portal_purchase_history,Đơn vị tính,Unit of measure,,custom/wujia_portal_purchase_history/views/portal_history.xml:444,qweb_text,,,
wujia_portal_purchase_history,đơn gần nhất,latest orders,,custom/wujia_portal_purchase_history/views/portal_history.xml:104,qweb_text,,,
"wujia_portal_purchase_history, wujia_portal_report",Mã đơn,Order code,,custom/wujia_portal_purchase_history/views/portal_history.xml:56 | custom/wujia_portal_purchase_history/views/portal_history.xml:345 | custom/wujia_portal_report/controllers/portal.py:256,"py_literal,qweb_text",,,
"wujia_portal_purchase_history, wujia_portal_report",Ngày đặt,Order date,,custom/wujia_portal_purchase_history/views/portal_history.xml:132 | custom/wujia_portal_report/controllers/portal.py:256,"py_literal,qweb_text",,,
"wujia_portal_purchase_history, wujia_portal_report, wujia_portal_return, wujia_portal_sale",Sản phẩm,Product,,custom/wujia_portal_purchase_history/views/portal_history.xml:443 | custom/wujia_portal_report/views/portal_report_orders.xml:320 | custom/wujia_portal_return/views/portal_return_detail.xml:119,qweb_text,,,
"wujia_portal_purchase_history, wujia_portal_report, wujia_portal_sale",sản phẩm,products,,custom/wujia_portal_purchase_history/views/portal_history.xml:437 | custom/wujia_portal_purchase_history/views/portal_history.xml:519 | custom/wujia_portal_report/views/portal_report_orders.xml:133,"py_literal,qweb_text",,,
"wujia_portal_purchase_history, wujia_portal_return",Thông tin đơn hàng,Order information,,custom/wujia_portal_purchase_history/views/portal_history.xml:377 | custom/wujia_portal_purchase_history/views/portal_history.xml:500 | custom/wujia_portal_return/views/portal_return_detail.xml:259,qweb_text,,,
"wujia_portal_purchase_history, wujia_portal_sale",Danh sách sản phẩm,Product list,,custom/wujia_portal_purchase_history/views/portal_history.xml:566 | custom/wujia_portal_sale/views/portal_order_catalog.xml:19 | custom/wujia_portal_sale/views/portal_order_catalog.xml:104,qweb_text,,,
"wujia_portal_purchase_history, wujia_portal_sale",Thành tiền,Line total,,custom/wujia_portal_purchase_history/views/portal_history.xml:447 | custom/wujia_portal_sale/views/pc_cart_panel.xml:47 | custom/wujia_portal_sale/views/portal_order_cart.xml:87,qweb_text,,,
"wujia_portal_purchase_history, wujia_portal_sale",Đơn giá,Unit price,,custom/wujia_portal_purchase_history/views/portal_history.xml:446 | custom/wujia_portal_sale/views/pc_cart_panel.xml:45 | custom/wujia_portal_sale/views/portal_order_catalog.xml:37,qweb_text,,,
wujia_portal_report,Báo cáo,Reports,,custom/wujia_portal_report/views/bottomnav_inherit.xml:14 | custom/wujia_portal_report/views/sidenav_inherit.xml:16,qweb_text,,,
wujia_portal_report,Báo cáo đặt hàng,Order report,,custom/wujia_portal_report/controllers/portal.py:57 | custom/wujia_portal_report/controllers/portal.py:200 | custom/wujia_portal_report/views/portal_report_orders.xml:16,"py_gettext,qweb_text",,,
wujia_portal_report,Báo cáo đặt hàng cho Owner/Manager (BA Phase 1),Order report for owners and managers (BA Phase 1),,custom/wujia_portal_report/__manifest__.py:5,py_literal,,,
wujia_portal_report,Chưa có sản phẩm nào trong khoảng thời gian đã chọn.,No products in the selected period.,,custom/wujia_portal_report/views/portal_report_orders.xml:137 | custom/wujia_portal_report/views/portal_report_orders.xml:314,qweb_text,,,
wujia_portal_report,Chưa có đơn hàng trong khoảng đã chọn.,No orders in the selected range.,,custom/wujia_portal_report/views/portal_report_orders.xml:103,qweb_text,,,
wujia_portal_report,Hoàn thành,Done,,custom/wujia_portal_report/controllers/portal.py:35,py_literal,,,
wujia_portal_report,Khoảng đã chọn,Selected range,,custom/wujia_portal_report/views/portal_report_orders.xml:63,qweb_text,,,
wujia_portal_report,Khách hàng,Customer,,custom/wujia_portal_report/controllers/portal.py:256,py_literal,,,
wujia_portal_report,Phân bổ trạng thái,Status breakdown,,custom/wujia_portal_report/views/portal_report_orders.xml:97 | custom/wujia_portal_report/views/portal_report_orders.xml:269,qweb_text,,,
wujia_portal_report,Sản phẩm đặt hàng nhiều nhất,Most ordered products,,custom/wujia_portal_report/views/portal_report_orders.xml:131,qweb_text,,,
wujia_portal_report,Số dòng,Lines,,custom/wujia_portal_report/controllers/portal.py:257,py_literal,,,
wujia_portal_report,Số trong cột = số đơn,Number in bar = order count,,custom/wujia_portal_report/views/portal_report_orders.xml:90,qweb_text,,,
wujia_portal_report,Số trong cột: số đơn,Number in bar: order count,,custom/wujia_portal_report/views/portal_report_orders.xml:257,qweb_text,,,
wujia_portal_report,"Theo dõi đơn hàng, doanh thu và sản phẩm của cửa hàng.","Track your store's orders, revenue and products.",,custom/wujia_portal_report/views/portal_report_orders.xml:168,qweb_text,,,
wujia_portal_report,Thống kê đơn hàng,Order statistics,,custom/wujia_portal_report/views/bottomnav_inherit.xml:15,qweb_text,,,
wujia_portal_report,Top sản phẩm đặt hàng nhiều nhất,Top ordered products,,custom/wujia_portal_report/views/portal_report_orders.xml:300,qweb_text,,,
wujia_portal_report,Trang /portal/reports/orders với KPI cards + bar chart 12 tháng + top SP + state distribution. Staff bị block redirect.,"Page /portal/reports/orders with KPI cards, a 12-month bar chart, top products and status distribution. Staff are redirected away.",,custom/wujia_portal_report/__manifest__.py:6,py_literal,,,
wujia_portal_report,Trong khoảng đã chọn,In the selected range,,custom/wujia_portal_report/views/portal_report_orders.xml:213,qweb_text,,,
wujia_portal_report,Tổng,Total,,custom/wujia_portal_report/static/src/js/portal_report_charts.js:150,js_literal,,,
wujia_portal_report,Tổng đơn hàng,Total orders,,custom/wujia_portal_report/views/portal_report_orders.xml:54 | custom/wujia_portal_report/views/portal_report_orders.xml:197,qweb_text,,,
wujia_portal_report,Tỷ lệ đơn hàng theo trạng thái,Order share by status,,custom/wujia_portal_report/views/portal_report_orders.xml:108,qweb_attr,,,
wujia_portal_report,Wujia Mobile — sheet Thêm: Báo cáo,Wujia Mobile — More sheet: Reports,,custom/wujia_portal_report/views/bottomnav_inherit.xml:8,qweb_attr,attr `name` Odoo không dịch ⇒ <t t-set> (quy ước §6),,
wujia_portal_report,Wujia Portal — Báo cáo,Wujia Portal — Reports,,custom/wujia_portal_report/__manifest__.py:2,py_literal,,,
wujia_portal_report,Wujia Portal — Báo cáo đặt hàng,Wujia Portal — Order report,,custom/wujia_portal_report/views/portal_report_orders.xml:13,qweb_attr,attr `name` Odoo không dịch ⇒ <t t-set> (quy ước §6),,
wujia_portal_report,Wujia Sidenav — Báo cáo,Wujia Sidenav — Reports,,custom/wujia_portal_report/views/sidenav_inherit.xml:9,qweb_attr,attr `name` Odoo không dịch ⇒ <t t-set> (quy ước §6),,
wujia_portal_report,p['name'] or 'Không xác định',Unknown,,custom/wujia_portal_report/views/portal_report_orders.xml:145 | custom/wujia_portal_report/views/portal_report_orders.xml:331,qweb_expr,,,
wujia_portal_report,Đã đặt + đã xác nhận,Placed + confirmed,,custom/wujia_portal_report/views/portal_report_orders.xml:57 | custom/wujia_portal_report/views/portal_report_orders.xml:200,qweb_text,,,
wujia_portal_report,Đơn bị hủy,Orders cancelled,,custom/wujia_portal_report/views/portal_report_orders.xml:74 | custom/wujia_portal_report/views/portal_report_orders.xml:238,qweb_text,,,
wujia_portal_report,Đơn hoàn thành,Completed orders,,custom/wujia_portal_report/views/portal_report_orders.xml:67 | custom/wujia_portal_report/views/portal_report_orders.xml:224,qweb_text,,,
wujia_portal_report,Đơn hàng theo tháng,Orders by month,,custom/wujia_portal_report/views/portal_report_orders.xml:84 | custom/wujia_portal_report/views/portal_report_orders.xml:249,qweb_text,,,
wujia_portal_report,Đơn vị,Unit,,custom/wujia_portal_report/views/portal_report_orders.xml:322,qweb_text,,,
wujia_portal_report,Đơn đã bị huỷ không thực hiện,Orders cancelled before fulfilment,,custom/wujia_portal_report/views/portal_report_orders.xml:77 | custom/wujia_portal_report/views/portal_report_orders.xml:241,qweb_text,,,
wujia_portal_report,Đơn đã giao hàng,Delivered orders,,custom/wujia_portal_report/views/portal_report_orders.xml:70 | custom/wujia_portal_report/views/portal_report_orders.xml:227,qweb_text,,,
wujia_portal_report,đơn hàng,orders in total,,custom/wujia_portal_report/views/portal_report_orders.xml:99 | custom/wujia_portal_report/views/portal_report_orders.xml:275,qweb_text,,,
wujia_portal_return,1 sản phẩm,1 product,,custom/wujia_portal_return/views/portal_return_form.xml:26,qweb_text,,,
wujia_portal_return,Bù hàng / Chi tiết yêu cầu bù hàng,Compensation / Compensation request detail,,custom/wujia_portal_return/views/portal_return_detail.xml:14,qweb_text,,,
wujia_portal_return,Bù hàng / Tạo yêu cầu bù hàng,Compensation / Create compensation request,,custom/wujia_portal_return/views/portal_return_form.xml:14,qweb_text,,,
wujia_portal_return,Chi tiết yêu cầu bù hàng,Compensation request detail,,custom/wujia_portal_return/views/portal_return_detail.xml:15 | custom/wujia_portal_return/views/portal_return_detail.xml:237,qweb_text,,,
wujia_portal_return,Chưa có phản hồi từ {brand}.,No feedback from {brand} yet.,,custom/wujia_portal_return/views/portal_return_detail.xml:394,qweb_text,,,
wujia_portal_return,Chưa giao,Not delivered,,custom/wujia_portal_return/controllers/portal.py:322,py_literal,,,
wujia_portal_return,Chưa tạo phiếu giao,No delivery slip yet,,custom/wujia_portal_return/controllers/portal.py:319,py_literal,,,
wujia_portal_return,Chưa xử lý,Not processed,,custom/wujia_portal_return/controllers/portal.py:56,py_literal,,,
wujia_portal_return,Còn thiếu,Still short,,custom/wujia_portal_return/views/portal_return_detail.xml:171 | custom/wujia_portal_return/views/portal_return_detail.xml:339,qweb_text,,,
wujia_portal_return,Cửa hàng chưa gửi yêu cầu đổi trả nào.,This store has not submitted any return requests.,,custom/wujia_portal_return/views/portal_return_list.xml:176,qweb_text,,,
wujia_portal_return,Danh sách yêu cầu đổi trả,Return request list,,custom/wujia_portal_return/views/portal_return_list.xml:69,qweb_text,,,
wujia_portal_return,Ghi chú & Phản hồi,Notes & feedback,,custom/wujia_portal_return/views/portal_return_detail.xml:67,qweb_text,,,
wujia_portal_return,Ghi chú từ cửa hàng,Note from the store,,custom/wujia_portal_return/views/portal_return_detail.xml:75,qweb_text,,,
wujia_portal_return,Gửi và theo dõi yêu cầu xử lý sản phẩm,Submit and track product claims,,custom/wujia_portal_return/views/bottomnav_inherit.xml:14,qweb_text,,,
wujia_portal_return,Hình ảnh đính kèm,Attached photos,,custom/wujia_portal_return/views/portal_return_form.xml:228,qweb_text,,,
wujia_portal_return,"JPG/PNG, tối đa 5MB mỗi ảnh · tổng minh chứng ≤","JPG/PNG, up to 5MB per photo · total evidence ≤",,custom/wujia_portal_return/views/portal_return_form.xml:96,qweb_text,,,
wujia_portal_return,Không có yêu cầu,No return requests,,custom/wujia_portal_return/views/portal_return_list.xml:175,qweb_text,,,
wujia_portal_return,Không có yêu cầu khớp bộ lọc hiện tại.,No requests match the current filters.,,custom/wujia_portal_return/views/portal_return_list.xml:197,qweb_text,,,
wujia_portal_return,Không tìm thấy kết quả,No results found,,custom/wujia_portal_return/views/portal_return_list.xml:196,qweb_text,,,
wujia_portal_return,Không tìm thấy đơn hàng đủ điều kiện trong,No eligible orders found in the last,,custom/wujia_portal_return/views/portal_return_form.xml:58 | custom/wujia_portal_return/views/portal_return_form.xml:170,qweb_text,,,
wujia_portal_return,Loại lỗi,Issue type,,custom/wujia_portal_return/views/portal_return_detail.xml:50 | custom/wujia_portal_return/views/portal_return_detail.xml:362 | custom/wujia_portal_return/views/portal_return_form.xml:39,qweb_text,,,
wujia_portal_return,Lịch sử yêu cầu,Request history,,custom/wujia_portal_return/views/portal_return_list.xml:185,qweb_text,,,
wujia_portal_return,"MB, tổng minh chứng ≤","MB, total evidence ≤",,custom/wujia_portal_return/views/portal_return_form.xml:239,qweb_text,,,
wujia_portal_return,Mô tả chi tiết tình trạng hàng cần bù/đổi...,Describe the condition of the goods to compensate/exchange...,,custom/wujia_portal_return/views/portal_return_form.xml:88,qweb_attr,,,
wujia_portal_return,Mô tả chi tiết tình trạng hàng…,Describe the condition of the goods…,,custom/wujia_portal_return/views/portal_return_form.xml:218,qweb_attr,,,
wujia_portal_return,Mỗi yêu cầu chỉ áp dụng cho,Each request covers only,,custom/wujia_portal_return/views/portal_return_form.xml:25,qweb_text,,,
wujia_portal_return,Mỗi yêu cầu chỉ áp dụng cho 1 sản phẩm trong đơn đặt.,Each request covers only 1 product from the order.,,custom/wujia_portal_return/views/portal_return_form.xml:133,qweb_text,,,
wujia_portal_return,Ngày sản xuất,Production date,,custom/wujia_portal_return/views/portal_return_detail.xml:54 | custom/wujia_portal_return/views/portal_return_form.xml:82 | custom/wujia_portal_return/views/portal_return_form.xml:196,qweb_text,,,
wujia_portal_return,Ngày yêu cầu,Request date,,custom/wujia_portal_return/views/portal_return_detail.xml:41 | custom/wujia_portal_return/views/portal_return_detail.xml:263 | custom/wujia_portal_return/views/portal_return_list.xml:90,qweb_text,,,
wujia_portal_return,Nội dung lỗi,Issue details,,custom/wujia_portal_return/views/portal_return_detail.xml:358 | custom/wujia_portal_return/views/portal_return_form.xml:208,qweb_text,,,
wujia_portal_return,Phương án,Outcome,,custom/wujia_portal_return/views/portal_return_detail.xml:305,qweb_text,,,
wujia_portal_return,Phương án xử lý,Resolution,,custom/wujia_portal_return/views/portal_return_detail.xml:142,qweb_text,,,
wujia_portal_return,Phương án xử lý & Tiến độ bù,Resolution & compensation progress,,custom/wujia_portal_return/views/portal_return_detail.xml:134 | custom/wujia_portal_return/views/portal_return_detail.xml:301,qweb_text,,,
wujia_portal_return,Phản hồi của {brand},{brand} feedback,,custom/wujia_portal_return/views/portal_return_detail.xml:388,qweb_text,,,
wujia_portal_return,Phản hồi từ {brand},Feedback from {brand},,custom/wujia_portal_return/views/portal_return_detail.xml:95,qweb_text,,,
wujia_portal_return,"Portal đổi trả / bù hàng — danh sách, tạo yêu cầu, chi tiết (nghiệp vụ ở wujia_return).","Return / compensation portal — list, create request, detail (business logic in wujia_return).",,custom/wujia_portal_return/__manifest__.py:5,py_literal,,,
wujia_portal_return,SL duyệt bù,Approved compensation qty,,custom/wujia_portal_return/views/portal_return_detail.xml:152 | custom/wujia_portal_return/views/portal_return_detail.xml:316,qweb_text,,,
wujia_portal_return,SL yêu cầu,Requested qty,,custom/wujia_portal_return/views/portal_return_detail.xml:119 | custom/wujia_portal_return/views/portal_return_detail.xml:290 | custom/wujia_portal_return/views/portal_return_form.xml:191,qweb_text,,,
wujia_portal_return,Sản phẩm (trong đơn),Product (in the order),,custom/wujia_portal_return/views/portal_return_form.xml:64 | custom/wujia_portal_return/views/portal_return_form.xml:174,qweb_text,,,
wujia_portal_return,Sản phẩm bù,Compensation product,,custom/wujia_portal_return/views/portal_return_detail.xml:150 | custom/wujia_portal_return/views/portal_return_detail.xml:312,qweb_text,,,
wujia_portal_return,Sản phẩm yêu cầu,Requested product,,custom/wujia_portal_return/views/portal_return_detail.xml:111 | custom/wujia_portal_return/views/portal_return_detail.xml:282,qweb_text,,,
wujia_portal_return,Số lượng & lô,Quantity & batch,,custom/wujia_portal_return/views/portal_return_form.xml:186,qweb_text,,,
wujia_portal_return,Số lượng yêu cầu,Requested quantity,,custom/wujia_portal_return/views/portal_return_form.xml:72,qweb_text,,,
wujia_portal_return,Thông tin yêu cầu,Request information,,custom/wujia_portal_return/views/portal_return_detail.xml:27,qweb_text,,,
wujia_portal_return,Thời gian mở hàng,Unboxing time,,custom/wujia_portal_return/views/portal_return_detail.xml:52 | custom/wujia_portal_return/views/portal_return_detail.xml:268 | custom/wujia_portal_return/views/portal_return_form.xml:77,qweb_text,,,
wujia_portal_return,Thử đổi từ khóa hoặc xóa điều kiện tìm kiếm.,Try another keyword or clear the search filters.,,custom/wujia_portal_return/views/portal_return_list.xml:198,qweb_text,,,
wujia_portal_return,Tiến độ bù,Compensation progress,,custom/wujia_portal_return/views/portal_return_list.xml:219,qweb_text,,,
wujia_portal_return,Trả hàng,Return,,custom/wujia_portal_return/controllers/portal.py:49,py_literal,,,
wujia_portal_return,Tình trạng bù,Compensation status,,custom/wujia_portal_return/views/portal_return_detail.xml:160 | custom/wujia_portal_return/views/portal_return_detail.xml:328,qweb_text,,,
wujia_portal_return,Tạo yêu cầu bù hàng,Create compensation request,,custom/wujia_portal_return/views/portal_return_form.xml:7 | custom/wujia_portal_return/views/portal_return_form.xml:15 | custom/wujia_portal_return/views/portal_return_form.xml:127,qweb_text,,,
wujia_portal_return,Tạo yêu cầu mới,Create new request,,custom/wujia_portal_return/views/portal_return_list.xml:179,qweb_text,,,
wujia_portal_return,"Tối đa 1 video MP4/MOV, ≤","Up to 1 MP4/MOV video, ≤",,custom/wujia_portal_return/views/portal_return_form.xml:105,qweb_text,,,
wujia_portal_return,Video minh chứng,Evidence video,,custom/wujia_portal_return/views/portal_return_form.xml:242,qweb_attr,,,
wujia_portal_return,Video minh chứng (không bắt buộc),Evidence video (optional),,custom/wujia_portal_return/views/portal_return_form.xml:102,qweb_text,,,
wujia_portal_return,Video minh chứng (không bắt buộc) — tối đa 1 file MP4/MOV ≤,Evidence video (optional) — up to 1 MP4/MOV file ≤,,custom/wujia_portal_return/views/portal_return_form.xml:237,qweb_text,,,
wujia_portal_return,Wujia Mobile — sheet Thêm: Đổi trả / Bù hàng,Wujia Mobile — More sheet: Returns / Compensation,,custom/wujia_portal_return/views/bottomnav_inherit.xml:8,qweb_attr,attr `name` Odoo không dịch ⇒ <t t-set> (quy ước §6),,
wujia_portal_return,Wujia Sidenav — Đổi trả / Bù hàng,Wujia Sidenav — Returns / Compensation,,custom/wujia_portal_return/views/sidenav_inherit.xml:9,qweb_attr,attr `name` Odoo không dịch ⇒ <t t-set> (quy ước §6),,
wujia_portal_return,Xem yêu cầu,View request,,custom/wujia_portal_return/views/portal_return_list.xml:115 | custom/wujia_portal_return/views/portal_return_list.xml:115,qweb_attr,,,
wujia_portal_return,Yêu cầu mới sẽ xuất hiện tại đây khi được tạo.,New requests will show up here once created.,,custom/wujia_portal_return/views/portal_return_list.xml:177,qweb_text,,,
wujia_portal_return,Yêu cầu đổi trả,Return requests,,custom/wujia_portal_return/views/portal_return_list.xml:8,qweb_text,,,
wujia_portal_return,ngày gần nhất.,days.,,custom/wujia_portal_return/views/portal_return_form.xml:60 | custom/wujia_portal_return/views/portal_return_form.xml:172,qweb_text,,,
wujia_portal_return,trong đơn đặt.,from the order.,,custom/wujia_portal_return/views/portal_return_form.xml:26,qweb_text,,,
wujia_portal_return,Đang bù một phần,Partially compensated,,custom/wujia_portal_return/controllers/portal.py:58,py_literal,,,
wujia_portal_return,Đã bù,Compensated,,custom/wujia_portal_return/views/portal_return_detail.xml:170 | custom/wujia_portal_return/views/portal_return_detail.xml:338,qweb_text,,,
wujia_portal_return,Đã bù đủ,Fully compensated,,custom/wujia_portal_return/controllers/portal.py:59,py_literal,,,
wujia_portal_return,Đã giao %d/%d phiếu,Delivered %d/%d slips,,custom/wujia_portal_return/controllers/portal.py:325,py_literal,,,
wujia_portal_return,Đã giao đủ,Fully delivered,,custom/wujia_portal_return/controllers/portal.py:324,py_literal,,,
wujia_portal_return,Đã lên đơn bù,Replacement ordered,,custom/wujia_portal_return/controllers/portal.py:57,py_literal,,,
wujia_portal_return,Đã đưa vào đơn bù,Added to compensation orders,,custom/wujia_portal_return/views/portal_return_detail.xml:156 | custom/wujia_portal_return/views/portal_return_detail.xml:322,qweb_text,,,
wujia_portal_return,Đơn bù hàng,Compensation orders,,custom/wujia_portal_return/views/portal_return_detail.xml:183,qweb_text,,,
wujia_portal_return,Đơn bù đã bị hủy,Compensation order cancelled,,custom/wujia_portal_return/controllers/portal.py:313,py_literal,,,
wujia_portal_return,"Đơn bù đã bị hủy. Nếu vẫn cần bù hàng, vui lòng tạo yêu cầu mới.","The compensation order was cancelled. If you still need compensation, please create a new request.",,custom/wujia_portal_return/views/portal_return_detail.xml:165 | custom/wujia_portal_return/views/portal_return_detail.xml:333,qweb_text,,,
wujia_portal_return,Đơn gốc,Original order,,custom/wujia_portal_return/views/portal_return_detail.xml:43 | custom/wujia_portal_return/views/portal_return_detail.xml:273 | custom/wujia_portal_return/views/portal_return_list.xml:93,qweb_text,,,
wujia_portal_return,Đơn hàng gốc,Original sales order,,custom/wujia_portal_return/views/portal_return_form.xml:48 | custom/wujia_portal_return/views/portal_return_form.xml:160,qweb_text,,,
wujia_portal_return,Đổi hàng,Exchange,,custom/wujia_portal_return/controllers/portal.py:48,py_literal,,,
wujia_portal_return,Đổi trả / Bù hàng,Returns / Compensation,,custom/wujia_portal_return/views/bottomnav_inherit.xml:13 | custom/wujia_portal_return/views/sidenav_inherit.xml:16,qweb_text,,,
wujia_portal_return,Ảnh minh chứng,Evidence photos,,custom/wujia_portal_return/views/portal_return_detail.xml:205 | custom/wujia_portal_return/views/portal_return_form.xml:236,"qweb_attr,qweb_text",,,
wujia_portal_return,Ảnh minh chứng (,Evidence photos (,,custom/wujia_portal_return/views/portal_return_form.xml:91,qweb_text,,,
wujia_portal_return,"ảnh JPG/PNG (≤5MB mỗi ảnh), chụp rõ bao bì & lỗi sản phẩm.","JPG/PNG photos (≤5MB each), clearly showing the packaging & product defect.",,custom/wujia_portal_return/views/portal_return_form.xml:232,qweb_text,,,
wujia_portal_return,ảnh đính kèm,attached photos,,custom/wujia_portal_return/views/portal_return_detail.xml:372,qweb_text,,,
wujia_portal_return,ảnh),photos),,custom/wujia_portal_return/views/portal_return_form.xml:92,qweb_text,,,
wujia_portal_return,— Chọn loại lỗi —,— Select an issue type —,,custom/wujia_portal_return/views/portal_return_form.xml:41 | custom/wujia_portal_return/views/portal_return_form.xml:213,qweb_text,,,
wujia_portal_return,— Chọn sản phẩm —,— Select a product —,,custom/wujia_portal_return/static/src/js/portal_return.js:51,js_literal,,,
wujia_portal_return,— Chọn đơn trước —,— Select an order first —,,custom/wujia_portal_return/views/portal_return_form.xml:67 | custom/wujia_portal_return/views/portal_return_form.xml:177,qweb_text,,,
wujia_portal_return,— Chọn đơn —,— Select an order —,,custom/wujia_portal_return/views/portal_return_form.xml:51 | custom/wujia_portal_return/views/portal_return_form.xml:163,qweb_text,,,
wujia_portal_return,— Tất cả trạng thái —,— All statuses —,,custom/wujia_portal_return/controllers/portal.py:67,py_literal,,,
wujia_portal_return,— Đơn không có sản phẩm —,— Order has no products —,,custom/wujia_portal_return/static/src/js/portal_return.js:51,js_literal,,,
"wujia_portal_return, wujia_portal_support",Mã yêu cầu,Request code,,custom/wujia_portal_return/views/portal_return_detail.xml:37 | custom/wujia_portal_support/views/portal_support.xml:61 | custom/wujia_portal_support/views/portal_support.xml:468,qweb_text,,,
"wujia_portal_return, wujia_return",Bù hàng,Compensation,,custom/wujia_portal_return/controllers/portal.py:50 | custom/wujia_portal_return/views/portal_return_list.xml:25 | custom/wujia_portal_return/views/portal_return_list.xml:134,"py_gettext,py_literal,qweb_text",,,
wujia_portal_sale,0 sản phẩm,0 products,,custom/wujia_portal_sale/views/portal_order_cart.xml:22,qweb_text,,,
wujia_portal_sale,Bạn chưa chọn sản phẩm nào.,You have not selected any products.,,custom/wujia_portal_sale/views/portal_order_cart.xml:31,qweb_text,,,
wujia_portal_sale,Bạn chưa được gán vào cửa hàng nào — không thể đặt hàng.,You are not assigned to any store — ordering is unavailable.,,custom/wujia_portal_sale/views/portal_order_catalog.xml:211 | custom/wujia_portal_sale/views/portal_order_catalog.xml:272,qweb_text,,,
wujia_portal_sale,Bạn không có quyền thao tác tại cửa hàng này.,You do not have permission to act for this store.,,custom/wujia_portal_sale/controllers/portal.py:60,py_literal,,,
wujia_portal_sale,Bạn vẫn có thể chỉnh sửa sản phẩm,You can still edit the products,,custom/wujia_portal_sale/views/portal_order_result.xml:127,qweb_text,,,
wujia_portal_sale,Chi tiết sản phẩm,Product details,,custom/wujia_portal_sale/views/portal_order_product_detail.xml:6,qweb_text,,,
wujia_portal_sale,Chưa có cấu hình thời gian đặt hàng. Vui lòng liên hệ {brand}.,Ordering hours are not configured yet. Please contact {brand}.,,custom/wujia_portal_sale/controllers/portal.py:62 | custom/wujia_portal_sale/views/portal_order_catalog.xml:229,"py_literal,qweb_text",,,
wujia_portal_sale,Chọn sản phẩm,Choose products,,custom/wujia_portal_sale/views/portal_order_cart.xml:33,qweb_text,,,
wujia_portal_sale,Có lỗi xảy ra. Vui lòng thử lại hoặc liên hệ {brand}.,Something went wrong. Please try again or contact {brand}.,,custom/wujia_portal_sale/controllers/portal.py:84,py_literal,,,
wujia_portal_sale,Cửa hàng chưa được cấu hình khách hàng đặt hàng. Vui lòng liên hệ {brand}.,The store's ordering customer is not configured. Please contact {brand}.,,custom/wujia_portal_sale/controllers/portal.py:74,py_literal,,,
wujia_portal_sale,Cửa hàng đang tạm khóa đặt hàng. Vui lòng liên hệ {brand}.,The store is temporarily locked for ordering. Please contact {brand}.,,custom/wujia_portal_sale/controllers/portal.py:82,py_literal,,,
wujia_portal_sale,Ghi chú đơn hàng,Order note,,custom/wujia_portal_sale/views/pc_cart_panel.xml:99 | custom/wujia_portal_sale/views/portal_order_cart.xml:117,qweb_text,,,
wujia_portal_sale,Giảm,Decrease,,custom/wujia_portal_sale/views/pc_cart_panel.xml:70,qweb_attr,,,
wujia_portal_sale,Giỏ hàng,Cart,,custom/wujia_portal_sale/views/header_cart_inherit.xml:11 | custom/wujia_portal_sale/views/header_cart_inherit.xml:11 | custom/wujia_portal_sale/views/mheader_inherit.xml:12,"qweb_attr,qweb_text",,,
wujia_portal_sale,Giỏ hàng chưa có sản phẩm.,There are no products in the cart.,,custom/wujia_portal_sale/controllers/portal.py:69 | custom/wujia_portal_sale/controllers/portal.py:81,py_literal,,,
wujia_portal_sale,Giỏ hàng trống,Cart is empty,,custom/wujia_portal_sale/views/pc_cart_panel.xml:34,qweb_text,,,
wujia_portal_sale,Giỏ hàng vừa thay đổi. Vui lòng kiểm tra lại trước khi gửi.,The cart has just changed. Please review it before submitting.,,custom/wujia_portal_sale/views/order_confirm_modal.xml:18,qweb_text,,,
wujia_portal_sale,Giỏ hàng đang trống,Your cart is empty,,custom/wujia_portal_sale/views/portal_order_cart.xml:30,qweb_text,,,
wujia_portal_sale,Giỏ hàng đang được một người dùng khác gửi đơn. Vui lòng thử lại sau.,The cart is being submitted by another user. Please try again later.,,custom/wujia_portal_sale/controllers/portal.py:73,py_literal,,,
wujia_portal_sale,Gửi đơn đặt hàng,Submit order,,custom/wujia_portal_sale/views/pc_cart_panel.xml:135 | custom/wujia_portal_sale/views/portal_order_cart.xml:153,qweb_text,,,
wujia_portal_sale,Hiện ngoài khung giờ đặt hàng. Vui lòng gửi đơn trong thời gian cho phép.,Outside ordering hours. Please submit your order during the allowed time.,,custom/wujia_portal_sale/controllers/portal.py:63 | custom/wujia_portal_sale/controllers/portal.py:83,py_literal,,,
wujia_portal_sale,Hãy thêm sản phẩm để tạo đơn đặt hàng.,Add products to create an order.,,custom/wujia_portal_sale/views/portal_order_cart.xml:32,qweb_text,,,
wujia_portal_sale,Hệ thống đang xử lý yêu cầu.,The system is processing your request.,,custom/wujia_portal_sale/views/portal_order_cart.xml:210,qweb_text,,,
wujia_portal_sale,Khung giờ đặt hàng tiếp theo,Next ordering window,,custom/wujia_portal_sale/views/portal_order_result.xml:115,qweb_text,,,
wujia_portal_sale,Không có sản phẩm phù hợp.,No matching products.,,custom/wujia_portal_sale/views/portal_order_catalog.xml:28 | custom/wujia_portal_sale/views/portal_order_catalog.xml:115,qweb_text,,,
wujia_portal_sale,Không thể gửi đơn,Unable to submit order,,custom/wujia_portal_sale/views/portal_order_result.xml:102,qweb_text,,,
wujia_portal_sale,Không thể hoàn tất đơn hàng do đơn nháp cũ chưa được xử lý. Vui lòng thử lại.,Could not complete the order because an old draft order has not been processed. Please try again.,,custom/wujia_portal_sale/controllers/portal.py:76,py_literal,,,
wujia_portal_sale,Không thể tạo đơn hàng. Vui lòng thử lại hoặc liên hệ {brand}.,Could not create the order. Please try again or contact {brand}.,,custom/wujia_portal_sale/controllers/portal.py:75,py_literal,,,
wujia_portal_sale,Không thể tải danh sách sản phẩm. Vui lòng thử lại.,Could not load the product list. Please try again.,,custom/wujia_portal_sale/controllers/portal.py:77,py_literal,,,
wujia_portal_sale,Không thể tải giỏ hàng. Vui lòng thử lại.,Could not load the cart. Please try again.,,custom/wujia_portal_sale/controllers/portal.py:70,py_literal,,,
wujia_portal_sale,Kiểm tra lại thông tin trước khi gửi đơn cho {brand}.,Review the details before submitting your order to {brand}.,,custom/wujia_portal_sale/views/order_confirm_modal.xml:16,qweb_text,,,
wujia_portal_sale,Mã đơn hàng,Order number,,custom/wujia_portal_sale/views/portal_order_result.xml:50,qweb_text,,,
wujia_portal_sale,Mỗi cửa hàng chỉ có một giỏ hàng.,Each store can only have one cart.,,custom/wujia_portal_sale/models/wujia_portal_cart.py:48,py_literal,,,
wujia_portal_sale,Mỗi sản phẩm chỉ có một dòng trong giỏ.,Each product can only have one line in the cart.,,custom/wujia_portal_sale/models/wujia_portal_cart.py:221,py_literal,,,
wujia_portal_sale,Một số sản phẩm trong giỏ không còn được phép đặt. Vui lòng kiểm tra lại.,Some products in the cart can no longer be ordered. Please check again.,,custom/wujia_portal_sale/controllers/portal.py:71,py_literal,,,
wujia_portal_sale,Ngoài khung giờ đặt hàng — mở lại lúc,Outside ordering hours — reopens at,,custom/wujia_portal_sale/views/portal_order_catalog.xml:300,qweb_text,,,
wujia_portal_sale,Ngoài khung giờ — gửi lại lúc,Outside hours — submit again at,,custom/wujia_portal_sale/views/portal_order_cart.xml:154,qweb_text,,,
wujia_portal_sale,Ngoài khung giờ — mở lại lúc,Outside hours — reopens at,,custom/wujia_portal_sale/views/pc_cart_panel.xml:28 | custom/wujia_portal_sale/views/portal_order_cart.xml:43,qweb_text,,,
wujia_portal_sale,"Ngoài khung giờ — vẫn sửa được giỏ, gửi lại lúc","Outside hours — you can still edit the cart, submit again at",,custom/wujia_portal_sale/views/pc_cart_panel.xml:137,qweb_text,,,
wujia_portal_sale,Nhóm:,Group:,,custom/wujia_portal_sale/views/portal_order_product_detail.xml:39,qweb_text,,,
wujia_portal_sale,Nhập ghi chú cho {brand} nếu cần,Enter a note for {brand} if needed,,custom/wujia_portal_sale/views/pc_cart_panel.xml:102 | custom/wujia_portal_sale/views/portal_order_cart.xml:118,qweb_text,,,
wujia_portal_sale,Nhập tên sản phẩm cần tìm,Enter a product name to search,,custom/wujia_portal_sale/views/portal_order_catalog.xml:309,qweb_attr,,,
wujia_portal_sale,Quay lại giỏ hàng,Back to cart,,custom/wujia_portal_sale/views/portal_order_result.xml:132,qweb_text,,,
wujia_portal_sale,Quy cách,Specification,,custom/wujia_portal_sale/views/portal_order_catalog.xml:35,qweb_text,,,
wujia_portal_sale,Sản phẩm chưa cấu hình số lượng tối thiểu.,Minimum quantity not configured for this product.,,custom/wujia_portal_sale/controllers/portal.py:106,py_literal,,,
wujia_portal_sale,Sản phẩm chưa được cấu hình số lượng đặt tối thiểu. Vui lòng liên hệ {brand}.,The minimum order quantity of this product is not configured. Please contact {brand}.,,custom/wujia_portal_sale/controllers/portal.py:65,py_literal,,,
wujia_portal_sale,Sản phẩm không còn được phép đặt.,Product no longer available to order.,,custom/wujia_portal_sale/controllers/portal.py:105,py_literal,,,
wujia_portal_sale,Sản phẩm liên quan,Related products,,custom/wujia_portal_sale/views/portal_order_product_detail.xml:83,qweb_text,,,
wujia_portal_sale,Sản phẩm này hiện không còn được phép đặt hàng.,This product can no longer be ordered.,,custom/wujia_portal_sale/controllers/portal.py:64,py_literal,,,
wujia_portal_sale,Sản phẩm trong giỏ,Products in cart,,custom/wujia_portal_sale/views/portal_order_cart.xml:48,qweb_text,,,
wujia_portal_sale,Số lượng chưa hợp lệ (min/bước/max).,Invalid quantity (min/step/max).,,custom/wujia_portal_sale/controllers/portal.py:107,py_literal,,,
wujia_portal_sale,Số lượng của {name} phải tăng theo bước {limit}.,The quantity of {name} must be in steps of {limit}.,,custom/wujia_portal_sale/controllers/portal.py:95,py_literal,,,
wujia_portal_sale,Số lượng một số sản phẩm chưa hợp lệ. Vui lòng kiểm tra lại.,Some product quantities are invalid. Please check again.,,custom/wujia_portal_sale/controllers/portal.py:72,py_literal,,,
wujia_portal_sale,Số lượng phải tăng theo bước bằng số lượng tối thiểu.,The quantity must be in steps of the minimum quantity.,,custom/wujia_portal_sale/controllers/portal.py:68,py_literal,,,
wujia_portal_sale,Số lượng thấp hơn mức tối thiểu của sản phẩm.,The quantity is below the product's minimum.,,custom/wujia_portal_sale/controllers/portal.py:66,py_literal,,,
wujia_portal_sale,Số lượng tối thiểu của {name} là {limit}.,The minimum quantity of {name} is {limit}.,,custom/wujia_portal_sale/controllers/portal.py:94,py_literal,,,
wujia_portal_sale,Số lượng tối đa của {name} là {limit}.,The maximum quantity of {name} is {limit}.,,custom/wujia_portal_sale/controllers/portal.py:96,py_literal,,,
wujia_portal_sale,Số lượng vượt mức tối đa của sản phẩm.,The quantity exceeds the product's maximum.,,custom/wujia_portal_sale/controllers/portal.py:67,py_literal,,,
wujia_portal_sale,Số mặt hàng,Number of items,,custom/wujia_portal_sale/views/order_confirm_modal.xml:28,qweb_text,,,
wujia_portal_sale,Thuế,Tax,,custom/wujia_portal_sale/views/pc_cart_panel.xml:119 | custom/wujia_portal_sale/views/portal_order_cart.xml:134 | custom/wujia_portal_sale/views/portal_order_result.xml:66,qweb_text,,,
wujia_portal_sale,Thêm vào giỏ,Add to cart,,custom/wujia_portal_sale/views/portal_order_catalog.xml:64 | custom/wujia_portal_sale/views/portal_order_product_detail.xml:71,"qweb_attr,qweb_text",,,
wujia_portal_sale,Thời gian đặt,Order time,,custom/wujia_portal_sale/views/portal_order_result.xml:54,qweb_text,,,
wujia_portal_sale,Tiếp tục chọn sản phẩm,Continue selecting products,,custom/wujia_portal_sale/views/portal_order_cart.xml:26 | custom/wujia_portal_sale/views/portal_order_result.xml:90 | custom/wujia_portal_sale/views/portal_order_result.xml:133,qweb_text,,,
wujia_portal_sale,Tiếp tục mua hàng,Continue shopping,,custom/wujia_portal_sale/views/pc_cart_panel.xml:35,qweb_text,,,
wujia_portal_sale,Trang đặt hàng portal — catalog + giỏ hàng chung theo cửa hàng (BA controller mapping),Portal ordering page — catalog + shared cart per store (BA controller mapping),,custom/wujia_portal_sale/__manifest__.py:5,py_literal,,,
wujia_portal_sale,Tài khoản của bạn hiện không còn hiệu lực tại cửa hàng này.,Your account is no longer active at this store.,,custom/wujia_portal_sale/controllers/portal.py:61,py_literal,,,
wujia_portal_sale,Tìm sản phẩm,Search products,,custom/wujia_portal_sale/views/portal_order_catalog.xml:316,qweb_attr,,,
wujia_portal_sale,Tăng,Increase,,custom/wujia_portal_sale/views/pc_cart_panel.xml:73,qweb_attr,,,
wujia_portal_sale,Tạm tính,Subtotal,,custom/wujia_portal_sale/views/pc_cart_panel.xml:115 | custom/wujia_portal_sale/views/portal_order_cart.xml:130 | custom/wujia_portal_sale/views/portal_order_result.xml:62,qweb_text,,,
wujia_portal_sale,Tối thiểu:,Minimum:,,custom/wujia_portal_sale/views/portal_order_product_detail.xml:51,qweb_text,,,
wujia_portal_sale,Tổng số lượng,Total quantity,,custom/wujia_portal_sale/views/order_confirm_modal.xml:32 | custom/wujia_portal_sale/views/pc_cart_panel.xml:109 | custom/wujia_portal_sale/views/portal_order_cart.xml:144,qweb_text,,,
wujia_portal_sale,Tổng thanh toán,Grand total,,custom/wujia_portal_sale/views/order_confirm_modal.xml:36 | custom/wujia_portal_sale/views/pc_cart_panel.xml:123 | custom/wujia_portal_sale/views/portal_order_cart.xml:138,qweb_text,,,
wujia_portal_sale,Vui lòng chọn cửa hàng trước khi đặt hàng.,Please select a store before ordering.,,custom/wujia_portal_sale/controllers/portal.py:59 | custom/wujia_portal_sale/controllers/portal.py:80,py_literal,,,
wujia_portal_sale,Vui lòng không đóng màn hình.,Please do not close this screen.,,custom/wujia_portal_sale/views/portal_order_cart.xml:209,qweb_text,,,
wujia_portal_sale,Wujia Mobile Header — nút giỏ hàng,Wujia Mobile Header — cart button,,custom/wujia_portal_sale/views/mheader_inherit.xml:10,qweb_attr,attr `name` Odoo không dịch ⇒ <t t-set> (quy ước §6),,
wujia_portal_sale,Wujia Mobile — tab Đặt hàng,Wujia Mobile — Order tab,,custom/wujia_portal_sale/views/bottomnav_inherit.xml:8,qweb_attr,attr `name` Odoo không dịch ⇒ <t t-set> (quy ước §6),,
wujia_portal_sale,Wujia Portal — Xác nhận gửi đơn,Wujia Portal — Confirm order submission,,custom/wujia_portal_sale/views/order_confirm_modal.xml:11,qweb_attr,attr `name` Odoo không dịch ⇒ <t t-set> (quy ước §6),,
wujia_portal_sale,Wujia Sidenav — Đặt hàng,Wujia Sidenav — Order,,custom/wujia_portal_sale/views/sidenav_inherit.xml:9,qweb_attr,attr `name` Odoo không dịch ⇒ <t t-set> (quy ước §6),,
wujia_portal_sale,Xem chi tiết đơn hàng,View order details,,custom/wujia_portal_sale/views/portal_order_result.xml:87,qweb_text,,,
wujia_portal_sale,Xem giỏ,View cart,,custom/wujia_portal_sale/views/portal_order_catalog.xml:348 | custom/wujia_portal_sale/views/portal_order_product_detail.xml:74,qweb_text,,,
wujia_portal_sale,Xác nhận gửi đơn,Confirm order,,custom/wujia_portal_sale/views/order_confirm_modal.xml:15 | custom/wujia_portal_sale/views/order_confirm_modal.xml:46,qweb_text,,,
wujia_portal_sale,Xóa sản phẩm khỏi giỏ,Remove product from cart,,custom/wujia_portal_sale/views/pc_cart_panel.xml:81 | custom/wujia_portal_sale/views/pc_cart_panel.xml:81 | custom/wujia_portal_sale/views/portal_order_cart.xml:96,qweb_attr,,,
wujia_portal_sale,mặt hàng,items,,custom/wujia_portal_sale/views/pc_cart_panel.xml:17 | custom/wujia_portal_sale/views/portal_order_cart.xml:52,qweb_text,,,
wujia_portal_sale,mặt hàng •,items •,,custom/wujia_portal_sale/views/portal_order_catalog.xml:340,qweb_text,,,
wujia_portal_sale,trong giỏ hàng.,in the cart.,,custom/wujia_portal_sale/views/portal_order_result.xml:128,qweb_text,,,
wujia_portal_sale,Đang trong khung giờ đặt hàng:,Within ordering hours:,,custom/wujia_portal_sale/views/pc_cart_panel.xml:27 | custom/wujia_portal_sale/views/portal_order_cart.xml:42 | custom/wujia_portal_sale/views/portal_order_catalog.xml:299,qweb_text,,,
wujia_portal_sale,Đang tạo đơn...,Creating order...,,custom/wujia_portal_sale/views/portal_order_cart.xml:208,qweb_text,,,
wujia_portal_sale,Đã gửi đơn đặt hàng thành công.,Your order has been submitted.,,custom/wujia_portal_sale/controllers/portal.py:100,py_literal,,,
wujia_portal_sale,Đặt hàng / Chi tiết sản phẩm,Order / Product details,,custom/wujia_portal_sale/views/portal_order_product_detail.xml:13,qweb_text,,,
wujia_portal_sale,Đặt hàng / Giỏ hàng,Order / Cart,,custom/wujia_portal_sale/views/portal_order_cart.xml:176,qweb_text,,,
wujia_portal_sale,Đặt hàng thành công,Order placed,,custom/wujia_portal_sale/views/portal_order_result.xml:39,qweb_text,,,
wujia_portal_sale,• Bước đặt:,• Order step:,,custom/wujia_portal_sale/views/portal_order_product_detail.xml:53,qweb_text,,,
wujia_portal_sale,• Quy cách:,• Specification:,,custom/wujia_portal_sale/views/portal_order_product_detail.xml:42,qweb_text,,,
wujia_portal_sale,• Tối đa:,• Maximum:,,custom/wujia_portal_sale/views/portal_order_product_detail.xml:53,qweb_text,,,
wujia_portal_sale,• Đơn giá,• Unit price,,custom/wujia_portal_sale/views/portal_order_cart.xml:68,qweb_text,,,
"wujia_portal_sale, wujia_portal_support",Dữ liệu gửi lên không hợp lệ.,The submitted data is invalid.,,custom/wujia_portal_sale/controllers/portal.py:78 | custom/wujia_portal_support/views/portal_support.xml:361,"py_literal,qweb_text",,,
wujia_portal_support,Bạn chưa có ticket nào.,You have no tickets yet.,,custom/wujia_portal_support/views/portal_support.xml:56,qweb_text,,,
wujia_portal_support,Chi tiết yêu cầu hỗ trợ,Support request details,,custom/wujia_portal_support/views/portal_support.xml:386 | custom/wujia_portal_support/views/portal_support.xml:502,qweb_text,,,
wujia_portal_support,Chưa có trao đổi nào.,No conversation yet.,,custom/wujia_portal_support/views/portal_support.xml:600,qweb_text,,,
wujia_portal_support,Chưa có trao đổi.,No messages yet.,,custom/wujia_portal_support/views/portal_support.xml:432,qweb_text,,,
wujia_portal_support,Chưa có yêu cầu hỗ trợ,No support requests yet,,custom/wujia_portal_support/views/portal_support.xml:119,qweb_text,,,
wujia_portal_support,Chọn loại yêu cầu,Select a request type,,custom/wujia_portal_support/views/portal_support.xml:306,qweb_text,,,
wujia_portal_support,Chờ phản hồi,Awaiting reply,,custom/wujia_portal_support/controllers/portal.py:24,py_literal,,,
wujia_portal_support,Có phản hồi,Replied,,custom/wujia_portal_support/controllers/portal.py:35 | custom/wujia_portal_support/views/portal_support.xml:146,"py_literal,qweb_text",,,
wujia_portal_support,File đính kèm (tùy chọn),Attached files (optional),,custom/wujia_portal_support/views/portal_support.xml:266,qweb_text,,,
wujia_portal_support,Gấp,Rush,,custom/wujia_portal_support/views/portal_support.xml:328,qweb_text,,,
wujia_portal_support,Gửi,Send,,custom/wujia_portal_support/views/portal_support.xml:450 | custom/wujia_portal_support/views/portal_support.xml:620,qweb_text,,,
wujia_portal_support,Gửi ticket và xem phản hồi từ {brand},Send tickets and see replies from {brand},,custom/wujia_portal_support/views/bottomnav_inherit.xml:14,qweb_text,,,
wujia_portal_support,Gửi yêu cầu hỗ trợ,Submit a support request,,custom/wujia_portal_support/views/portal_support.xml:56 | custom/wujia_portal_support/views/portal_support.xml:368,qweb_text,,,
wujia_portal_support,Hiện chưa có ticket nào để hiển thị.,There are no tickets to show yet.,,custom/wujia_portal_support/views/portal_support.xml:120,qweb_text,,,
wujia_portal_support,Hỗ trợ / Chi tiết yêu cầu hỗ trợ,Support / Support request details,,custom/wujia_portal_support/views/portal_support.xml:385,qweb_text,,,
wujia_portal_support,Hỗ trợ / Tạo yêu cầu,Support / Create request,,custom/wujia_portal_support/views/portal_support.xml:210,qweb_text,,,
wujia_portal_support,Không có ticket khớp bộ lọc hiện tại.,No tickets match the current filters.,,custom/wujia_portal_support/views/portal_support.xml:156,qweb_text,,,
wujia_portal_support,Không tìm thấy ticket,No tickets found,,custom/wujia_portal_support/views/portal_support.xml:155,qweb_text,,,
wujia_portal_support,Loại yêu cầu,Request type,,custom/wujia_portal_support/views/portal_support.xml:304,qweb_text,,,
wujia_portal_support,Lịch sử trao đổi,Conversation history,,custom/wujia_portal_support/views/portal_support.xml:590,qweb_text,,,
wujia_portal_support,Màn yêu cầu hỗ trợ trên portal cửa hàng — nghiệp vụ ở wujia_support (F10),Support request screens on the store portal — business logic in wujia_support (F10),,custom/wujia_portal_support/__manifest__.py:5,py_literal,,,
wujia_portal_support,Mô tả chi tiết,Detailed description,,custom/wujia_portal_support/views/portal_support.xml:259,qweb_text,,,
wujia_portal_support,"Mô tả chi tiết tình huống, các bước đã thử, screenshot...","Describe the situation, the steps you tried, screenshots...",,custom/wujia_portal_support/views/portal_support.xml:261,qweb_attr,,,
wujia_portal_support,"Mô tả vấn đề cần hỗ trợ, thời điểm phát sinh và mã chứng từ liên quan nếu có.","Describe the issue, when it happened and any related document numbers.",,custom/wujia_portal_support/views/portal_support.xml:318,qweb_attr,,,
wujia_portal_support,Mới,New,,custom/wujia_portal_support/controllers/portal.py:22 | custom/wujia_portal_support/controllers/portal.py:33 | custom/wujia_portal_support/views/portal_support.xml:142,"py_literal,qweb_text",,,
wujia_portal_support,Mức độ ưu tiên,Priority level,,custom/wujia_portal_support/views/portal_support.xml:320,qweb_text,,,
wujia_portal_support,Ngày giải quyết,Resolved on,,custom/wujia_portal_support/views/portal_support.xml:482,qweb_text,,,
wujia_portal_support,Người gửi,Sender,,custom/wujia_portal_support/views/portal_support.xml:541,qweb_text,,,
wujia_portal_support,Người xử lý,Assignee,,custom/wujia_portal_support/views/portal_support.xml:480,qweb_text,,,
wujia_portal_support,Nhóm,Group,,custom/wujia_portal_support/views/portal_support.xml:526,qweb_text,,,
wujia_portal_support,Nhập phản hồi thêm...,Add a reply...,,custom/wujia_portal_support/views/portal_support.xml:618,qweb_attr,,,
wujia_portal_support,Nhập tiêu đề ngắn gọn,Enter a short title,,custom/wujia_portal_support/views/portal_support.xml:314,qweb_attr,,,
wujia_portal_support,Nội dung chi tiết,Detailed content,,custom/wujia_portal_support/views/portal_support.xml:316,qweb_text,,,
wujia_portal_support,Nội dung yêu cầu,Request content,,custom/wujia_portal_support/views/portal_support.xml:397,qweb_text,,,
wujia_portal_support,Phân loại,Classification,,custom/wujia_portal_support/views/portal_support.xml:63 | custom/wujia_portal_support/views/portal_support.xml:233 | custom/wujia_portal_support/views/portal_support.xml:474,qweb_text,,,
wujia_portal_support,"Thêm ảnh / file lỗi — PNG, JPG, PDF — tối đa 5 tệp","Add screenshots / error files — PNG, JPG, PDF — up to 5 files",,custom/wujia_portal_support/views/portal_support.xml:336,qweb_text,,,
wujia_portal_support,Thông tin,Info,,custom/wujia_portal_support/views/portal_support.xml:460,qweb_text,,,
wujia_portal_support,Thông tin ticket,Ticket information,,custom/wujia_portal_support/views/portal_support.xml:299,qweb_text,,,
wujia_portal_support,Thử đổi từ khóa hoặc bỏ bộ lọc.,Try another keyword or clear the filters.,,custom/wujia_portal_support/views/portal_support.xml:157,qweb_text,,,
wujia_portal_support,Tiêu đề,Title,,custom/wujia_portal_support/views/portal_support.xml:62 | custom/wujia_portal_support/views/portal_support.xml:252 | custom/wujia_portal_support/views/portal_support.xml:312,qweb_text,,,
wujia_portal_support,Trao đổi,Conversation,,custom/wujia_portal_support/views/portal_support.xml:424,qweb_text,,,
wujia_portal_support,Trả lời cho HQ...,Reply to HQ...,,custom/wujia_portal_support/views/portal_support.xml:448,qweb_attr,,,
wujia_portal_support,Tạo ticket,Create ticket,,custom/wujia_portal_support/views/portal_support.xml:123,qweb_text,,,
wujia_portal_support,Tạo ticket đầu tiên để Wujia tiếp nhận xử lý.,Create your first ticket and Wujia will handle it.,,custom/wujia_portal_support/views/portal_support.xml:121,qweb_text,,,
wujia_portal_support,Tệp đính kèm,Attachments,,custom/wujia_portal_support/views/portal_support.xml:335 | custom/wujia_portal_support/views/portal_support.xml:339,"qweb_attr,qweb_text",,,
wujia_portal_support,"Tệp đính kèm chỉ nhận ảnh hoặc PDF, tối đa 6 tệp, mỗi tệp ≤ 5MB.","Attachments must be images or PDF files, up to 6 files, each ≤ 5MB.",,custom/wujia_portal_support/views/portal_support.xml:364,qweb_text,,,
wujia_portal_support,VD: Không đặt được đơn hàng số ...,E.g. Cannot place order no. ...,,custom/wujia_portal_support/views/portal_support.xml:254,qweb_attr,,,
wujia_portal_support,Vui lòng điền đầy đủ thông tin bắt buộc.,Please fill in all required fields.,,custom/wujia_portal_support/views/portal_support.xml:355,qweb_text,,,
wujia_portal_support,Wujia Mobile — sheet Thêm: Hỗ trợ,Wujia Mobile — More sheet: Support,,custom/wujia_portal_support/views/bottomnav_inherit.xml:8,qweb_attr,attr `name` Odoo không dịch ⇒ <t t-set> (quy ước §6),,
wujia_portal_support,Wujia Sidenav — Hỗ trợ,Wujia Sidenav — Support,,custom/wujia_portal_support/views/sidenav_inherit.xml:9,qweb_attr,attr `name` Odoo không dịch ⇒ <t t-set> (quy ước §6),,
wujia_portal_support,Xem ticket,View ticket,,custom/wujia_portal_support/views/portal_support.xml:92 | custom/wujia_portal_support/views/portal_support.xml:92,qweb_attr,không dấu — vn_hardcode_scan bỏ sót (J-V7),,
wujia_portal_support,Yêu cầu hỗ trợ,Support requests,,custom/wujia_portal_support/views/portal_support.xml:8,qweb_text,,,
wujia_portal_support,Yêu cầu hỗ trợ đang mở,Open support requests,,custom/wujia_portal_support/views/portal_support.xml:41,qweb_text,,,
wujia_portal_support,"[{'name': 'state', 'value': state, 'label': 'Trạng thái', 'all_label': 'Tất cả trạng thái', 'options': [(kv[0], kv[1][0]) for kv in state_labels.items()]}]",Status / All statuses,,custom/wujia_portal_support/views/portal_support.xml:30,qweb_expr,,,
wujia_portal_support,phản hồi,reply / replies,,custom/wujia_portal_support/views/portal_support.xml:595,qweb_text,,,
wujia_portal_support,"{'name': 'q', 'value': q or '', 'placeholder': 'Tìm mã / tiêu đề ticket'}",Search ticket code / title,,custom/wujia_portal_support/views/portal_support.xml:133,qweb_expr,,,
wujia_portal_support,Đã giải quyết,Resolved,,custom/wujia_portal_support/controllers/portal.py:25 | custom/wujia_portal_support/controllers/portal.py:36,py_literal,,,
wujia_portal_support,Ưu tiên,Priority,,custom/wujia_portal_support/views/portal_support.xml:66 | custom/wujia_portal_support/views/portal_support.xml:533,qweb_text,,,
"wujia_portal_support, wujia_return",Đã huỷ,Canceled,,custom/wujia_portal_support/controllers/portal.py:27 | custom/wujia_portal_support/controllers/portal.py:38 | custom/wujia_return/views/backend_return_request_views.xml:39,"py_literal,qweb_attr",,,
wujia_return,"Bao bì rách, móp, ướt khi giao","Packaging torn, dented or wet on delivery",,custom/wujia_return/data/return_issue_type_data.xml:9,data_record,,,
wujia_return,Chỉ duyệt được yêu cầu đã gửi/đang xét.,Only submitted or in-review requests can be approved.,,custom/wujia_return/models/wujia_return_request.py:296,py_gettext,,,
wujia_return,Chỉ đánh dấu hoàn thành cho yêu cầu đã duyệt không phải bù hàng.,Only approved non-compensation requests can be marked as done.,,custom/wujia_return/models/wujia_return_request.py:328,py_gettext,,,
wujia_return,Chỉ được tải tối đa %s video minh chứng.,You can upload at most %s evidence video(s).,,custom/wujia_return/models/wujia_return_request.py:420,py_gettext,,,
wujia_return,Chọn phương án xử lý trước khi duyệt.,Select a resolution before approving.,,custom/wujia_return/models/wujia_return_request.py:300,py_gettext,,,
wujia_return,Các trường hợp khác — ghi chú trong phần lý do,Other cases — describe in the note,,custom/wujia_return/data/return_issue_type_data.xml:37,data_record,,,
wujia_return,Cần tải từ %(min)s đến %(max)s ảnh minh chứng.,Please upload %(min)s to %(max)s evidence photos.,,custom/wujia_return/models/wujia_return_request.py:417,py_gettext,,,
wujia_return,Cần ít nhất %s ảnh minh chứng trước khi gửi.,At least %s evidence photos are required before submitting.,,custom/wujia_return/models/wujia_return_request.py:283,py_gettext,,,
wujia_return,Cửa hàng '%s' chưa cấu hình partner để tạo SO bù.,Store '%s' has no partner configured for the compensation SO.,,custom/wujia_return/wizards/compensation_process_wizard.py:288,py_gettext,,,
wujia_return,Dòng sản phẩm phải thuộc đơn hàng gốc đã chọn.,The product line must belong to the selected original order.,,custom/wujia_return/models/wujia_return_request.py:248,py_gettext,,,
wujia_return,Dữ liệu đã thay đổi (nhóm '%s' của cửa hàng '%s'). Vui lòng đóng và mở lại wizard.,Data has changed (group '%s' of store '%s'). Please close and reopen the wizard.,,custom/wujia_return/wizards/compensation_process_wizard.py:246,py_gettext,,,
wujia_return,Giao sai sản phẩm so với đơn đặt,Delivered product differs from the order,,custom/wujia_return/data/return_issue_type_data.xml:16,data_record,,,
wujia_return,Giao thiếu so với SL trên đơn,Delivered less than the ordered quantity,,custom/wujia_return/data/return_issue_type_data.xml:30,data_record,,,
wujia_return,Hết hạn / cận date,Expired / near expiry,,custom/wujia_return/data/return_issue_type_data.xml:22,data_record,,,
wujia_return,Hỏng bao bì,Damaged packaging,,custom/wujia_return/data/return_issue_type_data.xml:8,data_record,,,
wujia_return,"Kho giao thiếu, hoàn lại để bù kỳ sau.",Warehouse delivered short; returned for the next compensation round.,,custom/wujia_return/models/stock_picking.py:104,py_gettext,,,
wujia_return,Không có nhóm nào để xử lý.,No groups to process.,,custom/wujia_return/wizards/compensation_process_wizard.py:255,py_gettext,,,
wujia_return,"Không có yêu cầu hợp lệ để xử lý bù hàng. Chỉ xử lý yêu cầu đã duyệt, phương án 'Bù hàng', còn số lượng chưa phân bổ (và có cấu hình bù đầy đủ).","No eligible requests to compensate. Only approved requests with the 'Compensation' resolution, unallocated quantity left (and a complete compensation setup) are processed.",,custom/wujia_return/wizards/compensation_process_wizard.py:113,py_gettext,,,
wujia_return,Không thể quy đổi '%s' ↔ '%s' (khác nhóm đơn vị).,Cannot convert '%s' ↔ '%s' (different UoM categories).,,custom/wujia_return/wizards/compensation_process_wizard.py:51,py_gettext,,,
wujia_return,Không tạo được SO bù (số lượng giao = 0).,Could not create the compensation SO (delivery qty = 0).,,custom/wujia_return/wizards/compensation_process_wizard.py:326,py_gettext,,,
wujia_return,Lỗi khác,Other issue,,custom/wujia_return/data/return_issue_type_data.xml:36,data_record,,,
wujia_return,Mã loại lỗi '%s' đã tồn tại.,Issue type code '%s' already exists.,,custom/wujia_return/models/wujia_return_issue_type.py:28,py_gettext,,,
wujia_return,"Nghiệp vụ đổi trả / bù hàng. Tách từ wujia_portal_return (F13, ADR-027). - wujia.return.request (mã RTN/), wujia.return.issue.type, wujia.compensation.allocation (mã CA/). - Wizard xử lý bù hàng: gom yêu cầu đã duyệt thành SO 0đ theo cửa hàng (FIFO). - Kế thừa sale.order (huỷ SO bù đóng quyền lợi), stock.picking (giao thực tế → số đã bù), product.product (cấu hình chính sách bù). - _portal_* / create_from_portal: luật dùng chung cho mọi kênh.","Return / compensation business logic. Split from wujia_portal_return (F13, ADR-027). …",,custom/wujia_return/__manifest__.py:6,py_literal,,,
wujia_return,Nhóm '%s': SL giao vượt quyền lợi còn lại.,Group '%s': delivery qty exceeds the remaining entitlement.,,custom/wujia_return/wizards/compensation_process_wizard.py:280,py_gettext,,,
wujia_return,Nhập SL duyệt bù (> 0) trước khi duyệt.,Enter the approved compensation qty (> 0) before approving.,,custom/wujia_return/models/wujia_return_request.py:298,py_gettext,,,
wujia_return,SL hoàn lại không được âm.,Returned qty cannot be negative.,,custom/wujia_return/models/wujia_compensation_allocation.py:77,py_literal,,,
wujia_return,SL phân bổ phải lớn hơn 0.,Allocated qty must be greater than 0.,,custom/wujia_return/models/wujia_compensation_allocation.py:69,py_literal,,,
wujia_return,SL đã giao không được âm.,Delivered qty cannot be negative.,,custom/wujia_return/models/wujia_compensation_allocation.py:73,py_literal,,,
wujia_return,SO bù hàng,Compensation SO,,custom/wujia_return/models/wujia_return_request.py:349 | custom/wujia_return/wizards/compensation_process_wizard.py:334,py_gettext,,,
wujia_return,Sai sản phẩm,Wrong product,,custom/wujia_return/data/return_issue_type_data.xml:15,data_record,,,
wujia_return,Sản phẩm '%s' bật bù hàng phải có ĐVT quyền lợi.,Product '%s' has compensation enabled and must have an entitlement UoM.,,custom/wujia_return/models/product_product.py:56,py_gettext,,,
wujia_return,Sản phẩm '%s' theo chính sách cộng dồn phải có SL quyền lợi / đơn vị giao > 0.,Product '%s' uses the accumulation policy and must have an entitlement qty per delivery unit > 0.,,custom/wujia_return/models/product_product.py:67,py_gettext,,,
wujia_return,Sản phẩm '%s' theo chính sách cộng dồn phải có ĐVT giao bù.,Product '%s' uses the accumulation policy and must have a compensation delivery UoM.,,custom/wujia_return/models/product_product.py:62,py_gettext,,,
wujia_return,Sản phẩm chưa được cấu hình chính sách bù hàng. Vui lòng liên hệ {brand}.,This product has no compensation policy configured. Please contact {brand}.,,custom/wujia_return/models/wujia_return_request.py:398,py_gettext,,,
wujia_return,Sản phẩm phải thuộc đơn hàng gốc của cửa hàng.,The product must belong to the store's original order.,,custom/wujia_return/models/wujia_return_request.py:452,py_gettext,,,
wujia_return,Sản phẩm đã hết hạn hoặc cận date theo quy định,Product expired or near expiry per policy,,custom/wujia_return/data/return_issue_type_data.xml:23,data_record,,,
wujia_return,Số lượng yêu cầu phải lớn hơn 0.,The requested quantity must be greater than 0.,,custom/wujia_return/models/wujia_return_request.py:469,py_gettext,,,
wujia_return,Thiếu số lượng,Short quantity,,custom/wujia_return/data/return_issue_type_data.xml:29,data_record,,,
wujia_return,Tệp không đúng định dạng hoặc vượt quá dung lượng cho phép.,The file has an invalid format or exceeds the allowed size.,,custom/wujia_return/models/wujia_return_request.py:421,py_gettext,,,
wujia_return,Tổng SL,Total qty,,custom/wujia_return/views/backend_return_request_views.xml:166,qweb_attr,,,
wujia_return,Tổng dung lượng minh chứng không được vượt quá %s MB.,Total evidence size cannot exceed %s MB.,,custom/wujia_return/models/wujia_return_request.py:428,py_gettext,,,
wujia_return,Tổng phân bổ của yêu cầu '%s' vượt số lượng đã duyệt.,Total allocation of request '%s' exceeds the approved quantity.,,custom/wujia_return/models/wujia_compensation_allocation.py:97,py_gettext,,,
wujia_return,Tổng đã giao + hoàn lại không được vượt SL phân bổ.,Delivered + returned cannot exceed the allocated qty.,,custom/wujia_return/models/wujia_compensation_allocation.py:81,py_literal,,,
wujia_return,Vui lòng chọn loại lỗi.,Please select an issue type.,,custom/wujia_return/models/wujia_return_request.py:463,py_gettext,,,
wujia_return,Vui lòng chọn đơn hàng gốc và sản phẩm.,Please select the original order and product.,,custom/wujia_return/models/wujia_return_request.py:445,py_gettext,,,
wujia_return,Vui lòng nhập thời gian mở hàng hợp lệ.,Please enter a valid unboxing time.,,custom/wujia_return/models/wujia_return_request.py:478,py_gettext,,,
wujia_return,Wizard bị mất dữ liệu nhóm khi lưu (thiếu force_save trong giao diện). Vui lòng báo bộ phận kỹ thuật.,The wizard lost its group data on save (missing force_save in the view). Please report it to the technical team.,,custom/wujia_return/wizards/compensation_process_wizard.py:239,py_gettext,,,
wujia_return,Yêu cầu bị từ chối: %s,Request rejected: %s,,custom/wujia_return/models/wujia_return_request.py:315,py_gettext,,,
wujia_return,Yêu cầu này không thể huỷ.,This request cannot be cancelled.,,custom/wujia_return/models/wujia_return_request.py:320,py_gettext,,,
wujia_return,Yêu cầu này không thể từ chối.,This request cannot be rejected.,,custom/wujia_return/models/wujia_return_request.py:311,py_gettext,,,
wujia_return,Yêu cầu đang được người khác xử lý. Vui lòng thử lại sau.,The request is being processed by someone else. Please try again later.,,custom/wujia_return/wizards/compensation_process_wizard.py:229,py_gettext,,,
wujia_return,Yêu cầu đã bị huỷ.,Request cancelled.,,custom/wujia_return/models/wujia_return_request.py:322,py_gettext,,,
wujia_return,Yêu cầu đã hoàn tất.,Request completed.,,custom/wujia_return/models/wujia_return_request.py:330,py_gettext,,,
wujia_return,Yêu cầu đã được gửi.,Request submitted.,,custom/wujia_return/models/wujia_return_request.py:286,py_gettext,,,
wujia_return,Yêu cầu đã được phê duyệt.,Request approved.,,custom/wujia_return/models/wujia_return_request.py:306,py_gettext,,,
wujia_return,Đã bù đủ số lượng — yêu cầu hoàn tất.,Fully compensated — request completed.,,custom/wujia_return/models/wujia_return_request.py:343,py_gettext,,,
wujia_return,"Đã tạo SO bù, đang chờ giao hàng.","Compensation SO created, awaiting delivery.",,custom/wujia_return/wizards/compensation_process_wizard.py:330,py_gettext,,,
wujia_return,Đơn bù bị huỷ — quyền lợi đóng theo yêu cầu.,Compensation order cancelled — entitlement closed per request.,,custom/wujia_return/models/sale_order.py:34,py_gettext,,,
wujia_return,"Đơn bù đã bị huỷ. Nếu vẫn cần bù hàng, vui lòng tạo yêu cầu mới.","This compensation order was cancelled. If you still need compensation, please create a new request.",,custom/wujia_return/models/sale_order.py:41,py_gettext,,,
wujia_return,Đơn hàng / sản phẩm không hợp lệ.,Invalid order / product.,,custom/wujia_return/models/wujia_return_request.py:443,py_gettext,,,
wujia_return,Đơn hàng không hợp lệ hoặc đã quá thời hạn %s ngày.,The order is invalid or older than %s days.,,custom/wujia_return/models/wujia_return_request.py:449,py_gettext,,,
wujia_return,"Đổi trả / bù hàng — yêu cầu 1 sản phẩm/phiếu, duyệt HQ, SO bù 0đ, theo dõi giao bù.","Returns / compensation — 1 product per request, HQ approval, 0-value compensation SO, compensation delivery tracking.",,custom/wujia_return/__manifest__.py:5,py_literal,,,
wujia_sale,C1: điền franchise cho %s đơn bán cũ,C1: filled franchise for %s legacy sale orders,,custom/wujia_sale/migrations/19.0.4.3.0/post-migrate.py:32,py_literal,,,
wujia_sale,C1: điền partner cửa hàng cho %s đơn bán cũ,C1: filled store partner for %s legacy sale orders,,custom/wujia_sale/migrations/19.0.4.3.0/post-migrate.py:42,py_literal,,,
wujia_sale,Member của đơn '%s' không khớp user/cửa hàng đã chọn.,The member of order '%s' does not match the selected user/store.,,custom/wujia_sale/models/sale_order.py:137,py_gettext,,,
wujia_sale,Sale order extension cho cửa hàng nhượng quyền + tính khối lượng,Sale order extension for franchise stores + weight calculation,,custom/wujia_sale/__manifest__.py:5,py_literal,,,
wujia_sale,"Sản phẩm '%s' chỉ cho phép tối đa %s/đơn, đang đặt %s.","Product '%s' allows at most %s per order, ordered %s.",,custom/wujia_sale/models/sale_order_line.py:108,py_gettext,,,
wujia_sale,"Sản phẩm '%s' yêu cầu số lượng tối thiểu %s, đang đặt %s.","Product '%s' requires a minimum quantity of %s, ordered %s.",,custom/wujia_sale/models/sale_order_line.py:99,py_gettext,,,
wujia_sale,Sản phẩm public portal '%s' phải có số lượng tối thiểu > 0 (bước đặt hàng = số lượng tối thiểu).,Portal product '%s' must have a minimum quantity > 0 (order step = minimum quantity).,,custom/wujia_sale/models/product_product.py:62,py_gettext,,,
wujia_sale,"Số lượng của '%s' phải tăng theo bước %s, đang đặt %s.","The quantity of '%s' must be in steps of %s, ordered %s.",,custom/wujia_sale/models/sale_order_line.py:104,py_gettext,,,
wujia_sale,Số lượng tối thiểu/tối đa không thể âm.,Minimum/maximum quantity cannot be negative.,,custom/wujia_sale/models/product_product.py:59,py_gettext,,,
wujia_sale,Số lượng tối đa (%s) phải >= số lượng tối thiểu (%s).,Maximum quantity (%s) must be >= minimum quantity (%s).,,custom/wujia_sale/models/product_product.py:68,py_gettext,,,
wujia_sale,Số lượng tối đa (%s) phải chia hết cho số lượng tối thiểu (%s).,Maximum quantity (%s) must be a multiple of the minimum quantity (%s).,,custom/wujia_sale/models/product_product.py:73,py_gettext,,,
wujia_sale,User '%s' không có membership active trong cửa hàng '%s'.,User '%s' has no active membership in store '%s'.,,custom/wujia_sale/models/sale_order.py:147,py_gettext,,,
wujia_sale,Đơn '%s' tạo từ portal phải có cửa hàng (franchise_id).,Order '%s' created from the portal must have a store (franchise_id).,,custom/wujia_sale/models/sale_order.py:129,py_gettext,,,
wujia_sale,Đơn '%s' từ portal phải có cửa hàng nhượng quyền (franchise_id).,Portal order '%s' must have a franchise store (franchise_id).,,custom/wujia_sale/models/sale_order.py:110,py_gettext,,,
wujia_sale,Đơn '%s' từ portal phải có partner cửa hàng (franchise_partner_id).,Portal order '%s' must have a store partner (franchise_partner_id).,,custom/wujia_sale/models/sale_order.py:115,py_gettext,,,
wujia_support,"Nghiệp vụ yêu cầu hỗ trợ. Tách từ wujia_portal_support (F10, ADR-027). - Model wujia.support.ticket (mã WJ-TK/, chatter, mốc ngày theo trạng thái, phân tích phản hồi cửa hàng/HQ), wujia.support.category (danh mục + người/đội nhận mặc định). - _portal_scope_domain / create_from_portal / _portal_reply / _portal_get_attachment: luật dùng chung cho mọi kênh.","Support request business logic. Split from wujia_portal_support (F10, ADR-027).",,custom/wujia_support/__manifest__.py:6,py_literal,,,
wujia_support,"Yêu cầu hỗ trợ từ cửa hàng nhượng quyền — HQ tiếp nhận, phân công, trả lời, đóng.","Support requests from franchise stores — HQ receives, assigns, replies, closes.",,custom/wujia_support/__manifest__.py:5,py_literal,,,
