id,code,name,partner_id/id,phone,address,franchise_start_date,franchise_end_date,description,status,portal_locked,invoiced
franchise_h001,H001,[H001] Cửa hàng 168 Phan Văn Mảng,wujia_franchise.partner_franchise_h001,0792770168,"168 Phan Văn Mảng, thị trấn Bến Lức, huyện Bến Lức, tỉnh Long An",2026-08-27,,"Cấm 5T, Cấm giờ",draft,0,0
franchise_h003,H003,Cửa hàng D11 Cư Xá Phú Lâm,wujia_franchise.partner_franchise_h003,0777278818,"D11 Cư Xá Phú Lâm B, Phường 13, Quận 6,TP.HCM",2026-08-27,,Cấm 6h-9h; 16h-20h,draft,0,0
franchise_h004,H004,Cửa hàng 127 Mã Lò,wujia_franchise.partner_franchise_h004,0775636038,"127 Mã Lò, Phường Bình Trị Đông A, Quận Bình Tân, TP.HCM",2025-06-17,2026-06-17,Cấm 6h-9h; 16h-2h,expired,0,0
franchise_h005,H005,Cửa hàng 145 Cao Đạt,wujia_franchise.partner_franchise_h005,0348508795,"145 Cao Đạt, Phường 1, Quận 5, TP.HCM",2026-08-27,,Cấm 6h-9h; 16h-2h,draft,0,0
franchise_h006,H006,Cửa hàng 236/30 Thái Phiên,wujia_franchise.partner_franchise_h006,0906830106,"236/30 Thái Phiên, Phường 8, Quận 11, TP.HCM",2025-07-15,2026-07-15,,expired,0,0
franchise_h007,H007,[H007] Cửa hàng Số 6 Ngô Quyền,wujia_franchise.partner_franchise_h007,0934915808,"Số 6 Ngô Quyền, Phường 6, Quận 10 , TPHCM",2025-06-28,2026-06-28,Cấm đỗ 6h-22h,expired,0,0
franchise_h008,H008,[H008] Cửa hàng 239 QL50,wujia_franchise.partner_franchise_h008,0375437197,"239 QL50, Tổ 7, KP3, Cần Giuộc, Long An.",2024-06-17,2026-06-17,,expired,0,0
franchise_h009,H009,Cửa hàng 54 Trịnh Đình Trọng,wujia_franchise.partner_franchise_h009,0944887079,"54 Trịnh Đình Trọng. Phường Phú Trung, Quận Tân Phú",2025-06-17,2026-06-17,,expired,0,0
franchise_h010,H010,Cửa hàng 219 Vĩnh Viễn,wujia_franchise.partner_franchise_h010,0901763408,"219 Vĩnh Viễn, Phường 4 , Quận 10 , TPHCM",2025-06-03,2026-06-03,"Cấm đỗ ngày lẻ, đường nhỏ (xe 500kg)",expired,0,0
franchise_h011,H011,[H011] Cửa hàng 133 Phú Lợi,wujia_franchise.partner_franchise_h011,0869738138,133 đường Phú Lợi Phường Phú Lợi Thành Phố Thủ Dầu Một Bình Dương,2025-06-17,2026-06-17,,expired,0,0
franchise_h012,H012,Cửa hàng 624 Lê Đức Thọ,wujia_franchise.partner_franchise_h012,0906397420,"624 Lê Đức Thọ, Phường 15, Quận Gò Vấp",2025-07-15,2026-07-15,,expired,0,0
franchise_h013,H013,Cửa hàng 22 Nguyễn Quang Bích,wujia_franchise.partner_franchise_h013,0938028291,"22 Nguyễn Quang Bích, Phường 13, Quận Tân Bình, TP.HCM",2025-07-16,2026-07-16,,expired,0,0
franchise_h014,H014,Cửa hàng 16A/1 KP Thạnh Lợi,wujia_franchise.partner_franchise_h014,0942555179,"Số 16A/1 KP Thạnh Lợi , Phường An Thạnh , TP Thuận An, Bình Dương",2025-09-16,2026-09-16,,active,0,0
franchise_h015,H015,Cửa hàng 39 Thạch Lam,wujia_franchise.partner_franchise_h015,0357200100,"39 Thạch Lam, Hòa Thạnh, Tân Phú, Thành phố Hồ Chí Minh.",2025-11-01,2026-11-01,,active,0,0
franchise_h016,H016,Cửa hàng 29 Bắc Hải,wujia_franchise.partner_franchise_h016,0392494078,"29 Bắc Hải, Phường 15, Quận 10, TP.HCM",2024-11-01,2026-11-01,,active,0,0
franchise_h017,H017,[H017] Cửa hàng 24 Đặng Văn Ngữ,wujia_franchise.partner_franchise_h017,0898098533,"24 Đặng Văn Ngữ, Phường 10, Quận Phú Nhuận, TP.HCM",2027-03-18,2027-03-19,Cấm xe tải (500/900),active,0,0
franchise_h018,H018,Cửa hàng D12/56 Đinh Đức Thiện,wujia_franchise.partner_franchise_h018,0366762185,"D12/56 Đinh Đức Thiện, Ấp 4 Xã Bình Chánh, Huyện Bình Chánh, TP.HCM",2026-01-01,2027-01-01,,active,0,0
franchise_h019,H019,Cửa hàng Ô 16-DC36 KDC Việt Sing,wujia_franchise.partner_franchise_h019,0358414879,"Ô 16-DC36, Đường D33, KDC Việt Sing, phường An Phú, Thuận An, Bình Dương",2025-07-22,2026-07-22,CẤM ĐẬU NGÀY LẺ (qua đường D1 đậu gọi nhân viên tiệm),expired,0,0
franchise_h020,H020,Cửa hàng 19 Dương Quảng Hàm,wujia_franchise.partner_franchise_h020,0934199830,"80/32 Dương Quảng Hàm, Phường 05, Quận Gò Vấp, Tp.HCM",2024-07-22,2026-07-22,,expired,0,0
franchise_h021,H021,Cửa hàng 542 Thống Nhất,wujia_franchise.partner_franchise_h021,0896455857,"542 Thống Nhất, Phường 16, Gò Vấp, TPHCM",2026-01-22,2027-01-22,,active,0,0
franchise_h022,H022,Cửa hàng Số 8 Võ Thành Long,wujia_franchise.partner_franchise_h022,0947683986,"Số 8 Võ Thành Long, Phường Phú Cường, Thủ Dầu Một, Quận Bình Dương",2025-01-22,2026-07-22,,expired,0,0
franchise_h023,H023,Cửa hàng 515 Âu Cơ,wujia_franchise.partner_franchise_h023,0773320402,"515 Âu Cơ, Phú Trung, Tân Phú, TP.HCM",2025-07-22,,,draft,0,0
franchise_h024,H024,Cửa hàng C6 Xóm Chiếu,wujia_franchise.partner_franchise_h024,0938097390,"C6 Xóm Chiếu, Phường 13, Quận 4, TP.HCM",2025-09-10,,,draft,0,0
franchise_h025,H025,[H025] Cửa hàng 196 Tỉnh Lộ 10,wujia_franchise.partner_franchise_h025,0909029769,"196 Tỉnh lộ 10, ấp Bình Tả 1, Xã Đức Hòa Hạ, Đức Hòa, Long An",2025-06-10,2026-06-10,,expired,0,0
franchise_h026,H026,Cửa hàng 962 Nguyễn Văn Quá,wujia_franchise.partner_franchise_h026,0902603354,"962 Nguyễn Văn Quá, Phường Đông Hưng Thuận, Quận 12",2025-03-09,2027-03-09,Cấm 1 chiều,active,0,0
franchise_h027,H027,Cửa hàng 44 Nguyễn Trãi,wujia_franchise.partner_franchise_h027,0967652141,"44 Nguyễn Trãi, Phường Thống Nhất 1, TP Dĩ An, Bình Dương.",2027-04-22,2027-04-23,Cấm 16h-18h,active,0,0
franchise_h028,H028,[H028] Cửa hàng 38 Đường Lê Hồng Phong,wujia_franchise.partner_franchise_h028,0962174941,"38 Đường Lê Hồng Phong, Dĩ An, TP HCM",2025-08-05,2027-08-05,,active,0,0
franchise_h032,H032,Cửa hàng Số 3 KP Khánh Hòa,wujia_franchise.partner_franchise_h032,0921863994,"Số 3 Khu Phố Khánh Hòa, Thị xã Tân Uyên, Bình Dương",2025-09-19,2026-09-16,Cấm 2T5,active,0,0
franchise_h033,H033,Cửa hàng 24 Lý Thường Kiệt,wujia_franchise.partner_franchise_h033,0334435084,"24 Lý Thường Kiệt, Dĩ An, Bình Dương",2024-05-15,2026-05-15,Cấm 16h-18h,expired,0,0
franchise_h034,H034,Cửa hàng 15A/1 Nguyễn Ảnh Thủ,wujia_franchise.partner_franchise_h034,0854389017,"15A/1 Nguyễn Ảnh Thủ ,Phường Hiệp Thành , Quận 12 , TP.HCM",2024-06-02,2026-06-02,,expired,0,0
franchise_h036,H036,Cửa hàng 181/104 Âu Dương Lân,wujia_franchise.partner_franchise_h036,0969967025,"181/104 Âu Dương Lân, Phường 2, Quận 8, TP.HCM",2025-06-18,2026-06-18,Hẻm nhỏ (500/900),expired,0,0
franchise_h037,H037,Cửa hàng C180 Lái Thiêu,wujia_franchise.partner_franchise_h037,0934179286,"C180, Khu Phố Bình Đức 1, Phường Lái Thiêu, Bình Dương",2027-05-02,2027-05-03,"Cấm dừng, cấm đậu",active,0,0
franchise_h038,H038,Cửa hàng 360 Lê Quang Sung,wujia_franchise.partner_franchise_h038,0908185992,"360 Lê Quang Sung, Phường 9, Quận 6, TP.HCM",2025-10-16,2026-10-16,,active,0,0
franchise_h039,H039,Cửa hàng 459 Nguyễn Văn Khối,wujia_franchise.partner_franchise_h039,0906706267,"459 Nguyễn Văn Khối, Phường 8, Quận Gò Vấp, TP.HCM",2024-06-18,2026-06-18,,expired,0,0
franchise_h042,H042,Cửa hàng 59 Phạm Văn Hai,wujia_franchise.partner_franchise_h042,0772908742,"59 Phạm Văn Hai, Phường 2, Quận Tân Bình, TP HCM",2025-12-18,2026-12-18,,active,0,0
franchise_h043,H043,Cửa hàng 289 Nguyễn Văn Quá,wujia_franchise.partner_franchise_h043,0329180830,"289 Nguyễn Văn Quá, Phường Đông Hưng Thuận, Quận 12, TP.HCM",2025-11-01,2026-11-01,,active,0,0
franchise_h044,H044,Cửa hàng 28 Vũ Huy Tấn,wujia_franchise.partner_franchise_h044,0363479690,"28 Vũ Huy Tấn, Phường 3, Quận Bình Thạnh, TP.HCM",2025-05-16,2026-05-16,Cấm tải 1 chiều,expired,0,0
franchise_h045,H045,Cửa hàng 258 Đỗ Xuân Hợp,wujia_franchise.partner_franchise_h045,0792144033,"258 Đỗ Xuân Hợp, Phường Phước Long A, Quận Thủ Đức, TP.HCM",2024-11-02,2026-11-02,,active,0,0
franchise_h046,H046,Cửa hàng 102 Độc Lập,wujia_franchise.partner_franchise_h046,0906630815,"102 Độc Lập, Phường Tân Thành, Quận Tân Phú, TP.HCM",2025-06-01,2026-06-01,,expired,0,0
franchise_h047,H047,[H047] Cửa hàng 765 Tân Kỳ Tân Quý,wujia_franchise.partner_franchise_h047,0938314663,"765, Tân Kỳ Tân Quý, Bình Hưng Hòa A, Quận Bình Tân, TP HCM",2024-12-01,2026-12-01,,active,0,0
franchise_h048,H048,Cửa hàng 232 Nguyễn Thượng Hiền,wujia_franchise.partner_franchise_h048,0328.456.237,"232 Nguyễn Thượng Hiền, Phường 4, Quận 3, TP.HCM",2025-06-01,2026-06-01,,expired,0,0
franchise_h050,H050,Cửa hàng 125  Nguyễn Văn Tăng,wujia_franchise.partner_franchise_h050,0937907315,"Số 125  Nguyễn Văn Tăng, Phường Long Bình, Thủ Đức.",2025-11-01,2026-11-01,,active,0,0
franchise_h051,H051,Cửa hàng 336 Lê Đức Thọ,wujia_franchise.partner_franchise_h051,0707847039,"336 Lê Đức Thọ, phường 6, quận Gò Vấp",2024-12-11,2026-12-11,,active,0,0
franchise_h052,H052,Cửa hàng 39 CMT8,wujia_franchise.partner_franchise_h052,0984640643,"77 Cách Mạng Tháng Tám, Phường Hiệp Thành, Thủ Dầu Một, Bình Dương",2025-12-03,2026-12-03,Cấm 5T,active,0,0
franchise_h053,H053,Cửa hàng 640 Huỳnh Văn Lũy,wujia_franchise.partner_franchise_h053,0908228147,"640 Huỳnh Văn Lũy, Phường Phú Mỹ, TP Thủ Dầu Một, Bình Dương",2025-12-19,2026-06-19,,expired,0,0
franchise_h054,H054,Cửa hàng 29/1 Nguyễn Gia Trí,wujia_franchise.partner_franchise_h054,0937792631,"29/1 Nguyễn Gia Trí, Phường 25, Quận Bình Thạnh",2025-12-23,2026-12-23,,active,0,0
franchise_h056,H056,[H056] Cửa hàng 29 Hoa Sứ,wujia_franchise.partner_franchise_h056,0901605811,"29 Hoa Sứ, Phường 7, Quận Phú Nhuận, TP.HCM",2025-01-21,2027-01-21,,active,0,0
franchise_h057,H057,Cửa hàng 30A1 Thích Quảng Đức,wujia_franchise.partner_franchise_h057,0982285071,"30A1 Thích Quảng Đức, P5, Quận Phú Nhuận, TP.HCM",2025-07-02,2026-07-02,"Cấm 1 chiều, cấm dừng đổ",expired,0,0
franchise_h058,H058,Cửa hàng 81A Lâm Văn Bền,wujia_franchise.partner_franchise_h058,0986879608,"81A Lâm Văn Bền, Phường Tân Thuận Tây, Quận 7, TP.HCM",2025-01-07,2027-01-07,,active,0,0
franchise_h059,H059,[H059] Cửa hàng 13 Trần Quốc Toản,wujia_franchise.partner_franchise_h059,0774707272,"13 Trần Quốc Toản, Phường 8, Quận 3, TP.HCM",2025-08-20,2026-08-20,Cấm 1 chiều,expired,0,0
franchise_h061,H061,Cửa hàng Đường D3,wujia_franchise.partner_franchise_h061,0898796339,"Đường D3, Mỹ Phước I, Bến Cát, Bình Dương",2027-03-24,2027-03-25,,active,0,0
franchise_h063,H063,Cửa hàng 43 Hoàng Diệu 2,wujia_franchise.partner_franchise_h063,0798668105,"43 Hoàng Diệu 2, Phường Linh Trung, Quận Thủ Đức, TP.HCM",2025-02-08,2027-02-08,,active,0,0
franchise_h064,H064,Cửa hàng 50 Văn Cao,wujia_franchise.partner_franchise_h064,0904633036,"50 Văn Cao ,Phú Thọ Hòa ,Tân Phú ,TPHCM",2027-02-20,2027-02-21,,active,0,0
franchise_h065,H065,[H065] Cửa hàng 20 Tăng Nhơn Phú,wujia_franchise.partner_franchise_h065,0896447876,"20 Tăng Nhơn Phú Phường Phước Long B Quận 9 Thành Phố Thủ Đức, TP.HCM",2026-02-23,2027-02-23,,active,0,0
franchise_h066,H066,[H066] Cửa hàng 153 Phổ Quang,wujia_franchise.partner_franchise_h066,0937885059,"153 Phổ Quang, Phường 9, Quận Phú Nhuận",2025-11-01,2026-11-01,,active,0,0
franchise_h067,H067,Cửa hàng 93/1B Lê Lợi,wujia_franchise.partner_franchise_h067,0372933239,"93/1B, Đường Lê Lợi, Ấp Dân Thắng 2, P Tân Thới Nhì, Hóc Môn",2027-02-26,2027-02-27,,active,0,0
franchise_h068,H068,[H068] Cửa hàng 1C Tân Hòa Đông,wujia_franchise.partner_franchise_h068,0866640397,"1C Tân Hòa Đông , P13 Quận 6, TP.HCM",2027-02-20,2027-02-21,,active,0,0
franchise_h069,H069,Cửa hàng 145 Ngô Tất Tố,wujia_franchise.partner_franchise_h069,0362417272,"145 Ngô Tất Tố, Phường 22, Quận Bình Thạnh , TP.HCM",2027-02-27,2027-02-28,,active,0,0
franchise_h070,H070,[H070] Cửa hàng 3B Bùi Minh Trực,wujia_franchise.partner_franchise_h070,0937695807,"3B Bùi Minh Trực, Phường 5, Quận 8, TP.HCM",2027-03-01,2027-03-02,Đường nhỏ-ngay chợ (ưu tiên xe nhỏ) 15-22.05 mở cửa bán lúc 11:00,active,0,0
franchise_h071,H071,Cửa hàng 244 Đường Số 8,wujia_franchise.partner_franchise_h071,0962798735,"244 Đường Số 8, Linh Xuân, Thủ Đức, TP HCM",2027-03-08,2027-03-09,,active,0,0
franchise_h073,H073,[H073] Cửa hàng 97 Bùi Văn Hòa,wujia_franchise.partner_franchise_h073,0907464205,"97 Bùi Văn Hòa phường Long Bình, Biên Hòa, Đồng Nai",2025-06-12,2027-06-12,,active,0,0
franchise_h074,H074,Cửa hàng 959 Lạc Long Quân,wujia_franchise.partner_franchise_h074,0948747304,"959 Lạc Long Quân, Phường 11, Quận Tân Bình",2025-03-14,2027-03-14,,active,0,0
franchise_h075,H075,[H075] Cửa hàng 468 Nguyễn Thái Sơn,wujia_franchise.partner_franchise_h075,0978038617,"468 Nguyễn Thái Sơn, phường 5, Quận Gò Vấp",2025-03-13,2027-03-13,,active,0,0
franchise_h076,H076,Cửa hàng 2A Phạm Thế Hiển,wujia_franchise.partner_franchise_h076,0939729176,"2A Lô 37 Phạm Thế Hiển, Phường 4, Quận 8, TP.HCM",2025-03-22,2027-03-22,,active,0,0
franchise_h077,H077,Cửa hàng Số 1 Hoàng Hoa Thám,wujia_franchise.partner_franchise_h077,0327792379,"Số 1 Hoàng Hoa Thám, Phường 13, Tân Bình, TP.HCM",2027-03-12,2027-03-13,"Cấm dừng, cấm đổ",active,0,0
franchise_h078,H078,Cửa hàng 52 Cô Giang,wujia_franchise.partner_franchise_h078,0904560790,"52 Cô Giang , Phường Cô Giang , Quận 1 , TP.HCM",2025-09-15,2026-09-15,,active,0,0
franchise_h079,H079,Cửa hàng 166 Bùi Đình Túy,wujia_franchise.partner_franchise_h079,0931825166,"166 Bùi Đình Túy, Phường 12, Quận Bình Thạnh, TP.HCM",2025-03-16,2026-09-16,,active,0,0
franchise_h080,H080,Cửa hàng 191 Lê Văn Lương,wujia_franchise.partner_franchise_h080,0347076730,"191 Lê Văn Lương, Phường Tân Kiểng, Quận 7, TPHCM",2025-03-15,2027-03-15,"Cấm dừng, cấm đổ",active,0,0
franchise_h081,H081,Cửa hàng 787 Hậu Giang,wujia_franchise.partner_franchise_h081,0362713872,"787 Hậu Giang, Phường 11, Quận 6, TPHCM",2027-03-26,2027-03-27,,active,0,0
franchise_h082,H082,[H082] Cửa hàng 430 Quốc Lộ 50,wujia_franchise.partner_franchise_h082,0394043474,"430 Quốc Lộ 50, Xã Bình Hưng, TpHCM",2025-12-15,2027-12-15,,active,0,0
franchise_h083,H083,Cửa hàng 13 Nguyễn Thị Định,wujia_franchise.partner_franchise_h083,0906800182,"13 Nguyễn Thị Định, Phường An Phú, Quận 2, TPHCM",2025-03-27,2027-03-27,,active,0,0
franchise_h084,H084,Cửa hàng 1524 Nguyễn Ái Quốc,wujia_franchise.partner_franchise_h084,0818029996,"1524 Nguyễn Ái Quốc, Phường Tân Phong , TP Biên Hòa, Tỉnh Đồng Nai",2027-03-27,2027-03-28,Cấm trên 2T,active,0,0
franchise_h085,H085,Cửa hàng 388 Lê Văn Quới,wujia_franchise.partner_franchise_h085,0909831720,"388 Lê Văn Quới, Phường Bình Hưng Hòa A, Quận Bình Tân",2027-03-28,2027-03-29,Ngay chợ-đường nhỏ (500/900),active,0,0
franchise_h086,H086,Cửa hàng 129 Đặng Văn Bi,wujia_franchise.partner_franchise_h086,0792144033,"129 Đặng Văn Bi, Phường Trường Thọ, Thủ Đức",2026-03-31,2027-03-31,,draft,0,0
franchise_h087,H087,Cửa hàng 27 Huỳnh Văn Bánh,wujia_franchise.partner_franchise_h087,0797828863,"27 Huỳnh Văn Bánh, Phường 17, Phú Nhuận, Thành phố Hồ Chí Minh",2027-04-02,2027-04-03,Cấm tải (500/900),active,0,0
franchise_h088,H088,Cửa hàng 56 Tân Quý,wujia_franchise.partner_franchise_h088,0382014078,"56 Tân Quý , Phường Tân Quý , Quận Tân Phú , TPHCM",2027-04-05,2027-04-06,Ngay ngã tư đèn đỏ-cấm dừng cấm đậu (xe 900kg),active,0,0
franchise_h089,H089,Cửa hàng 18/1 Phan Văn Hớn,wujia_franchise.partner_franchise_h089,0933194986,"18/1 Đường Phan Văn Hớn, Ấp Trung Lân, xã Bà Điểm, Hóc Môn",2027-04-04,2027-04-05,Cấm 1 chiều,active,0,0
franchise_h090,H090,Cửa hàng 695 Xô Viết - Nghệ Tĩnh,wujia_franchise.partner_franchise_h090,0979846626,"695 Đường Xô Viết Nghệ Tĩnh, Phường 26, Quận Bình Thạnh",2027-04-04,2027-04-05,,active,0,0
franchise_h091,H091,[H091] Cửa hàng 161 Ấp Quới An,wujia_franchise.partner_franchise_h091,093 9953691,"161 Ấp Quới An, Giao Long, Tỉnh Bến Tre",2026-08-27,,,expired,0,0
franchise_h092,H092,Cửa hàng 366 Nguyễn Văn Nghi,wujia_franchise.partner_franchise_h092,0364417272,"366 Nguyễn Văn Nghi, Phường 7, Quận Gò Vấp",2025-04-09,2027-04-09,,active,0,0
franchise_h093,H093,Cửa hàng 414 Tùng Thiện Vương,wujia_franchise.partner_franchise_h093,0909658802,"414 Tùng Thiện Vương ，Phường 13 ,Quận 8, TPHCM",2027-04-13,2027-04-14,,active,0,0
franchise_h094,H094,Cửa hàng 200 Đồng Đen,wujia_franchise.partner_franchise_h094,0382164515,"200 Đồng Đen, Phường 14, Quận Tân Bình, TP.HCM",2025-05-26,2026-05-26,,expired,0,0
franchise_h097,H097,Cửa hàng 2068 Phạm Thế Hiển,wujia_franchise.partner_franchise_h097,0934036438,"2068 Phạm Thế Hiển,Phường 6, Quận 8, TPHCM",2025-05-01,2027-05-01,,active,0,0
franchise_h098,H098,Cửa hàng 89 Hoàng Hoa Thám,wujia_franchise.partner_franchise_h098,0365365879,"89 Hoàng Hoa Thám, Phường 7, Bình Thạnh",2025-04-19,2027-04-19,,active,0,0
franchise_h099,H099,Cửa hàng Tổ 3 KP Khánh Long,wujia_franchise.partner_franchise_h099,0933194149,"Tổ 3 KP Khánh Long, Tân Phước Khánh, Tân Uyên, Bình Dương",2027-04-20,2027-04-21,,active,0,0
franchise_h100,H100,Cửa hàng 64 Huỳnh Mẫn Đạt,wujia_franchise.partner_franchise_h100,0772632512,"64 Huỳnh Mẫn Đạt, Phường 2 , Quận 5",2025-05-11,2026-05-11,,expired,0,0
franchise_h101,H101,[H101] Cửa hàng 129 Hiệp Bình,wujia_franchise.partner_franchise_h101,0938603622,"129 Đường Hiệp Bình, Hiệp Bình Chánh, Thủ Đức , TPHCM",2027-04-21,2027-04-22,,active,0,0
franchise_h102,H102,[H102] Cửa hàng 308 CMT8,wujia_franchise.partner_franchise_h102,0904134139,"308 Cách Mạng Tháng 8, Phường 10, Quận 3",2025-04-21,2027-04-21,Cấm tải (500/900),active,0,0
franchise_h103,H103,[H103] Cửa hàng 141 Tôn Đản,wujia_franchise.partner_franchise_h103,0909953291,"141 Tôn Đản, Phường 14, Quận 4, TPHCM",2025-04-29,2027-04-29,,active,0,0
franchise_h104,H104,Cửa hàng 100 Đường 17,wujia_franchise.partner_franchise_h104,0394356060,"Số 100 đường 17, Phường Tân Kiểng, Quận 7,TPHCM",2027-04-29,2027-04-30,,active,0,0
franchise_h105,H105,Cửa hàng 831 Lê Văn Lương,wujia_franchise.partner_franchise_h105,0967194830,"831 Lê Văn Lương, Xã Phước Kiểng, Huyện Nhà Bè, TPHCM",2027-05-02,2027-05-03,,active,0,0
franchise_h107,H107,[H107] Cửa hàng 540 Lê Quang Định,wujia_franchise.partner_franchise_h107,0389507272,"540 Lê Quang Định, Phường 1, Gò Vấp, TP HCM",2027-05-05,2027-05-06,,active,0,0
franchise_h108,H108,Cửa hàng 313C An Dương Vương,wujia_franchise.partner_franchise_h108,0867889619,"313C An Dương Vương, Phường An Lạc, Quận Bình Tân",2027-04-03,2027-04-04,,active,0,0
franchise_h109,H109,Cửa hàng 29 Đường 11,wujia_franchise.partner_franchise_h109,0386002499,"Số 29 Đường 11 , Linh Xuân ,Thủ Đức , TP.HCM",2025-06-11,2026-06-11,,expired,0,0
franchise_h110,H110,Cửa hàng 518 Dương Bá Trạc,wujia_franchise.partner_franchise_h110,0763423511,"518 Dương Bá Trạc, Phường 1, Quận 8 ,TP.HCM",2025-06-11,2026-06-11,,expired,0,0
franchise_h111,H111,Cửa hàng 192 Tân Sơn Nhì,wujia_franchise.partner_franchise_h111,0859070067,"192 Tân Sơn Nhì, Tân Sơn Nhì, Tân Phú, Thành phố Hồ Chí Minh",2022-06-12,2026-06-12,,expired,0,0
franchise_h112,H112,[H112] Cửa hàng 113/5 Nguyễn Văn Tạo,wujia_franchise.partner_franchise_h112,0797828389,"113/5 Nguyễn Văn Tạo, Hiệp Phước, Nhà Bè",2027-04-01,2027-04-02,,active,0,0
franchise_h113,H113,Cửa hàng 187 Thống Nhất,wujia_franchise.partner_franchise_h113,0909230585,"187 Thống Nhất, P11, Quận Gò Vấp",2025-06-21,2026-06-21,,expired,0,0
franchise_h114,H114,Cửa hàng 366 Lê Văn Việt,wujia_franchise.partner_franchise_h114,0969624665,"366 Lê Văn Việt, Phường Hiệp Phú, Quận 9, Thủ Đức, TP HCM",2025-06-24,2026-06-24,,expired,0,0
franchise_h115,H115,[H115] Cửa hàng 281 Tô Hiến Thành,wujia_franchise.partner_franchise_h115,0344800795,"281 Tô Hiến Thành, phường 13  Quận 10, TP HCM",2026-06-21,2026-06-21,,expired,0,0
franchise_h116,H116,Cửa hàng 181 Nguyễn Gia Trí,wujia_franchise.partner_franchise_h116,0936001026,"181 Nguyễn Gia Trí, Phường 25, Quận Bình Thạnh",2025-06-21,2026-06-21,,expired,0,0
franchise_h117,H117,[H117] Cửa hàng 11/10 Nguyễn Thái Sơn,wujia_franchise.partner_franchise_h117,0909537015,"11/10 Nguyễn Thái Sơn, P3, Gò Vấp, TP.HCM",2022-08-10,2026-08-12,Cấm 2T5,expired,0,0
franchise_h118,H118,Cửa hàng 382 Hồ Ngọc Lãm,wujia_franchise.partner_franchise_h118,0779072118,"382 Hồ Học Lãm, Phường An Lạc, Quận Bình Tân ,TPHCM",2025-07-01,2026-07-01,,expired,0,0
franchise_h119,H119,Cửa hàng 1170 Tỉnh Lộ 10,wujia_franchise.partner_franchise_h119,0931324028,"1170 Tỉnh Lộ 10 , Phường Tân Tạo, Quận Bình Tân , TP. HCM",2025-07-01,2026-07-01,,expired,0,0
franchise_h120,H120,Cửa hàng 174 Đường 11,wujia_franchise.partner_franchise_h120,0908159984,"174 Đường 11, KP1, Phường Hòa Phú, Thủ Dầu Một, Bình Dương",2025-07-01,2026-07-01,,expired,0,0
franchise_h121,H121,[H121] Cửa hàng 46E Phan Huy Ích,wujia_franchise.partner_franchise_h121,0931015143,"46E Phan Huy Ích , Phường 15 ,Quận Tân Bình ,TPHCM",2025-07-05,2027-07-05,,active,0,0
franchise_h122,H122,[H122] Cửa hàng 217 Nguyễn Duy Trinh,wujia_franchise.partner_franchise_h122,0901834182,"217 Nguyễn Duy Trinh, Phường Bình Trưng Tây, Thủ Đức",2025-09-16,2026-09-16,,active,0,0
franchise_h123,H123,Cửa hàng 437 Kha Vạn Cân,wujia_franchise.partner_franchise_h123,0765815008,"437 Kha Vạn Cân , Linh Đông , Thủ Đức, TP.HCM",2025-07-05,2026-07-05,,expired,0,0
franchise_h124,H124,Cửa hàng VSip 2A,wujia_franchise.partner_franchise_h124,0933298117,"VSIP 2A Đường Số 19,KP4, Phường Vĩnh Tân, Thị Xã Tân Uyên, Bình Dương",2027-04-14,2027-04-15,,active,0,0
franchise_h125,H125,Cửa hàng 274 Hoàng Diệu,wujia_franchise.partner_franchise_h125,0366007468,"274 Hoàng Diệu 2, Phường Linh Chiểu, TP. Thủ Đức",2025-07-14,2026-07-14,,expired,0,0
franchise_h126,H126,Cửa hàng 194 Phạm Hùng,wujia_franchise.partner_franchise_h126,0966188041,"194 Phạm Hùng, Ấp 4, Xã Bình Hưng, Huyện Bình Chánh, TPHCM",2025-09-28,2027-09-28,"Ưu tiên 900, đường nhỏ",active,0,0
franchise_h127,H127,Cửa hàng Lô C2-07,wujia_franchise.partner_franchise_h127,0337801931,"Lô C2-07, đường TC3, khu phố 3, phường Mỹ Phước, TP Bến Cát, Bình Dương.",2025-11-15,2026-11-15,,active,0,0
franchise_h128,H128,Cửa hàng 33B Nguyễn Bỉnh Khiêm,wujia_franchise.partner_franchise_h128,0789311108,"33B Nguyễn Bỉnh Khiêm, Đa Kao , Quận 1, TP.HCM",2025-07-13,2026-07-13,Cấm dừng-cấm đỗ (500/900),expired,0,0
franchise_h129,H129,Cửa hàng 292 Trần Hưng Đạo,wujia_franchise.partner_franchise_h129,0856665610,"292 Trần Hưng Đạo ,Phường 11 ,Quận 5",2025-09-01,2026-09-01,,active,0,0
franchise_h130,H130,Cửa hàng 197 Lý Thường Kiệt,wujia_franchise.partner_franchise_h130,0835755036,"197 Lý Thường Kiệt , Phường 7, Quận 11, Thành Phố Hồ Chí Minh",2022-07-28,2026-07-28,,expired,0,0
franchise_h132,H132,Cửa hàng 253 Nguyễn Xí,wujia_franchise.partner_franchise_h132,0908213435,"253 Nguyễn Xí , Phường 13, Quận Bình Thạnh , TP. HCM",2025-07-28,2026-07-28,,expired,0,0
franchise_h133,H133,[H133] Cửa hàng 145 Đường Số 1,wujia_franchise.partner_franchise_h133,0372835108,"145 Đường Số 1, Phường Bình Trị Đông B, Quận Bình Tân",2025-08-02,2026-08-02,,expired,0,0
franchise_h134,H134,Cửa hàng 97 Phan Văn Hớn,wujia_franchise.partner_franchise_h134,0949441440,"97 Phan Văn Hớn, Tân Thới Nhất , Quận 12 ,TPHCM",2025-08-02,2026-08-02,,expired,0,0
franchise_h135,H135,Cửa hàng 605 Hà Huy Giáp,wujia_franchise.partner_franchise_h135,0369559162,"605 Hà Huy Giáp , Phường Thạnh Xuân , Quận 12 , TPHCM",2025-08-02,2026-08-02,Cấm tải 1 chiều,expired,0,0
franchise_h136,H136,[H136] Cửa hàng 176 Nguyễn Thị Tú,wujia_franchise.partner_franchise_h136,0982462842,"176 Nguyễn Thị Tú ,Phường Bình Hưng Hòa B ,Quận Bình Tân ,TPHCM",2022-08-05,2026-08-05,Cấm tải 1 chiều,expired,0,0
franchise_h138,H138,Cửa hàng 280A Hòa Bình,wujia_franchise.partner_franchise_h138,0789646626,"280 Hòa Bình, Hiệp Tân, Tân Phú, TP.HCM",2027-03-25,2027-03-26,,active,0,0
franchise_h139,H139,Cửa hàng 1/57 Quách Điêu,wujia_franchise.partner_franchise_h139,0964084138,"1/57 Quách Điêu, Ấp 6,Vĩnh Lộc A ,Bình Chánh ,TP.HCM",2022-08-11,2026-08-11,Cấm 16h-2h,expired,0,0
franchise_h140,H140,Cửa hàng 3A Hòa Bình,wujia_franchise.partner_franchise_h140,0793164866,"3A Hòa Bình, P3, Quận 11, TPHCM",2022-08-13,2026-08-13,,expired,0,0
franchise_h141,H141,[H141] Cửa hàng 110 Phạm Viết Chánh,wujia_franchise.partner_franchise_h141,0939762518,"110 Phạm Viết Chánh, Phường Nguyễn Cư Trinh, Quận 1,TP.HCM",2022-08-13,2026-08-13,Cấm dừng-cấm đậu (xe 900kg),expired,0,0
franchise_h142,H142,Cửa hàng 486 Nguyễn Duy Trinh,wujia_franchise.partner_franchise_h142,0386919929,"486 Nguyễn Duy Trinh , P. Bình Trưng Đông, Quận 2, Thủ Đức, HCM",2025-08-22,2026-08-22,,expired,0,0
franchise_h143,H143,Cửa hàng 98B Linh Đông,wujia_franchise.partner_franchise_h143,02862865359,"98B Linh Đông ,Phường Linh Đông ,Thủ Đức , TP.HCM",2025-08-30,2026-08-30,,active,0,0
franchise_h144,H144,Cửa hàng 133-133A Liêu Bình Hương,wujia_franchise.partner_franchise_h144,0838255993,"133-133A Liêu Bình Hương, Tân Lập ,Xã Tân Thông Hội ,Củ Chi, TP.HCM",2025-09-01,2026-09-01,Cấm đỗ,active,0,0
franchise_h148,H148,Cửa hàng 267 Tây Thạnh,wujia_franchise.partner_franchise_h148,0908982894,"267 Tây Thạnh , Phường Tây Thạnh ,Quận Tân Phú ,TP.HCM",2025-09-07,2026-09-07,,active,0,0
franchise_h149,H149,[H149] Cửa hàng 72 Vườn Lài,wujia_franchise.partner_franchise_h149,0938059411,"72 Vườn Lài, An Phú Đông, Quận 12",2025-03-27,2027-03-27,,active,0,0
franchise_h150,H150,Cửa hàng 965 Huỳnh Tấn Phát,wujia_franchise.partner_franchise_h150,0705789867,"965A Huỳnh Tấn Phát, Phường Phú Thuận, Quận 7, TP.HCM",2025-09-08,2026-09-08,,active,0,0
franchise_h151,H151,Cửa hàng 1028 Trường Sa,wujia_franchise.partner_franchise_h151,0867204033,"1028 Trường sa, Phường 12, Quận 3, TP.HCM",2025-09-14,2026-09-14,,active,0,0
franchise_h152,H152,Cửa hàng  1/87G Lê Thị Hà,wujia_franchise.partner_franchise_h152,0966979152,"1/87G Lê Thị Hà, Tân Xuân, Hóc Môn, Hồ Chí Minh",2025-09-14,2026-09-14,,active,0,0
franchise_h153,H153,Cửa hàng 205 Đường số 4,wujia_franchise.partner_franchise_h153,0353860820,"205 Đường số 4, KP6, Linh Trung, Đại Học Nông Lâm, Thủ Đức",2027-02-17,2027-02-18,Đường nhỏ,active,0,0
franchise_h154,H154,[H154] Cửa hàng 1394A Huỳnh Tấn Phát,wujia_franchise.partner_franchise_h154,0888293187,"1394A Huỳnh Tấn Phát , Phường Phú Mỹ ,Quận 7 , TP.HCM",2027-03-21,2027-03-22,,active,0,0
franchise_h155,H155,Cửa hàng 4/27 Quang Trung,wujia_franchise.partner_franchise_h155,0938254155,"4/27 Đường Quang Trung, Ấp Nam Thới, Xã Thới Tam Thôn, Hóc Môn , TP.HCM",2027-05-01,2027-05-02,"Cấm tải (500/900), Cấm dừng cấm đậu sau 16h",active,0,0
franchise_h157,H157,Cửa hàng 2/5B Nguyễn Ảnh Thủ,wujia_franchise.partner_franchise_h157,0988997719,"2/5B Nguyễn Ảnh Thủ, Phường Tân Chánh Hiệp, Quận 12.",2023-05-25,2026-05-25,,expired,0,0
franchise_h158,H158,Cửa hàng C8/24A Võ Văn Vân,wujia_franchise.partner_franchise_h158,0902373158,"C8/24A Võ Văn Vân , Vĩnh Lộc B , Bình Chánh, TPHCM",2027-03-29,2027-03-30,,active,0,0
franchise_h159,H159,Cửa hàng 1A3 Phạm Đình Hổ,wujia_franchise.partner_franchise_h159,0906626221,"1A3 Phạm Đình Hổ ,Phường 2 ,Quận 6 ,TP.HCM",2025-09-29,2027-09-29,,active,0,0
franchise_h160,H160,Cửa hàng 142A Phạm Hữu Lầu,wujia_franchise.partner_franchise_h160,0867888160,"142A Phạm Hữu Lầu, Phú Mỹ , Quận 7, TP. HCM",2025-10-12,2026-10-12,,active,0,0
franchise_h161,H161,Cửa hàng 452 Nguyễn Văn Tăng,wujia_franchise.partner_franchise_h161,0901839789,"452 Nguyễn Văn Tăng ,Phường Long Thạnh Mỹ ,Quận 9 ,TP.HCM",2026-10-12,2026-10-13,,active,0,0
franchise_h162,H162,[H162] Cửa hàng 174 An Dương Vương,wujia_franchise.partner_franchise_h162,0337869717,174 An Dương Vương P16 Quận 8.,2025-10-25,2027-10-25,,active,0,0
franchise_h163,H163,Cửa hàng 444 Hùng Vương,wujia_franchise.partner_franchise_h163,0862723273,"444 Hùng Vương, Phường 3, TP. Tân An, Tỉnh Long An",2025-10-31,2026-10-31,,active,0,0
franchise_h165,H165,Cửa hàng Số 70D Quốc Lộ 50,wujia_franchise.partner_franchise_h165,0777768800,"Số 70D ,QL50 ,Thị Trấn Cần Đước , Long An",2026-01-17,2027-01-17,,active,0,0
franchise_h166,H166,[H166] Cửa hàng Số 647 Trương Công Định,wujia_franchise.partner_franchise_h166,0378210206,"647 Trương Công Định, Phường 7, Vũng Tàu, Bà Rịa - Vũng Tàu.",2025-11-22,2026-11-22,Cấm 2T5,active,0,0
franchise_h168,H168,Cửa hàng 73/6 Lương Định Của,wujia_franchise.partner_franchise_h168,0966839259,"73/6 Lương Định Của, KP Tân Hoà, P.Đông Hoà, TP Dĩ An, Bình Dương",2025-06-07,2026-06-07,,expired,0,0
franchise_h170,H170,[H170] Cửa hàng 141 Lê Văn Chí,wujia_franchise.partner_franchise_h170,0981545896,"141 Lê Văn Chí ,Phường Linh Trung,TP.Thủ Đức",2027-04-10,2027-04-11,,active,0,0
franchise_h171,H171,Cửa hàng 17/17 - Khu phố 22 - Phường Linh Xuân,wujia_franchise.partner_franchise_h171,0779859668,"17/17 - Khu phố 22 - Phường Linh Xuân, Tp.Hồ Chí Minh",2024-12-01,2026-12-01,,active,0,0
franchise_h172,H172,Cửa hàng 45D Quốc Hương,wujia_franchise.partner_franchise_h172,0931300182,"45D Quốc Hương ,Phường Thảo Điền , TP.Thủ Đức",2025-12-05,2026-12-05,,active,0,0
franchise_h173,H173,Cửa hàng 608 Tô Ngọc Vân,wujia_franchise.partner_franchise_h173,0898481178,"608 Tô Ngọc Vân, Tỉnh Lộ 43, KP 3, Phường Tam Bình, TP.Thủ Đức",2025-06-06,2026-06-06,,expired,0,0
franchise_h175,H175,Cửa hàng 959 Trần Xuân Soạn,wujia_franchise.partner_franchise_h175,0938400512,"959 Trần Xuân Soạn ,Phường Tân Hưng, Quận 7, TPHCM",2026-01-14,2027-01-14,,active,0,0
franchise_h180,H180,[H180] Cửa hàng 40 Lê Lai,wujia_franchise.partner_franchise_h180,0932065308,"40 Lê Lai, Phường Bến Thành, Quận 1",2027-02-22,2027-02-23,,active,0,0
franchise_h181,H181,Cửa hàng 202 Cách Mạng Tháng 8,wujia_franchise.partner_franchise_h181,0924134139,"202 Cách Mạng Tháng 8, Phước Hiệp, Bà Rịa -Vũng Tàu",2025-02-22,2027-02-22,"Cấm 3,5T
Cấm đậu ngày lẻ",active,0,0
franchise_h183,H183,Cửa hàng 84 Đường 30/4,wujia_franchise.partner_franchise_h183,0909564183,"84 Đường 30/4 , Phường 1 , Thị Xã Cai Lậy , Tiền Giang",2025-02-27,2026-08-27,Cấm 5T,expired,0,0
franchise_h187,H187,Cửa hàng 8B Đường số 2,wujia_franchise.partner_franchise_h187,0975646954,"Số 8B Đường số 2, Phường An Khánh , Quận Thủ Đức, TP.HCM.",2027-03-09,2027-03-10,,active,0,0
franchise_h190,H190,Cửa hàng 2192/1B Quốc Lộ 1,wujia_franchise.partner_franchise_h190,0355483353,"2192/1B, Tổ 21, Khu Phố 4, Phường An Phú Đông , Quận 12, TPHCM.",2027-03-10,2027-03-11,"Cấm dừng, cấm đổ",active,0,0
franchise_h192,H192,Cửa hàng 26C Đoàn Hoàng Minh,wujia_franchise.partner_franchise_h192,0932294347,"26C, Đoàn Hoàng Minh, Phường 5 , Thành Phố Bến Tre",2027-03-14,2027-03-15,Cấm ô tô,active,0,0
franchise_h193,H193,Cửa hàng 6/4B Nguyễn Ảnh Thủ,wujia_franchise.partner_franchise_h193,0703678168,"6/4B Đường Nguyễn Ảnh Thủ,Xã Trung Chánh,Huyện Hóc Môn, TP HCM",2025-09-15,2026-09-15,,active,0,0
franchise_h194,H194,Cửa hàng 476 Lê Văn Việt,wujia_franchise.partner_franchise_h194,0384721021,"476 Đường Lê Văn Việt, Phường Tăng Nhơn Phú A, Thủ Đức, TP.HCM",2025-03-17,2027-03-17,,active,0,0
franchise_h196,H196,Cửa hàng 506 Lê Văn Lương,wujia_franchise.partner_franchise_h196,0372960570,"580 Lê Văn Lương, Tân Phong, Quận 7, Thành phố Hồ Chí Minh",2025-03-31,2027-03-31,,active,0,0
franchise_h197,H197,Cửa hàng 45 Võ Văn Ngân,wujia_franchise.partner_franchise_h197,0333602948,"45 Võ Văn Ngân, Phường Linh Chiểu, Quận Thủ Đức, TP.HCM",2025-04-08,2027-04-08,,active,0,0
franchise_h215,H215,Cửa hàng 224 Nguyễn Huệ,wujia_franchise.partner_franchise_h215,0339954538,"224 Nguyễn Huệ Phường 2, Thành Phố Cao Lãnh",2025-06-15,2026-06-15,,expired,0,0
franchise_h031,H031,[H031] Cửa hàng 116 Nguyễn Thị Nhỏ,wujia_franchise.partner_franchise_h031,0906-779-146,"116 Nguyễn Thị Nhỏ, phường 15, Quận 11, TP.HCM",2027-05-02,2027-05-03,Đường nhỏ (500/900),active,1,0
franchise_h035,H035,Cửa hàng 196/20 Phạm Văn Thuận,wujia_franchise.partner_franchise_h035,0342744172,"196/20 Phạm Văn Thuận , Tam Hiệp , Thành Phố Biên Hòa, Đồng Nai",2025-10-31,2026-10-31,Cấm trên 2T,active,0,0
franchise_h040,H040,[H040] Cửa hàng 186D Phan Văn Trị,wujia_franchise.partner_franchise_h040,0565904364,"186D Phan Văn Trị, Phường 12, Quận Bình Thạnh, TP.HCM",2025-11-02,2026-11-02,,active,0,0
franchise_h131,H131,[H131] Cửa hàng 414 Nguyễn Thị Đặng,wujia_franchise.partner_franchise_h131,0972851718,"414 Nguyễn Thị Đặng, Tân Thới Hiệp, Quận 12, TP HCM",2027-07-28,2027-07-29,,active,0,0
franchise_h146,H146,Cửa hàng 94 Cách Mạng Tháng 8,wujia_franchise.partner_franchise_h146,0967024637,"94 Cách Mạng Tháng 8, Phường 2, TP Cao Lãnh, Đồng Tháp",2025-08-30,2026-08-30,"Cấm 3,5T",active,0,0
franchise_h147,H147,[H147] Cửa hàng 15/15 Bùi Trọng Nghĩa,wujia_franchise.partner_franchise_h147,0889368456,"15/15 Bùi Trọng Nghĩa, Phường Trảng Dài, Thành Phố Biên Hoà, Tỉnh Đồng Nai",2025-09-07,2026-09-07,Cấm trên 2T,active,0,0
franchise_h167,H167,Cửa hàng 67 Đồng Khởi,wujia_franchise.partner_franchise_h167,0845160167,"Số 67 Đồng Khởi, Khu Phố 3, Phường Tam Hoà ,TP Biên Hoà ,Đồng Nai",2025-11-22,2026-11-22,Cấm trên 2T,active,0,0
franchise_h176,H176,[H176] Cửa hàng 160 Hùng Vương,wujia_franchise.partner_franchise_h176,0988302247,"160 Hùng Vương, Phường 2, Tân An, Long An.",2027-02-01,2027-02-02,,active,0,0
franchise_h185,H185,Cửa hàng 369 Nguyễn Văn Cừ,wujia_franchise.partner_franchise_h185,0823881686,369Đ - Nguyễn Văn Cừ nối dài - An Khánh - Ninh Kiều - Cần Thơ,2025-09-08,2026-09-08,,active,0,0
franchise_h189,H189,Cửa hàng 154 Ba Cu,wujia_franchise.partner_franchise_h189,0962115751,"154 Ba Cu , Phường 3 , TP Vũng Tàu",2027-03-12,2027-03-13,Cấm 2T5,active,0,0
franchise_h205,H205,Cửa hàng 87 Tôn Đức Thắng,wujia_franchise.partner_franchise_h205,0762934240,"87 Tôn Đức Thắng, Khóm Bình Long 1, Mỹ Bình, Long Xuyên, An Giang",2025-05-17,2026-05-17,,expired,0,0
franchise_h208,H208,Cửa hàng Số 9 Lý Tự Trọng,wujia_franchise.partner_franchise_h208,0783394640,"Số 9 Lý Tự Trọng, An Cư, Ninh Kiều, Cần Thơ",2025-05-20,2026-05-20,,expired,0,0
franchise_h212,H212,Cửa hàng 38 Đường CN1,wujia_franchise.partner_franchise_h212,0902454423,"38 Đường CN1, Phường Sơn Kỳ ,Quận Tân Phú ,TP.HCM",2025-07-01,2026-07-01,,expired,0,0
franchise_h049,H049,Cửa hàng 493 Tô Ký,wujia_franchise.partner_franchise_h049,0345080316,"493 Tô Ký, Phường Trung Mỹ Tây, Quận 12, TP.HCM",2025-11-02,2026-11-02,,active,0,0
franchise_h055,H055,Cửa hàng 10C/1 Nguyễn Ái Quốc,wujia_franchise.partner_franchise_h055,0379605060,"10C/1, Đường Nguyễn Ái Quốc, Khu Phố 1, Hố Nai, Biên Hòa , Đồng Nai.",2025-01-04,2027-01-04,Cấm trên 2T,active,0,0
franchise_h060,H060,[H060] Cửa hàng 52/1 Thủ Khoa Huân,wujia_franchise.partner_franchise_h060,0964099689,"52/1 Thủ Khoa Huân, Thuận Giao, Thuận An, Bình Dương",2025-01-10,2027-01-10,,active,0,0
franchise_h226,H226,Cửa hàng 173 Nguyễn Trãi,wujia_franchise.partner_franchise_h226,0826720969,"173 Nguyễn Trãi, Phường Mỹ Long, TP Long Xuyên, An Giang",2025-07-06,2026-07-06,,expired,0,0
franchise_h209,H209,Cửa hàng 11 Nguyễn Huệ,wujia_franchise.partner_franchise_h209,0932643209,"11 Nguyễn Huệ, Khu Phố 1, Phường 2, Thị Xã Gò Công, Tiền Giang",2025-05-24,2026-05-24,,expired,0,0
franchise_h137,H137,Cửa hàng 119 Lý Thường Kiệt,wujia_franchise.partner_franchise_h137,0778887866,"119 Lý Thường Kiệt , Phường 4 , TP Mỹ Tho , Tiền Giang",2022-08-05,2026-08-05,Cấm 11h-13h;16h-18h,expired,0,0
franchise_h145,H145,Cửa hàng 123 Phan Đình Phùng,wujia_franchise.partner_franchise_h145,0967921889,"123 Phan Đình Phùng, P Trung Dũng, Tp Biên Hòa",2025-08-30,2026-08-30,Cấm trên 2T,active,0,0
franchise_h198,H198,Cửa hàng 125 Nguyễn Văn Rốp,wujia_franchise.partner_franchise_h198,0867361009,"125 Nguyễn Văn Rốp , TX Trảng Bàng , Tây Ninh",2027-04-10,2027-04-11,,active,0,0
franchise_h095,H095,Cửa hàng 160 Võ Thị Sáu,wujia_franchise.partner_franchise_h095,0333665465,"160 Đường Võ Thị Sáu, Khu Phố 7 , Phường Thống Nhất , Thành Phố Biên Hòa, Tỉnh Đồng Nai",2027-04-19,2027-04-20,Cấm trên 2T,active,0,0
franchise_h072,H072,Cửa hàng 161 Ấp Bắc,wujia_franchise.partner_franchise_h072,0342204272,"161 Ấp Bắc, Phường 5, Tp Mỹ Tho, Tỉnh Tiền Giang",2025-09-09,2026-09-09,Cấm 6h-8h;11h-13h;16h-18h,active,0,0
franchise_h096,H096,Cửa hàng 194 Phan Trung,wujia_franchise.partner_franchise_h096,0394938168,"194 Đường Phan Trung, KP 7, Phường Tân Tiến , Biên Hòa, Đồng Nai",2027-04-20,2027-04-21,Cấm trên 2T,active,0,0
franchise_h203,H203,Cửa hàng 192B Đường 30/4,wujia_franchise.partner_franchise_h203,0353730130,"192B Đường 30/4 Phường An Phú, Quận Ninh Kiều , Cần Thơ",2025-11-17,2026-11-17,,active,0,0
franchise_h195,H195,Cửa hàng 200 Huỳnh Thanh Mừng,wujia_franchise.partner_franchise_h195,0866503168,"200 Huỳnh Thanh Mừng , KP1, Phường Long Hoa, Thị Xã Hòa Thành, Tây Ninh",2025-03-28,,,draft,0,0
franchise_h164,H164,Cửa hàng 207 Nguyễn Văn Khạ,wujia_franchise.partner_franchise_h164,0949249785,"207 Nguyễn Văn Khạ ,Tổ 1, Ấp Cậy Sộp ,Xã Tân An Hội ,Huyện Củ Chi ,TPHCM",2026-11-08,2026-11-09,Cấm đỗ,active,0,0
franchise_h174,H174,Cửa hàng 21 Nguyễn Huệ,wujia_franchise.partner_franchise_h174,0343480546,"21 Nguyễn Huệ, Phường 2, Tp Vĩnh Long",2026-01-09,2027-01-09,,active,0,0
franchise_h182,H182,Cửa hàng 226B Đường 3 Tháng 2,wujia_franchise.partner_franchise_h182,0765239445,"226B ,Đường 3 Tháng 2 ,P.Hưng Lợi ,Q Ninh Kiều ,TP.Cần Thơ",2025-02-25,2027-02-25,,active,0,0
franchise_h188,H188,Cửa hàng 23C Cách Mạng Tháng 8,wujia_franchise.partner_franchise_h188,0939447606,"23C Cách Mạng Tháng 8, Phường An Thới, Quận Bình Thủy, TP Cần Thơ",2027-03-01,2027-03-02,,active,0,0
franchise_h191,H191,[H191] Cửa hàng 296 Hùng Vương,wujia_franchise.partner_franchise_h191,0966278314,"296 Hùng Vương , Phường Long Khánh , Đồng Nai",2025-11-05,2027-11-05,,active,0,0
franchise_h206,H206,Cửa hàng 25 Phạm Thái Bường,wujia_franchise.partner_franchise_h206,0346963606,"25 Phạm Thái Bường, P3, Trà Vinh",2025-10-01,2026-10-01,"Cấm 3,5T",active,0,0
franchise_h177,H177,Cửa hàng 269 Đường 30/4,wujia_franchise.partner_franchise_h177,0813250652,"269 Đường 30/4 Khu Phố 1, Phường 1, Thành Phố Tây Ninh, Tỉnh Tây Ninh",2025-08-10,2026-08-10,,expired,0,0
franchise_h062,H062,Cửa hàng 301B Trần Phú,wujia_franchise.partner_franchise_h062,0977454084,"301B Trần Phú ,Phường Xuân An ,TP .Long Khánh ,Tỉnh Đồng Nai",2026-01-24,2027-01-24,,active,0,0
franchise_h211,H211,Cửa hàng 174 Trần Phú,wujia_franchise.partner_franchise_h211,0342995489,"174 Trần Phú, Khóm 5, Phường 7, Bạc Liêu",2025-06-02,2026-06-02,,expired,0,0
franchise_h029,H029,Cửa hàng 32 Hai Bà Trưng,wujia_franchise.partner_franchise_h029,0388862674,"32 Hai Bà Trưng, Khu Phước Long, Long Thành, Đồng Nai",2027-03-19,2027-03-20,Cấm 3T5,active,0,0
franchise_h184,H184,Cửa hàng 41N Mậu Thân,wujia_franchise.partner_franchise_h184,0931861192,"Số 41N Đường Mậu Thân, Phường An Hoà, Quận Ninh Kiều, TP Cần Thơ",2025-02-28,2026-09-01,,active,0,0
franchise_h186,H186,[H186] Cửa hàng 207 Nguyễn Trãi,wujia_franchise.partner_franchise_h186,0362260974,"207 Nguyễn Trãi, Thới Bình, Ninh Kiều, Cần Thơ",2025-09-10,2026-09-10,Cấm 5T,active,0,0
franchise_h156,H156,Cửa hàng 43 Thủ Khoa Huân,wujia_franchise.partner_franchise_h156,0399778864,"43 Thủ Khoa Huân, Phường 1 , Thành Phố Mỹ Tho , Tình Tiền Giang",2025-02-17,2027-02-17,,active,0,0
franchise_h178,H178,[H178] Cửa hàng 41A Đường 2/9,wujia_franchise.partner_franchise_h178,0886956662,"41A Đường 2/9, Phường 1, Vĩnh Long",2025-08-10,2026-08-10,,expired,0,0
franchise_h199,H199,Cửa hàng 66 Hùng Vương,wujia_franchise.partner_franchise_h199,0326672707,"66 Hùng Vương, KP Thanh Bình C, Thị Trấn Gò Dầu, Tây Ninh",2027-04-13,2027-04-14,,active,0,0
franchise_h201,H201,[H201] Cửa hàng 731 Tạ Quang Bửu,wujia_franchise.partner_franchise_h201,0902797688,"731 Tạ Quang Bửu, Phường 4, Quận 8",2025-05-13,2026-05-13,,expired,0,0
franchise_h238,H238,Cửa hàng 16/5  Nguyễn Thị Sóc,wujia_franchise.partner_franchise_h238,0364274823 (Gọi tiệm trước 10 phút),"16/5 Nguyễn Thị Sóc, Ấp Bắc Lân, Xã Bà Điểm, Huyện Hóc Môn, TP.HCM",2025-08-10,2026-08-10,"Gọi tiệm trước 10 phút, cấm dừng, cấm đậu",expired,0,0
franchise_h239,H239,[H239] Cửa hàng 184 Xô Viết Nghệ Tĩnh,wujia_franchise.partner_franchise_h239,0936018231,"184 Xô Viết Nghệ Tĩnh, Phường 19, Quận Bình Thạnh",2025-08-14,2026-08-14,,expired,0,0
franchise_h235,H235,Cửa hàng 430 Phạm Văn Bạch,wujia_franchise.partner_franchise_h235,0376066895,"430 Phạm Văn Bạch, Phường 12, Quận Gò Vấp, TP. HCM",2025-08-09,2026-08-09,,expired,0,0
franchise_h232,H232,Cửa hàng 1086 Lê Văn Lương,wujia_franchise.partner_franchise_h232,0783472640,"1086 Lê Văn Lương, Ấp 3, Phước Kiển, Nhà Bè, TP. HCM",2025-08-05,2026-08-05,,expired,0,0
franchise_h227,H227,Cửa hàng Số 6 Hưng Phú,wujia_franchise.partner_franchise_h227,0772868638,"Số 6, Lô 1 Hưng Phú, Phường 10, Quận 8, TP.HCM",2025-07-14,2027-07-14,,active,0,0
franchise_h225,H225,Cửa hàng 1235 Nguyễn Duy Trinh,wujia_franchise.partner_franchise_h225,0335900182,"1235 Nguyễn Duy Trinh, Phường Long Trường, Quận 9, TP.HCM",2025-09-06,,,draft,0,0
franchise_h224,H224,Cửa hàng 1809 Quốc lộ 50,wujia_franchise.partner_franchise_h224,0931329417,"1809 Quốc lộ 50, Ấp 2, Xã Phong Phú, Huyện Bình Chánh, TP. HCM.",2025-07-06,2027-07-06,,active,0,0
franchise_h223,H223,Cửa hàng 484 Tân Hoà Đông,wujia_franchise.partner_franchise_h223,0379647413,"484 Tân Hoà Đông, Phường Bình Trị Đông, Quận Bình Tân, TP.HCM",2025-07-03,2026-07-03,,expired,0,0
franchise_h222,H222,Cửa hàng 205 Nguyễn Hữu Thọ,wujia_franchise.partner_franchise_h222,0767263222,"205 Nguyễn Hữu Thọ, KP2, Thị Trấn Bến Lức, Huyện Bến Lức, Long An.",2025-06-29,2026-06-29,,expired,0,0
franchise_h221,H221,[H221] Cửa hàng 2316 Quốc Lộ 50,wujia_franchise.partner_franchise_h221,0931299934,"2316 Quốc lộ 50, xã Đa Phước, huyện Bình Chánh, TP. HCM",2025-06-24,2026-06-24,,expired,0,0
franchise_h220,H220,Cửa hàng 326 Trần Văn Giàu,wujia_franchise.partner_franchise_h220,0898881194,"326 Trần Văn Giàu, Phường Tân Tạo, Quân Bình Tân,TP.HCM",2025-06-24,2026-06-24,,expired,0,0
franchise_h219,H219,Cửa hàng 1199 Tỉnh Lộ 8,wujia_franchise.partner_franchise_h219,0987590085,"1199 Tỉnh Lộ 8, Ấp Thạnh An, Xã Trung An, Huyện Củ Chi, TP.HCM",2025-06-23,2026-06-23,,expired,0,0
franchise_h216,H216,[H216] Cửa hàng 275 Lâm Văn Bền,wujia_franchise.partner_franchise_h216,0786340881,"275 Lâm Văn Bền, Phường Tân Thuận, Quận 7",2025-06-20,2026-06-20,,expired,0,0
franchise_h210,H210,Cửa hàng 154A Hùng Vương,wujia_franchise.partner_franchise_h210,0937468220,"154A Hùng Vương, Hiệp Phước, Huyện Nhơn Trạch ,Đồng Nai",2025-12-01,2026-06-01,,expired,0,0
franchise_h204,H204,Cửa hàng 651B Điện Biên Phủ,wujia_franchise.partner_franchise_h204,0865885378,"651B, Điện Biên Phủ, Phường 1, Quận 3, TP.HCM",2026-03-03,2027-03-03,,active,0,0
franchise_h202,H202,Cửa hàng 114/6 Phan Văn Hớn,wujia_franchise.partner_franchise_h202,0931242133,"114/6 Phan Văn Hớn, ấp 5, Xuân Thới Thượng, Hóc Môn, TP.HCM",2025-05-13,2026-05-13,,expired,0,0
franchise_h106,H106,[Cửa hàng H106]  353AA Nguyễn Văn Cừ,wujia_franchise.partner_franchise_h106,0909558351,"353AA Nguyễn Văn Cừ, Phường An Bình, Quận Ninh Kiều, Cần Thơ",2025-05-07,2026-05-07,,expired,0,0
franchise_h230,H230,Cửa hàng 591B Trà Cổ,wujia_franchise.partner_franchise_h230,0969866331,"591B Trà Cổ, Xã Bình Minh, Huyện Trảng Bom, Đồng Nai",2025-07-26,2026-07-26,,expired,0,0
franchise_h002,H002,Cửa hàng 760 Bình Tân Tỉnh Lộ 10,wujia_franchise.partner_franchise_h002,0777278016,"760 Tỉnh Lộ 10, Phường Bình Trị Đông B, Quận Bình Tân",2026-08-27,,Cấm 6h-9h; 16h-2h,draft,0,0
franchise_h207,H207,Cửa hàng 390 Lê Duẩn,wujia_franchise.partner_franchise_h207,0389568820,"390 Lê Duẩn, Khu Văn Hải, Long Thành, Đồng Nai",2025-05-22,2026-05-22,Cấm 3T5,expired,0,0
franchise_h218,H218,Cửa hàng 125A Trần Phú,wujia_franchise.partner_franchise_h218,0363229644,"125A Trần Phú, Phường 1, Sa Đéc, Đồng Tháp",2025-06-22,2026-06-22,Cấm giờ 6-8h; 11-13h30; 16-18h,expired,0,0
franchise_h213,H213,Cửa hàng Lô L5-20 Mai Thị Hồng Hạnh,wujia_franchise.partner_franchise_h213,0822339213,"Lô L5-20 Mai Thị Hồng Hạnh, TX Rạch Sỏi, Kiên Giang",2025-06-15,2026-06-15,,expired,0,0
franchise_h231,H231,Cửa hàng 90D Đường 3 Tháng 2,wujia_franchise.partner_franchise_h231,0923831234,"90D Đường 3 Tháng 2, Xuân Khánh, Quận Ninh Kiều, Cần Thơ",2026-01-28,2027-01-28,,active,0,0
franchise_h242,H242,Cửa hàng 168 Quốc Lộ 1A,wujia_franchise.partner_franchise_h242,0379666235,"168 Quốc Lộ 1A, Tổ 6, Ấp 1, Xã An Hữu, Huyện Cái Bè, Tỉnh Tiền Giang",2025-08-24,2026-08-24,,expired,0,0
franchise_h240,H240,Cửa hàng 311 Phạm Văn Chiêu,wujia_franchise.partner_franchise_h240,0707498849,"311 Phạm Văn Chiêu, Phường 14, Gò Vấp, TPHCM",2025-09-05,2026-09-05,,active,0,0
franchise_h030,H030,Cửa hàng 171 Nguyễn Ái Quốc,wujia_franchise.partner_franchise_h030,0342744172,"171 KP3 Đường Nguyễn Ái Quốc, P.Tân Biên, Biên Hòa, Đồng Nai",2025-09-16,2026-09-16,Cấm trên 2T,active,0,0
franchise_h214,H214,Cửa hàng 161 Hà Hoàng Hổ,wujia_franchise.partner_franchise_h214,0911795636,"161 Hà Hoàng Hổ , Mỹ Xuyên, TP. Long Xuyên, An Giang",2025-06-15,2026-06-15,,expired,0,0
franchise_h228,H228,Cửa hàng 434 Phạm Hùng,wujia_franchise.partner_franchise_h228,0389551660,"434 Phạm Hùng, Khu Vực Yên Hạ, Phường Lê Bình ,Quận Cái Răng, Cần Thơ",2027-07-18,2027-07-19,Cấm 5T,active,0,0
franchise_h169,H169,[H169] Cửa hàng 337 Phan Huy Ích,wujia_franchise.partner_franchise_h169,0941037436,"337 Phan Huy Ích, Phường 14, Gò Vấp",2027-05-01,2027-05-02,,active,0,0
franchise_h179,H179,Cửa hàng 222 Cao Lỗ,wujia_franchise.partner_franchise_h179,0934074374,"222 Cao Lỗ, Phường 4, Quận 8, HCM",2025-10-05,2027-10-05,,active,0,0
franchise_h200,H200,Cửa hàng 284 Khánh Hội,wujia_franchise.partner_franchise_h200,0799212918,"284 Khánh Hội, Phường 2, Quận 4,TP.HCM",2025-12-19,2026-12-19,,active,0,0
franchise_h217,H217,Cửa hàng 12 Kênh Nước Đen,wujia_franchise.partner_franchise_h217,0938586002,"12 Kênh Nước Đen, Bình Hưng Hoà A, Bình Tân, Thành phố Hồ Chí Minh",2026-01-09,2027-01-09,,active,0,0
franchise_h229,H229,Cửa hàng 14/1 Tân Lập,wujia_franchise.partner_franchise_h229,0327832968,"14/1 Ấp Tân Lập, Xã Đông Hòa, Dĩ An, Bình Dương",2025-07-27,2027-07-27,,active,0,0
franchise_h233,H233,Cửa hàng 98 Hà Huy Giáp,wujia_franchise.partner_franchise_h233,0932010233,"98 Hà Huy Giáp, Khu Phố 3A, Phường Thạnh Lộc, Quận 12, TP HCM.",2025-08-08,2026-08-08,,expired,0,0
franchise_h234,H234,Cửa hàng Tổ 5,wujia_franchise.partner_franchise_h234,0865648484,"Tổ 5, KP Mỹ Tân, Phường Mỹ Xuân, TX Phú Mỹ, Bà Rịa-Vũng Tàu",2025-11-22,2026-11-22,,active,0,0
franchise_h236,H236,Cửa hàng 70 Trần Phú,wujia_franchise.partner_franchise_h236,0839646236,"70 Trần Phú, Vĩnh Thanh, Rạch Giá, Kiên Giang",2025-08-10,2026-08-10,,expired,0,0
franchise_h237,H237,[H237] Cửa hàng 1025 CMT8,wujia_franchise.partner_franchise_h237,0982405448,"1025 Cách Mạng Tháng Tám , Phường 7, Quận Tân Bình TP. HCM",2025-11-27,2026-11-27,Cấm tải (500/900),active,0,0
franchise_h241,H241,Cửa hàng 520 Nguyễn Văn Công,wujia_franchise.partner_franchise_h241,0909416308,"520 Nguyễn Văn Công, Phường 3, Gò Vấp, Hồ Chí Minh.",2023-08-21,2026-08-21,,expired,0,0
franchise_h243,H243,Cửa hàng 279 Trần Quốc Toản,wujia_franchise.partner_franchise_h243,0817578968,"279 Đ. Trần Quốc Toản, Bình Đa, Tam Hiệp, Đồng Nai",2025-09-06,2026-09-06,Cấm trên 2T,active,0,0
franchise_h244,H244,[H244] Cửa hàng 56 Nguyễn Văn Thảnh,wujia_franchise.partner_franchise_h244,0901081398,"56 Nguyễn Văn Thảnh,Tổ 20, Khóm 5, Cái Vồn, Thị Xã Bình Minh, Vĩnh Long",2025-09-25,2026-09-25,,active,0,0
franchise_h245,H245,[H245] Cửa hàng 315 Huỳnh Tấn Phát,wujia_franchise.partner_franchise_h245,0987697618,"315 Huỳnh Tấn Phát, Phường Tân Thuận Đông, Quận 7, TP.HCM",2026-01-01,2027-01-01,,active,0,0
franchise_h246,H246,Cửa hàng 60 Nguyễn An Ninh,wujia_franchise.partner_franchise_h246,0354358226,"60 Nguyễn An Ninh, Dĩ An, Bình Dương",2025-09-06,2026-09-06,Cấm 16-18h,active,0,0
franchise_h247,H247,Cửa hàng 106 Đường An Bình,wujia_franchise.partner_franchise_h247,0989580247,"106 Đường An Bình , Dĩ An , Bình Dương",2025-09-08,2026-09-08,Cấm 16-18h,active,0,0
franchise_h248,H248,Cửa hàng 18/2 Trần Quốc Tuấn,wujia_franchise.partner_franchise_h248,0932294347,"18/2 Trần Quốc Tuấn, KP2, Phường 4, TP Bến Tre",2025-09-12,2026-09-12,,active,0,0
franchise_h249,H249,Cửa hàng 1324 Lê Văn Lương,wujia_franchise.partner_franchise_h249,0347392434,"1324 Lê Văn Lương, Phước Kiển, Nhà Bè",2025-09-12,2026-09-12,,active,0,0
franchise_h250,H250,Cửa hàng 22 Đường 30/4,wujia_franchise.partner_franchise_h250,0369714687,"22 Đường 30/4 , K6 , Phường 3, TP Sóc Trăng",2025-09-27,2026-09-27,,active,0,0
franchise_h251,H251,Cửa hàng 45 Tổ 2,wujia_franchise.partner_franchise_h251,0833832839,"45 Tổ 2 KP 3A, Long Bình Tân, Thành phố Biên Hòa, Đồng Nai",2027-04-14,2027-04-15,Cấm 4:00-8:00/ 16:00-19:00,active,0,0
franchise_h252,H252,Cửa hàng 246A Đặng Thúc Vịnh,wujia_franchise.partner_franchise_h252,0901306028,"246A Đặng Thúc Vịnh, Đông Thạnh, Hóc Môn, TP HCM",2025-10-07,2027-10-07,"Đèn xanh- đỏ, cấm dừng - cấm đậu",active,0,0
franchise_h255,H255,[H255] Cửa hàng 469 Cách Mạng Tháng Tám,wujia_franchise.partner_franchise_h255,0388355423,"469 Cách Mạng Tháng Tám, Khu Phố 2 , Phường 3 , TP Tây Ninh",2025-10-22,2027-10-22,,active,0,0
franchise_h256,H256,Cửa hàng 39 Nguyễn Trung Trực,wujia_franchise.partner_franchise_h256,0778698880,"39 Nguyễn Trung Trực, Vĩnh Bảo, Rạch Giá ,Kiên Giang",2025-10-24,2026-10-24,Cấm 5T,active,0,0
franchise_h253,H253,Cửa hàng 711 Tây Lạc,wujia_franchise.partner_franchise_h253,0981431608,"711 Tây Lạc, An Chu, Bắc Sơn, Trảng Bom, Đồng Nai",2027-04-17,2051-04-16,,active,0,0
franchise_h258,H258,[H258] Cửa hàng 1075 Hùng Vương,wujia_franchise.partner_franchise_h258,0909306368,"1075 Hùng Vương, Ngã Bảy, Hậu Giang",2025-10-30,2026-10-30,,active,0,0
franchise_h257,H257,Cửa hàng 239 Trương Công Định,wujia_franchise.partner_franchise_h257,0778654257,"239 Trương Công Định, Khu 2, Thị Trấn Cái Bè, Tiền Giang",2025-10-30,2026-10-30,,active,0,0
franchise_h260,H260,Cửa hàng 325 Đường số 8,wujia_franchise.partner_franchise_h260,0383539690,"325 Đường số 8, Phường 11, Gò Vấp, TP HCM",2025-11-18,2026-11-18,,active,0,0
franchise_bb01,BB01,Tiệm bánh bao 01,wujia_franchise.partner_franchise_bb01,,"33 Phan Chu Trinh, Phường Tân An, Quận Ninh Kiều, TP Cần Thơ",2026-08-27,,,draft,0,0
franchise_bb02,BB02,Tiệm bánh bao 02,wujia_franchise.partner_franchise_bb02,,"C9/4A1 Phạm Hùng, Xã Bình Hưng, Huyện Bình Chánh",2026-08-27,,,draft,0,0
franchise_h259,H259,Cửa hàng 804B Lê Trọng Tấn,wujia_franchise.partner_franchise_h259,0909649395,"804B Lê Trọng Tấn, Phường Bình Hưng Hòa, Bình Tân, TP HCM",2025-11-11,2026-05-11,,expired,0,0
franchise_h254,H254,[H254] Cửa hàng Đường DT744,wujia_franchise.partner_franchise_h254,0393883787,"Đường DT744, Xã An Tây, Bến Cát, Bình Dương",2025-10-19,2026-10-19,,active,0,0
franchise_h262,H262,Cửa hàng 325 Tỉnh Lộ 10,wujia_franchise.partner_franchise_h262,0901702773,"325 Tỉnh Lộ 10, Phường P An Lạc A, Quận Bình Tân, TP HCM",2025-12-13,2026-12-13,Cấm tải 1 chiều,active,0,0
franchise_h263,H263,Cửa hàng 233 Vườn Lài,wujia_franchise.partner_franchise_h263,0706021151,"233 Vườn Lài, Phú Thọ Hòa, Quận Tân Phú, TP HCM",2025-12-16,2026-12-16,,active,0,0
franchise_h265,H265,Cửa hàng 56 Nguyễn Văn Trị,wujia_franchise.partner_franchise_h265,0856921679,"56 Nguyễn Văn Trị, KP1, Phường Hòa Bình, TP Biên Hòa, Tỉnh Đồng Nai",2026-01-05,2026-07-05,"Cấm trên 2T, cấm dừng-đậu (có camera phạt nguội)",expired,0,0
franchise_h264,H264,[H264] Cửa hàng 496 Tỉnh lộ 15,wujia_franchise.partner_franchise_h264,0968804178,"496 Tỉnh lộ 15, xã Phú Hòa Đông, TP.HCM",2025-12-23,2026-12-23,,active,0,0
franchise_h267,H267,Cửa hàng 101 Trần Việt Châu,wujia_franchise.partner_franchise_h267,0906489106,"101 Trần Việt Châu, Phường An Hòa, Quận Ninh Kiều, Cần Thơ",2027-03-01,2031-02-28,,active,0,0
franchise_h268,H268,Cửa hàng 256 Nguyễn Văn Cừ,wujia_franchise.partner_franchise_h268,0906752846,"256 Nguyễn Văn Cừ nối dài , Phường An Khánh, Ninh Kiều, Cần Thơ",2027-03-07,2027-03-08,,active,0,0
franchise_h269,H269,Cửa hàng 2A Nguyễn Đình Chiểu,wujia_franchise.partner_franchise_h269,0906539905,"Số 2A Nguyễn Đình Chiểu, Phường 1, TP Tân An, Long An",2027-03-15,2027-03-16,,active,0,0
franchise_h266,H266,Cửa hàng 28 Ấp Nhất,wujia_franchise.partner_franchise_h266,0792280526,"28 Ấp Nhất, Xã Thạnh Hòa, Huyện Phụng Hiệp, Hậu Giang",2027-02-05,2027-02-06,,active,0,0
franchise_h270,H270,Cửa hàng 79 Phó Cơ Điều,wujia_franchise.partner_franchise_h270,0763360888,"79 Đường Phó Cơ Điều, Phường 3, TP Vĩnh Long",2027-03-15,2027-03-16,,active,0,0
franchise_h278,H278,[H278] Cửa hàng 224 Bùi Quang Chiêu,wujia_franchise.partner_franchise_h278,0904579604,"224 Bùi Quang Chiêu, Ấp 5, Mỏ Cày,  Bến Tre",2027-04-06,2027-04-07,,active,0,0
franchise_h272,H272,Cửa hàng 30 Trần Hưng Đạo,wujia_franchise.partner_franchise_h272,0355138108,"30 Trần Hưng Đạo, Phường 5, TP Cà Mau",2027-03-25,2027-03-26,,active,0,0
franchise_h274,H274,Cửa hàng 203 Tràm Lạc,wujia_franchise.partner_franchise_h274,0337808296,"203 ấp Tràm Lạc, xã Mỹ Hạnh Bắc, Đức Hòa, Long An",2027-03-25,2027-03-26,,active,0,0
franchise_h282,H282,Cửa hàng 211 Nguyễn Sinh Sắc,wujia_franchise.partner_franchise_h282,0704960282,"211 Nguyễn Sinh Sắc, Phường 1, TP Sa Đéc, Đồng Tháp",2027-04-13,2027-04-14,,active,0,0
franchise_h279,H279,Cửa hàng 1024 Đoàn Nguyễn Tuấn,wujia_franchise.partner_franchise_h279,0375131197,"1024 Đoàn Nguyễn Tuấn, Ấp 4 , xã Hưng Long , Bình Chánh , TP.HCM",2027-04-05,2027-04-06,Cấm 5T,active,0,0
franchise_h284,H284,[H284] Cửa hàng 268 Quốc lộ 91,wujia_franchise.partner_franchise_h284,0939610456,"268 Quốc lộ 91, Phường Thốt Nốt, Cần Thơ",2027-04-22,2027-04-23,,active,0,0
franchise_h276,H276,[H276] Cửa hàng 687 CMT8,wujia_franchise.partner_franchise_h276,0964043687,"687 Cách Mạng Tháng 8, Chánh Nghĩa, Thủ Dầu Một, Bình Dương",2027-03-26,2027-03-27,,active,0,0
franchise_h273,H273,Cửa hàng 58 Lê Lợi,wujia_franchise.partner_franchise_h273,0939138839,"58 Lê Lợi, Phường Châu Phú B, TP. Châu Đốc",2027-03-22,2027-03-23,Cấm 5T,active,0,0
franchise_h277,H277,Cửa hàng 549B Đỗ Xuân Hợp,wujia_franchise.partner_franchise_h277,0327967040,"549B Đỗ Xuân Hợp, Phước Long B, Thủ Đức",2027-03-29,2027-03-30,,active,0,0
franchise_h288,H288,[H288] Cửa hàng 935 Hương Lộ 2,wujia_franchise.partner_franchise_h288,0368168914,"935 Hương Lộ 2, Phường Bình Trị Đông A, Quận Bình Tân",2027-05-04,2027-05-05,,active,0,0
franchise_h285,H285,[H285] Cửa hàng 947 Phú Riềng Đỏ,wujia_franchise.partner_franchise_h285,0393220939,"947 Phú Riềng Đỏ, Tân Xuân, Đồng Xoài, Bình Phước",2027-04-22,2027-04-23,,active,0,0
franchise_h271,H271,[H271] Cửa hàng 242B Quốc Lộ 62,wujia_franchise.partner_franchise_h271,0949888670,"242B Quốc Lộ 62, Phường 2, Tân An, Long An",2027-03-20,2027-03-21,,active,0,0
franchise_h281,H281,[H281] Cửa hàng 748 Hùng Vương,wujia_franchise.partner_franchise_h281,0923702768,"748 Hùng Vương, Hiệp Phước, Nhơn Trạch, Đồng Nai",2027-04-05,2027-04-06,,active,0,0
franchise_h296,H296,[H296] Cửa hàng 25 Mậu Thân,wujia_franchise.partner_franchise_h296,0704946336,"25 Đường Mậu Thân, Phường Xuân Khánh, Quận Ninh Kiều, Cần Thơ",2024-05-22,2026-05-22,,expired,0,0
franchise_h292,H292,[H292] Cửa hàng Số 7 Nguyễn Trãi,wujia_franchise.partner_franchise_h292,0982454946,"Số 7 Nguyễn Trãi, Phường An Thạnh, Hồng Ngự, Đồng Tháp.",2024-05-16,2026-05-16,Khi giao hàng gọi trước 1g. Đậu xe giao hàng bên đường,expired,0,0
franchise_h286,H286,[H286] Cửa hàng 831 Quang Trung,wujia_franchise.partner_franchise_h286,0936289557,"831 Quang Trung, p.12, Q. Gò Vấp, TP HCM",2027-04-22,2027-04-23,,active,0,0
franchise_h283,H283,[H283] Cửa hàng 226E Phan Anh,wujia_franchise.partner_franchise_h283,0905390395,"226E Phan Anh, P. Tân Thới Hòa , Q.Tân Phú",2027-04-22,2027-04-23,,active,0,0
franchise_h291,H291,[H291] Cửa hàng 148 Trương Công Định,wujia_franchise.partner_franchise_h291,0862706095,"148 Trương Công Định, Phường 14, Quận Tân Bình",2024-05-10,2026-05-10,,expired,0,0
franchise_h289,H289,[H289] Cửa hàng Ô4-Lô C9 KDC An Phú,wujia_franchise.partner_franchise_h289,0866097132,"Ô4-Lô C9 ,KDC An Phú, Phường An Phú, Thị Xã Thuận An,Tỉnh Bình Dương",2024-05-06,2026-05-06,,expired,0,0
franchise_h287,H287,[H287] Cửa hàng 548 Võ Thị Sáu,wujia_franchise.partner_franchise_h287,0705790438,"548 Võ Thị Sáu, Tổ 7/13 Ô2 , KP Hải Hà 2, Huyện Long Hải,  Bà Rịa- Vũng Tàu.",2027-04-29,2027-04-30,,active,0,0
franchise_h290,H290,[H290] Cửa hàng 52 Ngô Quyền,wujia_franchise.partner_franchise_h290,0933983539,"52 Ngô Quyền, Phường An Hoà, Biên Hòa, Đồng Nai",2024-05-09,2026-05-09,,expired,0,0
franchise_h297,H297,[H297] 63 Đường 26 Tháng 3,wujia_franchise.partner_franchise_h297,0931552344,"63 Đường 26 Tháng 3, KV4, Phường Châu Văn Liêm, Quận Ô Môn, Cần Thơ",2024-05-27,2026-05-27,,expired,0,0
franchise_h302,H302,[H302] Cửa hàng 1868 Huỳnh Tấn Phát,wujia_franchise.partner_franchise_h302,0903173520,"1868 Huỳnh Tấn Phát, Thị Trấn Nhà Bè,TP.HCM",2024-06-12,2026-06-12,,expired,0,0
franchise_h298,H298,[H298] Cửa hàng Lô 7- Căn 7 Phan Thị Ràng,wujia_franchise.partner_franchise_h298,0357726298,"Lô 7- Căn 7 Phan Thị Ràng, Phường An Hòa, TP Rạch Giá, Kiên Giang",2024-05-28,2026-05-28,,expired,0,0
franchise_h299,H299,[H299] Cửa hàng 20 Nguyễn Sỹ Sách,wujia_franchise.partner_franchise_h299,0949219090,"20 Nguyễn Sỹ Sách, Phường 15, Tân Bình, TP HCM",2024-06-03,2026-06-03,,expired,0,0
franchise_h301,H301,[H301] Cửa hàng 153 Huỳnh Văn Luỹ,wujia_franchise.partner_franchise_h301,0846719799,"153 Huỳnh Văn Luỹ, Phường Phú lợi, TPThủ Dầu Một Bình Dương",2024-06-08,2026-06-08,"Gọi tiệm trước 30p, tiệm ngay ngã 3",expired,0,0
franchise_h293,H293,[H293] Cửa hàng 211 Lê Hồng Phong,wujia_franchise.partner_franchise_h293,0849100379,"211 Lê Hồng Phong, Khu Phố 8, Phường Phú Hòa, Thủ Dầu Một, Bình Dương",2024-05-18,2026-05-18,,expired,0,0
franchise_h300,H300,[H300] Cửa hàng 194 Thủ Khoa Nghĩa,wujia_franchise.partner_franchise_h300,0979294329,"194 Thủ Khoa Nghĩa, Châu Phú A, Châu Đốc, An Giang",2024-06-04,2026-06-04,Cấm 16h30-18h30,expired,0,0
franchise_h310,H310,[H310] Cửa hàng 330A/13 An Phú Tây,wujia_franchise.partner_franchise_h310,0901419229,"330A/13 An Phú Tây-Hưng Long, Ấp 1, Xã An Phú Tây, Bình Chánh, TP.HCM",2024-07-11,2026-07-11,,expired,0,0
franchise_h294,H294,[H294] Cửa hàng 61 Lê Văn Khương,wujia_franchise.partner_franchise_h294,0822293294,"61 Lê Văn Khương, Thới An, Quận 12, Thành phố Hồ Chí Minh",2024-05-21,2026-05-21,,expired,0,0
franchise_h309,H309,[H309] Cửa hàng 320 Lý Thái Tổ,wujia_franchise.partner_franchise_h309,0798896677,"320 Lý Thái Tổ, Ấp Bến Sắn, Xã Phước Thiền, Huyện Nhơn Trạch, Đồng Nai",2024-07-10,2026-07-10,,expired,0,0
franchise_h312,H312,[H312] Cửa hàng 240 Đường 03/02,wujia_franchise.partner_franchise_h312,0707719346,"Số 240, Ô 1, Khu 2, Thị Trấn Chợ Gạo, Huyện Chợ Gạo, Tỉnh Tiền Giang, Việt Nam",2024-07-18,2026-07-18,,expired,0,0
franchise_h311,H311,[H311] Cửa hàng 152 Dương Thị Mười,wujia_franchise.partner_franchise_h311,0793894787,"152  Dương Thị Mười, Phường Tân Thới Hiệp, Quận 12, TP HCM",2024-07-18,2026-07-18,,expired,0,0
franchise_h295,H295,[H295] Cửa hàng 434 Kinh Dương Vương,wujia_franchise.partner_franchise_h295,0877645969,"434 Kinh Dương Vương, An Lạc, Quận Bình Tân,TP HCM",2024-05-22,2026-05-22,"Cấm dừng-cấm đậu (leo lề), giao xe nhỏ 500/900",expired,0,0
franchise_h327,H327,[H327] Cửa hàng 29 Trưng Nhị,wujia_franchise.partner_franchise_h327,0384526168,"29 Trưng Nhị, Khu 1, Ô1, TT Thủ Thừa, Huyện Thủ Thừa, Long An",2024-08-09,2026-08-09,Cấm 5T; 9:00 mới mở cửa,expired,0,0
franchise_h306,H306,[H306] Cửa hàng 1A225 Vĩnh Lộc,wujia_franchise.partner_franchise_h306,0984522306,"1A225 Vĩnh Lộc, Xã Phạm Văn Hai, Bình Chánh, Hồ Chí Minh",2024-07-05,2026-07-05,,expired,0,0
franchise_h326,H326,[H326] Cửa hàng 102/4 Trần Hoàng Na,wujia_franchise.partner_franchise_h326,0384731718,"102/4 Trần Hoàng Na, Phường Hưng Lợi, Quận Ninh Kiều, TP Cần Thơ",2024-08-09,2026-08-09,,expired,0,0
franchise_h323,H323,[H323] Cửa hàng 118 Phạm Ngọc Thạch,wujia_franchise.partner_franchise_h323,0974079152,"98-124 Phạm Ngọc Thạch, Hiệp Thành, Thủ Dầu Một, Bình Dương",2024-08-06,2026-08-06,,expired,0,0
franchise_h320,H320,[H320] Cửa hàng 1627A Tỉnh Lộ 10,wujia_franchise.partner_franchise_h320,0868805740,"1627A Tỉnh Lộ 10, Phường Tân Tạo A, Quận Bình Tân, TP HCM",2024-07-27,2026-07-27,Cấm tải 1 chiều,expired,0,0
franchise_h308,H308,[H308] Cửa hàng Hẻm 793 Tỉnh lộ 768,wujia_franchise.partner_franchise_h308,0862809072,"Hẻm 793 Tỉnh lộ 768, Thanh Phú, Vĩnh Cửu, Đồng Nai",2024-07-05,2026-07-05,Cấm 2T 18:00-22:00,expired,0,0
franchise_h317,H317,[H317] Cửa hàng 248 Quốc Lộ 91,wujia_franchise.partner_franchise_h317,0949286633,"248 Quốc Lộ 91, TT Cái Dầu, Châu Phú, An Giang",2024-07-23,2026-07-23,,expired,0,0
franchise_h303,H303,[H303] Cửa hàng 28 Tô Vĩnh Diện,wujia_franchise.partner_franchise_h303,0355483353,"28 Tô Vĩnh Diện, Linh Chiểu, Thủ Đức, TP HCM",2026-06-24,2026-06-24,,expired,0,0
franchise_h314,H314,[H314] Cửa hàng Số 2 Nguyễn Chí Thanh,wujia_franchise.partner_franchise_h314,0932386565,"Số 2 Nguyễn Chí Thanh, Trà Nóc, Bình Thủy, Cần Thơ",2024-07-22,2026-07-22,,expired,0,0
franchise_h316,H316,[H316] Cửa hàng 460 Khu phố 4,wujia_franchise.partner_franchise_h316,0909884528,"460 Khu phố 4, Phường Phú Hòa, TP. Thủ Dầu Một, Bình Dương",2024-07-23,2026-07-23,,expired,0,0
franchise_h337,H337,[H337] Cửa hàng Số 15 Quốc Lộ 80,wujia_franchise.partner_franchise_h337,0943424781,"15 QL80, Kiên Bình, Kiên Lương, Kiên Giang",2024-08-23,2026-08-23,,expired,0,0
franchise_h322,H322,[H322] Cửa hàng 66/14c Bình Thành,wujia_franchise.partner_franchise_h322,0708595322,"66/14c Bình Thành, Phường Bình Hưng Hoà B, Quận Bình Tân",2024-07-29,2026-07-29,,expired,0,0
franchise_h339,H339,[H339] Cửa hàng 162 CMT8,wujia_franchise.partner_franchise_h339,0366019533,"162 Đường CMT8 , KP1, Phường 2, TP Tây Ninh, Tỉnh Tây Ninh",2024-08-24,2026-08-24,,expired,0,0
franchise_h304,H304,[H304] Cửa hàng 210 Quang Trung,wujia_franchise.partner_franchise_h304,0769685566,"210 Quang Trung, Phường 10, Quận Gò Vấp, TP.HCM",2024-06-24,2026-06-24,,expired,0,0
franchise_h329,H329,[H329] Cửa hàng 20 Nguyễn Trãi,wujia_franchise.partner_franchise_h329,0354726724,"20 Nguyễn Trãi, Thị Trấn Tri Tôn, Tỉnh An Giang",2024-08-29,2026-08-29,"Cấm 2,5T_CẤM TỔNG TẢI 5T",active,0,0
franchise_h318,H318,[H318] Cửa hàng 183A Nguyễn Tất Thành,wujia_franchise.partner_franchise_h318,0379115353,"183A Nguyễn Tất Thành, Phường 8, TP Cà Mau",2026-08-27,,,draft,0,0
franchise_h319,H319,[H319] Cửa hàng 3/1E Võ Dõng 1,wujia_franchise.partner_franchise_h319,0363385353,"3/1E Võ Dõng 1, Gia Kiệm, Thống Nhất, Đồng Nai",2024-07-27,2026-07-27,,expired,0,0
franchise_h335,H335,[H335] Cửa hàng 28 Trần Hưng Đạo,wujia_franchise.partner_franchise_h335,0385815353,"28 Trần Hưng Đạo, Phan Thiết, Bình Thuận",2024-08-14,2026-08-14,,expired,0,0
franchise_h336,H336,"[H336] Cửa hàng 43 Đường Quang Trung, Hưng Phú",wujia_franchise.partner_franchise_h336,0868784513,"43 Quang Trung, phường Hưng Phú, quận Cái Răng, TP. Cần Thơ",2024-08-22,2026-08-22,,expired,0,0
franchise_h275,H275,[H275] Cửa hàng 222 Nguyễn Văn Luông,wujia_franchise.partner_franchise_h275,0936424207,"222 Nguyễn Văn Luông, Phường 11, Quận 6, TP HCM",2027-03-26,2027-03-27,,active,0,0
franchise_h307,H307,[H307] Cửa hàng 76 Tam Hà,wujia_franchise.partner_franchise_h307,0328895968,"76 Tam Hà, Phường Tam Phú, Thủ Đức, TP HCM",2024-07-04,2026-07-04,,expired,0,0
franchise_h338,H338,[H338] Cửa hàng 40 Đường DA1-2,wujia_franchise.partner_franchise_h338,0356153836,"40 Đường DA1-2, Mỹ Phước 2, P. Mỹ Phước,  Bến Cát, Bình Dương",2025-01-10,2027-01-10,,active,0,0
franchise_h334,H334,[H334] Cửa hàng 333 Nguyễn Hữu Thọ,wujia_franchise.partner_franchise_h334,0328013500,"333 Nguyễn Hữu Thọ, Tân Hưng, Quận 7",2024-08-14,2026-08-14,,expired,0,0
franchise_h331,H331,[H331] Cửa hàng 87 Huỳnh Thiện Lộc,wujia_franchise.partner_franchise_h331,0908009331,"87 Huỳnh Thiện Lộc, Hòa Thạnh, Tân Phú, TP.HCM",2024-08-15,2026-08-15,,expired,0,0
franchise_h261,H261,[H261] Cửa hàng Tổ 6,wujia_franchise.partner_franchise_h261,0908159984,"Tổ 6, KP4, Phường Hưng Long, TX Chơn Thành, Bình Phước",2025-11-16,2026-11-16,,active,0,0
franchise_h332,H332,[H332] Cửa hàng 8-22 Nguyễn Văn Khạ,wujia_franchise.partner_franchise_h332,0378600950,"8-22 Nguyễn Văn Khạ, TT. Củ Chi, Củ Chi, TP HCM",2024-08-22,2026-08-22,"Cấm dừng, cấm đỗ",expired,0,0
franchise_h345,H345,[H345] Cửa hàng 36 Đường số 2,wujia_franchise.partner_franchise_h345,0933616665,"36 Đường số 2, Cầu Tây Đô, Huyện Phong Điền, TP Cần Thơ",2024-10-03,2026-10-03,,active,0,0
franchise_h343,H343,[H343] Cửa hàng 110 Lê Lợi,wujia_franchise.partner_franchise_h343,0965461796,"110 - Đường Lê Lợi, Khóm 4, Phường 6, TP Sóc Trăng, Tỉnh Sóc Trăng",2024-09-04,,,draft,0,0
franchise_h353,H353,[H353] Cửa hàng 227 Điện Biên Phủ,wujia_franchise.partner_franchise_h353,0866584783,"227 Điện Biên Phủ, Phường Phước Nguyên, Bà Rịa-Vũng Tàu",2024-09-19,2026-09-19,"Cấm 3,5T",active,0,0
franchise_h315,H315,[H315] Cửa hàng Lô T19 KDC Gò Đen,wujia_franchise.partner_franchise_h315,0708699315,"Lô T19 KDC Gò Đen, Ấp 4, Phước Lợi, Bến Lức, Long An",2024-07-22,2026-07-22,"Cấm 16:00-20:00, cấm 5T",expired,0,0
franchise_h340,H340,[H340] Cửa hàng 30 Nguyễn Thái Bình,wujia_franchise.partner_franchise_h340,0972072064,"30 Nguyễn Thái Bình, Phường 4, Tân Bình, Hồ Chí Minh",2024-09-04,2026-09-04,,active,0,0
franchise_h352,H352,[H352] Cửa hàng 99 Trần Hưng Đạo,wujia_franchise.partner_franchise_h352,0946197838,"99 Trần Hưng Đạo, Mỹ Quý, Long Xuyên , An Giang",2026-09-09,2026-09-10,,active,0,0
franchise_h344,H344,[H344] Cửa hàng 736 Phạm Hữu Lầu,wujia_franchise.partner_franchise_h344,0931035188,"736 Phạm Hữu Lầu, Cao Lãnh, Đồng Tháp",2024-09-04,,,draft,0,0
franchise_h351,H351,[H351] Cửa hàng Ngã Tư Nông Trường,wujia_franchise.partner_franchise_h351,0393591956,"Ngã Tư Nông Trường, Ấp Phước Đức A, Xã Phước Đông, Gò Dầu, Tây Ninh",2024-09-07,2026-09-07,,active,0,0
franchise_h333,H333,[H333] Cửa hàng 232 Nguyễn Văn Tạo,wujia_franchise.partner_franchise_h333,0366285878,"232 Nguyễn Văn Tạo, Ấp 2, Xã Long Thới , Huyện Nhà Bè",2024-08-14,2026-08-14,,expired,0,0
franchise_h349,H349,[H349] Cửa hàng 8/2C Nguyễn Du,wujia_franchise.partner_franchise_h349,0842221848,"8/2C Nguyễn Du, KP1, P. Bửu Long, TP. Biên Hoà, Đồng Nai",2024-09-07,2026-09-07,Cấm trên 2T,active,0,0
franchise_h356,H356,[H356] Cửa hàng 64/3 Lê Thị Hồng Gấm,wujia_franchise.partner_franchise_h356,0399516188,"64/3 Lê Thị Hồng Gấm, Phường 6, TP Mỹ Tho, Tiền Giang",2024-09-25,2026-09-25,,active,0,0
franchise_h350,H350,[H350] Cửa hàng 377B Nguyễn Ảnh Thủ,wujia_franchise.partner_franchise_h350,0903743143,"377B Nguyễn Ảnh Thủ, P. Hiệp Thành, Q12, TP.HCM",2024-09-14,2026-09-14,,active,0,0
franchise_h354,H354,[H354] Cửa hàng 38 Đường GS1,wujia_franchise.partner_franchise_h354,0365325799,"38 Đường GS1, Đông Hoà, Dĩ An, Bình Dương",2024-09-20,2026-09-20,,active,0,0
franchise_h324,H324,[H324] Cửa hàng K1 Ô 25,wujia_franchise.partner_franchise_h324,0374926309,"K1 Ô 25, Đường NE8, KDC Mỹ Phước 3, Bến Cát, Bình Dương",2024-08-01,2026-08-01,,expired,0,0
franchise_h280,H280,[H280] Cửa hàng 375 Lê Lợi,wujia_franchise.partner_franchise_h280,0899090008,"375 Lê Lợi, TT An Châu, Huyện Châu Thành, An Giang",2027-04-12,2027-04-13,,active,0,0
franchise_h330,H330,[H330] Cửa hàng 817 Võ Văn Vân,wujia_franchise.partner_franchise_h330,0394754495,"817 Võ Văn Vân, Xã Vĩnh Lộc B, Huyện Bình Chánh",2024-08-21,2026-08-21,,expired,0,0
franchise_h358,H358,[H358] Cửa hàng 141 Phạm Thế Hiển,wujia_franchise.partner_franchise_h358,0347392966,"141 Phạm Thế Hiển, Phường 2, Quận 8",2024-10-01,2026-10-01,,active,0,0
franchise_h365,H365,[H365] Cửa hàng 33 Quốc Lộ 57C,wujia_franchise.partner_franchise_h365,0902520985,"33 Quốc Lộ 57C, Khu Phố 2, TT Ba Tri, Bến Tre",2024-10-17,2026-10-17,,active,0,0
franchise_h328,H328,[H328] Cửa hàng 85B Nguyễn Trãi,wujia_franchise.partner_franchise_h328,0783977328,"85B Nguyễn Trãi, Phường 3, Gò Công, Tiền Giang",2024-08-13,2026-08-13,,expired,0,0
franchise_h357,H357,[H357] Cửa hàng 36 Cơ Giới,wujia_franchise.partner_franchise_h357,0971395483,"36 Cơ Giới, Ấp Thanh Hoá, Xã Hố Nai 3, Huyện Trảng Bom, Đồng Nai",2024-09-30,2026-09-30,Cấm tải 6h-8h; 10h-14h; 16h-18h,active,0,0
franchise_h342,H342,[H342] Cửa hàng 38 Gò Dầu,wujia_franchise.partner_franchise_h342,0833325268,"38 Đ. Gò Dầu, Tân Sơn Nhì, Tân Phú, Hồ Chí Minh",2024-08-30,2026-08-30,,active,0,0
franchise_h305,H305,[H305] Cửa hàng KTX Khu B,wujia_franchise.partner_franchise_h305,0902829305,"Ký Túc Xá Khu B, Đại Học Quốc Gia, Dĩ An, Bình Dương",2024-06-28,2026-06-28,,expired,0,0
franchise_h321,H321,[H321] Cửa hàng 32 Nguyễn Thái Học,wujia_franchise.partner_franchise_h321,0333076168,"32 Nguyễn Thái Học, Khu Vực 3, Vị Thanh, Hậu Giang",2024-07-27,2026-07-27,Cấm 5T,expired,0,0
franchise_h361,H361,[H361] C3 KDC Số 2 Yết Kiêu,wujia_franchise.partner_franchise_h361,0349450509,"C3 KDC Số 2 Yết Kiêu, Long Bình, Biên Hòa, Đồng Nai",2024-10-09,2026-10-09,,active,0,0
franchise_h367,H367,[H367] Cửa hàng 2870 Trần Văn Giàu,wujia_franchise.partner_franchise_h367,0829201304,"2870 Trần Văn Giàu, Ấp 11, Xã Phạm Văn Hai. Huyện Bình Chánh, TP HCM",2024-10-26,2026-10-26,,active,0,0
franchise_h362,H362,[H362] Cửa hàng 607 KP3,wujia_franchise.partner_franchise_h362,0868092071,"607 KP3, Thị Trấn Phước Vĩnh, Phú Giáo, Bình Dương",2024-10-09,2026-10-09,,active,0,0
franchise_h346,H346,[H346] Cửa hàng 141 Dương Quảng Hàm,wujia_franchise.partner_franchise_h346,0325222879,"141 Dương Quảng Hàm, Phường 5, Quận Gò Vấp",2024-09-05,2026-09-05,,active,0,0
franchise_h325,H325,[H325] Cửa hàng 270 Bùi Hữu Nghĩa,wujia_franchise.partner_franchise_h325,0909957303,"270 Bùi Hữu Nghĩa, Phường 2, Quận Bình Thạnh,TP.HCM",2024-08-10,2026-08-10,,expired,0,0
franchise_h363,H363,[H363] Cửa hàng DT769 Bình Sơn,wujia_franchise.partner_franchise_h363,0785447168,"DT769 Ấp 10, Xã Bình Sơn, Huyện Long Thành, Đồng Nai",2024-10-10,,,draft,0,0
franchise_h359,H359,[H359] Cửa hàng 68 Hùng Vương,wujia_franchise.partner_franchise_h359,0375975687,"68 Hùng Vương, Phú Mỹ, Bà Rịa-Vũng Tàu",2024-10-01,2026-10-01,,active,0,0
franchise_h369,H369,[H369] Cửa hàng 845 Trần Hưng Đạo,wujia_franchise.partner_franchise_h369,0931108598,"845 Trần Hưng Đạo, Phường Bình Khánh, TP. Long Xuyên, An Giang",2024-10-29,2026-10-29,,active,0,0
franchise_h347,H347,[H347] Cửa hàng 20/23 KP Bình Quới A,wujia_franchise.partner_franchise_h347,0365295110,"20/23 KP Bình Quới A, Phường Bình Chuẩn, Thị Xã Thuận An, Bình Dương",2024-09-05,2026-09-05,,active,0,0
franchise_h364,H364,[H364] Cửa hàng 478B Đường 30/4,wujia_franchise.partner_franchise_h364,0364780066,"478B Đường 30/4, Phường Rạch Dừa, Tp Vũng Tàu",2025-10-15,2026-10-15,,active,0,0
franchise_h371,H371,[H371] Cửa hàng 173 Bờ Bao Tân Thắng,wujia_franchise.partner_franchise_h371,0947140595,"173 Bờ Bao Tân Thắng, Phường Sơn Kỳ, Quận Tân Phú, TP Hồ Chí Minh",2024-11-06,2026-11-06,,active,0,0
franchise_h370,H370,[H370] Cửa hàng 330 Bến Bình Đông,wujia_franchise.partner_franchise_h370,0902352082,"330 Bến Bình Đông, Phường 15, Quận 8, TP HCM",2024-11-01,2026-11-01,,active,0,0
franchise_h378,H378,[H378] Cửa hàng 429 CMT8,wujia_franchise.partner_franchise_h378,0942438138,"429 CMT8, Phường Phú Cường, TP Thủ Dầu Một, Bình Dương",2024-12-11,2026-12-11,,active,0,0
franchise_h373,H373,[H373] Cửa hàng 73 Đường 30/4,wujia_franchise.partner_franchise_h373,0399910959,"73 Đường 30/4, Phường Trung Dũng, TP Biên Hòa, Đồng Nai.",2024-11-20,2026-11-20,Cấm trên 2T,active,0,0
franchise_h374,H374,[H374] Cửa hàng  F9-77 Đường 3/2,wujia_franchise.partner_franchise_h374,0965095374,"F9-77 Đường 3/2, Phường Rạch Giá, Tỉnh Kiên Giang",2024-11-20,2026-11-20,Cấm giờ,active,0,0
franchise_h360,H360,[H360] Cửa hàng 61 Phương Thành,wujia_franchise.partner_franchise_h360,0327793807,"61 Phương Thành, Bình San, Hà Tiên, Kiên Giang",2024-10-08,2026-10-08,,active,0,0
franchise_h368,H368,[H368] Cửa hàng 936 Đường 30/4,wujia_franchise.partner_franchise_h368,0824151539,"936 Đ. 30 Tháng 4, Phường 11, Thành phố Vũng Tàu, Bà Rịa - Vũng Tàu",2024-10-28,2026-10-28,Cấm đỗ ngày chẵn lẻ,active,0,0
franchise_h377,H377,[H377] Cửa hàng Tổ 1,wujia_franchise.partner_franchise_h377,0348787875,"Tổ 1, KP5, Phường Hắc Dịch, TX Phú Mỹ, Bà Rịa -Vũng Tàu",2024-12-10,2026-12-10,,active,0,0
franchise_h379,H379,[H379] Cửa hàng 244 ĐT741,wujia_franchise.partner_franchise_h379,0337570912,"244, ĐT741, Tiến Hưng, Đồng Xoài, Bình Phước.",2024-12-12,2026-12-12,,active,0,0
franchise_h386,H386,[H386] Cửa hàng 84 TL19,wujia_franchise.partner_franchise_h386,0934216247,"84 TL19, KP3B, Phường Thạnh Lộc, Quận 12, TPHCM.",2024-12-21,2026-12-21,,active,0,0
franchise_h390,H390,[H390] Cửa hàng 84 Cao Văn Lầu,wujia_franchise.partner_franchise_h390,0943907490,"84 Cao Văn Lầu, Phường 2, Bạc Liêu.",2025-01-15,2027-01-15,,active,0,0
franchise_h387,H387,[H387] Cửa hàng Tổ 8,wujia_franchise.partner_franchise_h387,0366727387,"Tổ 8, KP Hải Phúc, TT Đất Đỏ, Bà Rịa -Vũng Tàu",2025-01-10,2027-01-10,,active,0,0
franchise_h384,H384,[H384] Cửa hàng 216 Liên Ấp 2-6,wujia_franchise.partner_franchise_h384,0988997719,"216 Liên Ấp 2-6, Vĩnh Lộc A, Huyện Bình Chánh, TPHCM.",2024-12-21,2026-12-21,,active,0,0
franchise_h388,H388,[H388] Cửa hàng 119 Nguyễn Văn Thiệt,wujia_franchise.partner_franchise_h388,0707589338,"119 Nguyễn Văn Thiệt, Phường 3, Vĩnh Long.",2026-08-27,,,draft,0,0
franchise_h382,H382,[H382] Cửa hàng 567 Đường Lê Hồng Phong,wujia_franchise.partner_franchise_h382,0369714687,"567 Đường Lê Hồng Phong, Phường 3, Sóc Trăng",2025-01-03,2027-01-03,,active,0,0
franchise_h380,H380,[H380] Cửa hàng 285 Nguyễn Huệ,wujia_franchise.partner_franchise_h380,0377043609,"285 Nguyễn Huệ, TT Núi Sập, Huyện Thoại Sơn, An Giang",2024-12-19,2026-12-19,,active,0,0
franchise_h391,H391,[H391] Cửa hàng Đường Hùng Vương,wujia_franchise.partner_franchise_h391,0948941452,"Đường Hùng Vương, KP 6, TT Giồng Riềng, Huyện Giồng Riềng, Kiên Giang (Đối diện Sacombank)",2025-01-20,2027-01-20,,active,0,0
franchise_h375,H375,[H375] Cửa hàng 36 Đường 3/2,wujia_franchise.partner_franchise_h375,0899882509,"36 Đường 3/2, Khu Phố 5, TT Trảng Bom, Huyện Trảng Bom, Đồng Nai.",2024-11-30,2026-11-30,,active,0,0
franchise_h392,H392,[H392] Cửa hàng 28 Nguyễn Hữu Cảnh,wujia_franchise.partner_franchise_h392,0916110649,"28 Nguyễn Hữu Cảnh, TT Chợ Mới, An Giang.",2025-02-06,,,draft,0,0
franchise_h385,H385,[H385] Cửa hàng 1241B Tỉnh Lộ 43,wujia_franchise.partner_franchise_h385,0969878778,"1241B Tỉnh Lộ 43, KP2, Phường Bình Chiểu, Thủ Đức.",2024-12-20,2026-12-20,,active,0,0
franchise_h393,H393,[H393] Cửa hàng 1536 Võ Văn Kiệt,wujia_franchise.partner_franchise_h393,0933333126,"1536 Võ Văn Kiệt, Phường 7, Quận 6, TP.HCM.",2025-02-10,2027-02-10,,active,0,0
franchise_h389,H389,[H389] Cửa hàng Số 11 Lý Thái Tổ,wujia_franchise.partner_franchise_h389,0901880182,"11 Lý Thái Tổ, Đại Phước, Nhơn Trạch, Đồng Nai",2025-01-15,2027-01-15,,active,0,0
franchise_h355,H355,[H355] Cửa hàng 288 Đường 30/4,wujia_franchise.partner_franchise_h355,0975336863,"288 Đường 30/4, Phường Chánh Nghĩa, Thủ Dầu Một, Bình Dương",2024-09-21,2026-09-21,Cấm dừng đậu ngày chẳn,active,0,0
franchise_h394,H394,[H394] Cửa hàng 194C/17 Phước Yên A,wujia_franchise.partner_franchise_h394,0907472688,"194C/17 Ấp Phước Yên A, Xã Phú Quới, Long Hồ, Vĩnh Long.",2025-02-15,2027-02-15,,active,0,0
franchise_h395,H395,[H395] Cửa hàng 338 Khóm Hoà Thuận,wujia_franchise.partner_franchise_h395,0343107515,"338 Khóm Hoà Thuận Đường Trà Sư, Phường Nhà Bàng, Thị xã Tịnh Biên, An Giang.",2025-02-20,2027-05-20,,active,0,0
franchise_h341,H341,[H341] Cửa hàng số 245 Nguyễn Văn Lượng,wujia_franchise.partner_franchise_h341,0903088620,"245 Nguyễn Văn Lượng, Phường 10, Gò Vấp, TP.HCM",2024-09-04,2026-09-04,,active,0,0
franchise_h381,H381,[H381] Cửa hàng Số 3 Trần Quốc Thảo,wujia_franchise.partner_franchise_h381,0938448554,"3 Trần Quốc Thảo, Phường Võ Thị Sáu, Quận 3, TP.HCM",2024-12-18,2026-12-18,,active,0,0
franchise_h383,H383,[H383] Cửa hàng 204 Đường Nguyễn Sơn,wujia_franchise.partner_franchise_h383,0932855441,"204 Đường Nguyễn Sơn, Phường Phú Thọ Hòa, Quận Tân Phú, TP.HCM",2024-12-18,2026-12-18,,active,0,0
franchise_h399,H399,[H399] Cửa hàng 292 Đỗ Tường Phong,wujia_franchise.partner_franchise_h399,0902958601,"292 Đỗ Tường Phong, Khu Phố 2, TT Tầm Vu, Huyện Châu Thành, Long An",2025-03-15,2027-03-15,,active,0,0
franchise_h397,H397,[H397] Cửa hàng 761 Nguyễn Trãi,wujia_franchise.partner_franchise_h397,0931722343,"761 Nguyễn Trãi, Phường 14, Quận 5, TP.HCM.",2025-03-10,2027-03-10,,active,0,0
franchise_h400,H400,[H400] Cửa hàng số 22 Lạc Long Quân,wujia_franchise.partner_franchise_h400,0364254722,"22 Lạc Long Quân, khu phố 2, phường 4, thành phố Tây Ninh",2025-03-29,2027-03-29,,active,0,0
franchise_h376,H376,"[H376] Cửa hàng 10A, Đường Làng Tăng Phú",wujia_franchise.partner_franchise_h376,0937949486,"10A, Đường Làng Tăng Phú , KP 21, P. Tăng Nhơn Phú A,Thủ Đức, TP.HCM",2024-12-07,2026-12-07,,active,0,0
franchise_h041,H041,[H041] Cửa hàng 304 Lê Hồng Phong,wujia_franchise.partner_franchise_h041,0933600630,"304 Lê Hồng Phong, TT. Ngãi Giao, Châu Đức, Bà Rịa - Vũng Tàu",2025-03-12,2027-03-12,,active,0,0
franchise_h398,H398,[H398] Cửa hàng 216 Nguyễn Huệ,wujia_franchise.partner_franchise_h398,0979764749,"216 Nguyễn Huệ, QL 13, Thị Xã Bình Long, Bình Phước",2025-04-08,2027-04-08,Cấm 3T5,active,0,0
franchise_h402,H402,[H402] Cửa hàng 1387 Đường Bùi Văn Hòa,wujia_franchise.partner_franchise_h402,0899235614,"1387 Đường Bùi Văn Hòa, Phường Long Bình, Thành phố Biên Hòa, Tỉnh Đồng Nai",2025-04-03,2027-04-03,CẤM GIỜ,active,0,0
franchise_h405,H405,[H405] Cửa hàng 252 Nguyễn Tri Phương,wujia_franchise.partner_franchise_h405,0914769688,"252 Nguyễn Tri Phương, Phường Long Thạnh, Thị Xã Tân Châu, An Giang",2025-04-17,2027-04-17,,active,0,0
franchise_h401,H401,"[H401] Cửa hàng 10 Đ. N5 - 5A, TT. Lai Uyên",wujia_franchise.partner_franchise_h401,0343186324,"10 Đ. N5 - 5A, TT. Lai Uyên, Bàu Bàng, Bình Dương.",2025-04-02,2027-04-02,,active,0,0
franchise_h403,H403,[H403] Cửa hàng 53A Nguyễn Văn Tiên,wujia_franchise.partner_franchise_h403,0943-222-403,"53A Nguyễn Văn Tiên, KP11, Phường Tân Phong, Biên Hòa, Đồng Nai.",2025-04-08,2027-04-08,,active,0,0
franchise_h396,H396,[H396] Cửa hàng 43C Đường Đồng Khởi,wujia_franchise.partner_franchise_h396,0986913561,"43C Đường Đồng Khởi, Khu Phố 3, TT Bình Đại, Tỉnh Bến Tre.",2025-03-08,2027-03-08,,active,0,0
franchise_h404,H404,[H404] Cửa hàng 65 Ấp 4,wujia_franchise.partner_franchise_h404,0938094441,"65 Ấp 4, Xã Long Hoà, Rạch Kiến, Huyện Cần Đước, Long An.",2025-04-12,2027-04-12,,active,0,0
franchise_h406,H406,[H406]  Cửa hàng Số 63,wujia_franchise.partner_franchise_h406,0772221883,"Số 63, Khóm Phú Mỹ Hiệp, TT Cái Tàu Hạ, Huyện Châu Thành, Tỉnh Đồng Tháp.",2025-05-05,,,draft,0,0
franchise_h372,H372,[H372] Cửa hàng 140 Nguyễn Hoàng,wujia_franchise.partner_franchise_h372,0969391416,"140 Nguyễn Hoàng, Phường An Phú, TP Thủ Đức, TPHCM",2024-11-20,2026-11-20,Cấm tải 16h-20h,active,0,0
franchise_h412,H412,[H412] Cửa hàng Số 2B,wujia_franchise.partner_franchise_h412,0705676858,"Số 2B, Nguyễn Đỗ Cung, Phường Tây Thạnh, Tân Phú, TP HCM.",2025-05-15,2027-05-15,,active,0,0
franchise_h411,H411,[H411] Cửa hàng 48 Nguyễn Văn Linh,wujia_franchise.partner_franchise_h411,0977997717,"48 Nguyễn Văn Linh, KP3, Tân Biên, Tây Ninh.",2025-05-10,2027-05-10,,active,0,0
franchise_h410,H410,[H410] Cửa hàng 995 Đ. Phan Văn Trị,wujia_franchise.partner_franchise_h410,0777596119,"995 Đ. Phan Văn Trị, Phường 1, Gò Vấp, Hồ Chí Minh",2025-05-12,2027-05-12,,active,0,0
franchise_h408,H408,[H408] Cửa hàng 159A Gò Xoài,wujia_franchise.partner_franchise_h408,0906360590,"159A Gò Xoài, Bình Tân, Hồ Chí Minh",2025-05-07,2027-05-07,,active,0,0
franchise_h416,H416,[H416] Cửa hàng 182 Châu Văn Liêm,wujia_franchise.partner_franchise_h416,0948192534,"182 Châu Văn Liêm, Mỹ Luông, Chợ Mới , An Giang.",2025-05-24,2027-05-24,Cấm tổng tải 3T5 (Không sắp xe 3.5T),active,0,0
franchise_h348,H348,[H348] Cửa hàng 30 Đ. Hiệp Bình,wujia_franchise.partner_franchise_h348,0908652681,"30 Đ. Hiệp Bình, Hiệp Bình Phước, Thủ Đức, Hồ Chí Minh",2024-09-06,2026-09-06,,active,0,0
franchise_h413,H413,[H413] Cửa hàng 80A Phan Văn Hớn,wujia_franchise.partner_franchise_h413,0354113984,"80A Phan Văn Hớn, Ấp 7, Xuân Thới Thượng, Hóc Môn.",2025-05-19,2027-05-19,,active,0,0
franchise_h420,H420,[H420] Cửa hàng E6/9A Thới Hòa,wujia_franchise.partner_franchise_h420,0348458930,"E6/9A Thới Hòa, Ấp 5, Xã Vĩnh Lộc A, Huyện Bình Chánh, TP.HCM",2025-06-14,2027-06-14,,active,0,0
franchise_h415,H415,[H415] Cửa hàng Đường Nguyễn Trãi,wujia_franchise.partner_franchise_h415,0342010689,"Đường Nguyễn Trãi, Khóm Mỹ Tây, Mỹ Thọ, Cao Lãnh, Đồng Tháp.",2025-05-30,2027-05-30,,active,0,0
franchise_h417,H417,[H417] Cửa hàng Đường 30/4 KV6,wujia_franchise.partner_franchise_h417,0963913534,"Đường 30/4 KV6, phường Thuận An, thị xã Long Mỹ, Hậu Giang",2025-06-05,2027-06-05,,active,0,0
franchise_h421,H421,[H421] Cửa hàng 321 Tân Kỳ Tân Quý,wujia_franchise.partner_franchise_h421,0944626078,"321 Tân Kỳ Tân Quý, Tân Sơn Nhì, Tân Phú, TP HCM.",2025-06-14,2027-06-14,Cấm đỗ,active,0,0
franchise_h414,H414,[H414] Cửa hàng 10 Song Hành,wujia_franchise.partner_franchise_h414,0968798980,"10 Song Hành, Trung Chánh, Hóc Môn, TP HCM",2025-05-23,2027-05-23,"Cấm dừng, cấm đỗ, Cấm tổng tải 5T (giao cuối)",active,0,0
franchise_h425,H425,[H425] Cửa hàng 583 Huỳnh Tấn Phát,wujia_franchise.partner_franchise_h425,0394043474,"583 Huỳnh Tấn Phát, Tân Thuận Đông, Quận 7, TP.HCM",2025-06-26,2027-06-26,,active,0,0
franchise_h422,H422,[H422] 154B Tân Hòa Đông,wujia_franchise.partner_franchise_h422,0939887866,"154B Tân Hòa Đông, Phường 14, Quận 6, TP HCM.",2025-06-17,2027-06-17,,active,0,0
franchise_h429,H429,"[H429] Cửa hàng 49D, Trần Phú",wujia_franchise.partner_franchise_h429,0945885917,"49D, Trần Phú, Mỹ An, Tháp Mười, Đồng Tháp.",2025-08-12,2027-08-12,,active,0,0
franchise_h419,H419,"[H419] Cửa hàng 164C, KP3, Đức Hòa",wujia_franchise.partner_franchise_h419,0335775505,"164C , Khu Phố 3 , Đức Hòa , Tỉnh Long An",2025-06-12,2027-06-12,,active,0,0
franchise_hn001,HN001,[HN001] Cửa hàng 70 Trương Địn,wujia_franchise.partner_franchise_hn001,0943116236,"70 Trương Định, phường Trương Định, Quận Hai Bà Trưng, Thành phố Hà Nội",2026-08-27,,,draft,0,0
franchise_h407,H407,[H407] Cửa hàng Ấp Bình Thạnh 1,wujia_franchise.partner_franchise_h407,0939536122,"Ấp Bình Thạnh 1 , Xã Lấp Vò , Tỉnh Đồng Tháp",2025-05-06,2027-05-06,,active,0,0
franchise_h428,H428,[H428] Cửa hàng Ngã tư An Bình,wujia_franchise.partner_franchise_h428,0909306368,"Ngã tư An Bình, QL 22, Phường An Tịnh, Trảng Bàng, Tây Ninh",2025-06-30,2027-06-30,,active,0,0
franchise_h430,H430,[H430] Cửa hàng 23 Trần Hưng Đạo,wujia_franchise.partner_franchise_h430,0338177150,"23 Trần Hưng Đạo , Phường phước Nguyên , Tp Bà Rịa , Tỉnh Bà Rịa , Vũng Tàu",2025-07-14,2027-07-14,Cấm 3T5,active,0,0
franchise_h409,H409,"[H409] Cửa hàng Số 149, Tổ 3B",wujia_franchise.partner_franchise_h409,0988566274,"Số 149, Tổ 3B, Đường DT747A, Phường Hội Nghĩa, Tân Uyên, Bình Dương",2025-05-08,2027-05-08,,active,0,0
franchise_h434,H434,[H434] Cửa hàng Phú Sơn,wujia_franchise.partner_franchise_h434,0376 926 840,"Phú Sơn, Bắc Sơn, Trảng Bom, Đồng Nai.",2025-07-29,2027-07-29,Cấm tải 10 tấn,active,0,0
franchise_h424,H424,[H424] Cửa hàng Số 57 Đỗ Xuân Hợp,wujia_franchise.partner_franchise_h424,0585819191,"Số 57 Đỗ Xuân Hợp, Phước Long B, Thủ Đức, TP.HCM",2025-06-18,2027-06-18,Cấm giờ,active,0,0
franchise_h423,H423,[H423] Cửa hàng 7 tổ 4 khu phố Bình Thuận 1,wujia_franchise.partner_franchise_h423,0938716107,"7 Tổ 4 KP Bình Thuận 1, Phường Thuận Giao, Thuận An , Bình Dương",2025-06-18,2027-06-18,Cấm đậu xe ngày lẻ,active,0,0
franchise_h418,H418,[H418] Cửa hàng Đường Lê Thánh Tôn,wujia_franchise.partner_franchise_h418,0901880182,"Đường Lê Thánh Tôn, Phan Rang-Tháp Chàm, Ninh Thuận",2025-06-10,,,draft,0,0
franchise_h432,H432,[H432] Cửa hàng Đường Số 5,wujia_franchise.partner_franchise_h432,0964 819 038,"Đường số 5, Khu dân cư Biconsi, phường Uyên Hưng, thành phố Tân Uyên, tỉnh Bình Dương.",2025-07-17,2027-07-17,Cấm 2T5,active,0,0
franchise_h433,H433,[H433] Cửa hàng 157 đường Hùng Vương,wujia_franchise.partner_franchise_h433,0792 799 995,"157 đường Hùng Vương, khu phố 2, phường Mỹ Phước, TP Bến Cát, tỉnh Bình Dương.",2025-08-15,2027-08-15,Cấm tổng tải 5T_ tiệm hỗ trợ giao hàng ở phía đối diện,active,0,0
franchise_h427,H427,[H427] Cửa hàng 901 Tạ Quang Bửu,wujia_franchise.partner_franchise_h427,0902 680 653,"901 Tạ Quang Bửu, Phường 5, Quận 8",2025-07-01,2027-07-01,,active,0,0
franchise_h436,H436,[H436] Cửa hàng Tổ 19 Ấp,wujia_franchise.partner_franchise_h436,0966278314,"Tổ 19, Ấp Cần Thạnh, Xã Cần Đăng, Huyện Châu Thành, Tỉnh An Giang",2025-08-11,2027-08-11,,active,0,0
franchise_h426,H426,[H426] Cửa hàng 460 Nguyễn Thị Thập,wujia_franchise.partner_franchise_h426,0334577564,"460 Nguyễn Thị Thập, Tân Quy, Quận 7, TP HCM",2025-06-30,2027-06-30,,active,0,0
franchise_h435,H435,[H435] Cửa hàng 375/3 tổ 17 ấp Tân Thạnh,wujia_franchise.partner_franchise_h435,0327756944,"375/3 tổ 17 ấp Tân Thạnh, xã Tân Hương, Châu Thành, tỉnh Tiền Giang",2025-08-12,2027-08-12,,active,0,0
franchise_hn002,HN002,[HN002] Cửa hàng 216 Khâm Thiên,wujia_franchise.partner_franchise_hn002,,"216 Khâm Thiên, phường Văn Miếu-Quốc Tử Giám, Hà Nội",2026-08-27,,,draft,0,0
franchise_h437,H437,[H437] Cửa hàng Số 54 đường Đặng Văn Chơn,wujia_franchise.partner_franchise_h437,0378081669,"Số 54 đường Đặng Văn Chơn, Phường Hiệp Hoà, Tp Biên Hoà, Đồng Nai",2025-08-04,2027-08-04,"Cấm tải, cấm giờ",active,0,0
franchise_h438,H438,[H438] Cửa hàng Số 138A Tổ 4,wujia_franchise.partner_franchise_h438,0327898808,"Số 138A Tổ 4, Ấp 114, Xã Định Quán, Đồng Nai.",2025-08-22,2027-08-22,,active,0,0
franchise_h444,H444,[H444] Cửa hàng 96 Nguyễn Huệ,wujia_franchise.partner_franchise_h444,0932981559,"96 Nguyễn Huệ, khóm 1, phường 1, thị xã Vĩnh Châu, tỉnh Sóc Trăng",2025-09-16,2027-09-16,,active,0,0
franchise_h431,H431,[H431] Cửa hàng 154/18 Tổ 22,wujia_franchise.partner_franchise_h431,0374486590,"154/18 Tổ 22, khu phố 4, Trảng Dài, Biên Hoà, Đồng Nai",2025-07-17,2027-07-17,,active,0,0
franchise_h439,H439,[H439] Cửa hàng Số 76A tỉnh Lộ 2,wujia_franchise.partner_franchise_h439,0355205519,"Số 76A tỉnh Lộ 2, Ấp Xóm Đồng, Xã Củ Chi, TP HCM",2025-08-21,2027-08-21,,active,0,0
franchise_h440,H440,[H440] Cửa hàng 600 Nguyễn Thị Định,wujia_franchise.partner_franchise_h440,0778 783 838,"600 Nguyễn Thị Định, Cát Lái, Quận 2, TP HCM",2025-08-22,2027-08-22,,active,0,0
franchise_h441,H441,[H441] Cửa hàng 2072/5A đường Vườn Lài,wujia_franchise.partner_franchise_h441,0908075472,"2072/5A Vườn Lài P. An Phú Đông , Quận 12",2025-08-23,2027-08-23,,active,0,0
franchise_h442,H442,[H442] Cửa hàng 24 Chương Dương,wujia_franchise.partner_franchise_h442,0966544901,"24 Chương Dương, KP6, Phường Linh Chiểu, Thủ Đức",2025-08-28,2027-08-28,Cấm 2T5,active,0,0
franchise_h443,H443,[H443] Cửa hàng Ngã ba Lã Xuân Oai,wujia_franchise.partner_franchise_h443,0937706084,"Ngã ba Lã Xuân Oai, Đường Lã Xuân Oai, Phường Trường Thạnh, Quận 9, Thủ Đức, HCM.",2025-09-06,2027-09-06,,active,0,0
franchise_h445,H445,[H445] Cửa hàng Số 324 đường Lê Hồng Phong,wujia_franchise.partner_franchise_h445,0919665789,"Số 324 đường Lê Hồng Phong, phường Tân Đông Hiệp, thị xã Dĩ An, tỉnh Bình Dương",2025-09-19,2027-09-19,,active,0,0
franchise_h366,H366,[H366] Cửa hàng 61/42 Đường 48,wujia_franchise.partner_franchise_h366,0908213435,"61/42 Đường 48, KP 8, Hiệp Bình Chánh, Thủ Đức, TP.HCM",2024-10-18,2026-10-18,,active,0,0
franchise_h446,H446,"[H446] Cửa hàng  1/47, đường 22 tháng 12",wujia_franchise.partner_franchise_h446,0352 241 380,"1/47, đường 22 tháng 12, phường Thuận Giao, TP. Thuận An, Bình Dương",2025-09-20,2027-09-20,,active,0,0
franchise_h448,H448,[H448] Cửa hàng 344 Đường Lê Văn Nhung,wujia_franchise.partner_franchise_h448,0936833182,"344 Đường Lê Văn Nhung, Ấp Tân Đông B, Xã Thanh Bình, Đồng Tháp",2025-09-20,2027-09-20,,active,0,0
franchise_h449,H449,[H449] Cửa hàng Hòa Huy Giáp,wujia_franchise.partner_franchise_h449,0934484098,"Đường Hòa Huy Giáp, Ấp Thới Thuận, Cờ Đỏ, Cần Thơ",2025-09-20,2027-09-20,,active,0,0
franchise_h447,H447,[H447] Cửa hàng 87B ô 5 Khu B,wujia_franchise.partner_franchise_h447,0369 195 680,"87B ô 5 Khu B, thị trấn Hậu Nghĩa, huyện Đức Hoà, tỉnh Long An.",2025-09-20,2027-09-20,,active,0,0
franchise_h450,H450,[H450] Cửa hàng 2104 Huỳnh Tấn Phát,wujia_franchise.partner_franchise_h450,0903173520,"2104 Huỳnh Tấn Phát, Nhà Bè, TP HCM.",2025-09-23,2027-09-23,,active,0,0
franchise_h451,H451,[H451] Cửa hàng 13/15 Đường Hai Bà Trưng,wujia_franchise.partner_franchise_h451,0967187517,"13/15 Đường Hai Bà Trưng, Phường Đông Hòa, Dĩ An.",2025-09-25,2027-09-25,,active,0,0
franchise_h452,H452,[H452] Cửa hàng 143 Nam Kỳ Khởi Nghĩa,wujia_franchise.partner_franchise_h452,0949722699,"143 Nam Kỳ Khởi Nghĩa, Vũng Liêm, Vĩnh Long",2025-10-01,2027-10-01,,active,0,0
franchise_h453,H453,[H453] Cửa hàng Ấp Chợ Trạm,wujia_franchise.partner_franchise_h453,0818118879,"Ấp Chợ Trạm, Mỹ Lệ, Cần Giuộc, Long An",2025-10-01,2027-10-01,,active,0,0
franchise_h456,H456,[H456] Cửa hàng  Đ.Chợ Hoàng Gia,wujia_franchise.partner_franchise_h456,0976423435,"Đ.Chợ Hoàng Gia, Tân Định, Bến Cát, Bình Dương",2025-10-22,2027-10-22,,active,0,0
franchise_h457,H457,[H457] Cửa hàng 545/A,wujia_franchise.partner_franchise_h457,0865 842 832,"36 Phùng Hưng ,khu 4 ấp Long Đức 1, Tam Phước, Biên Hoà, Đồng Nai.",2025-10-18,2027-10-18,"Cấm dừng, cấm đỗ : 6h-8h; 16h-18h",active,0,0
franchise_h458,H458,[H458] Cửa hàng 12/6E đường Trần Văn Mười,wujia_franchise.partner_franchise_h458,0902503696,"12/6E đường Trần Văn Mười, xã Xuân Thới Đông, Hóc Môn, TP.HCM",2025-10-22,2027-10-22,,active,0,0
franchise_h454,H454,[H454] Cửa hàng 13/1A đường Lý Văn Sâm,wujia_franchise.partner_franchise_h454,0762221848,"13/1A đường Lý Văn Sâm, Khu Phố 6, Phường Tam Hiệp, Biên Hòa, Đồng Nai",2025-10-02,2027-10-02,Cấm 2T (biển cấm đầu đường),active,0,0
franchise_h455,H455,[H455] Cửa hàng 139A Rừng Sác,wujia_franchise.partner_franchise_h455,0385985262,"139A Rừng Sác, Bình Khánh, Cần Giờ",2025-10-16,2027-10-16,,active,0,0
franchise_h462,H462,[H462] Cửa hàng 172 Hùng Vương,wujia_franchise.partner_franchise_h462,0979118410,"172 Hùng Vương, TT. Gia Ray, Xuân Lộc, Đồng Nai",2025-10-24,2027-10-24,Cấm 2T5,active,0,0
franchise_h459,H459,[H459] Cửa hàng Ấp Phú Hoà 2,wujia_franchise.partner_franchise_h459,03995119934,"Ấp Phú Hoà 2, Xã Bình Hoà, Huyện Châu Thành, Tỉnh An Giang",2025-10-22,2027-10-22,,active,0,0
franchise_h460,H460,[H460] Cửa hàng 159 Tô Ngọc Vân,wujia_franchise.partner_franchise_h460,0909 554 754,"159 Tô Ngọc Vân, Thạnh Xuân, Q12",2025-10-23,2027-10-23,,active,0,0
franchise_h464,H464,"[H464] Cửa hàng 154 27 tháng 4, TT. Phước Bửu",wujia_franchise.partner_franchise_h464,0798156999,"154 27 tháng 4, TT. Phước Bửu, Xuyên Mộc, Bà Rịa - Vũng Tàu",2025-11-06,2027-11-06,,active,0,0
franchise_h465,H465,[H465] Cửa hàng 716 đường Quang Trung,wujia_franchise.partner_franchise_h465,0364 691 623,"716 đường Quang Trung, Gò Vấp, TP HCM",2025-11-12,2027-11-12,,active,0,0
franchise_h461,H461,"[H461] Cửa hàng 105, quốc lộ 1A, phường 5",wujia_franchise.partner_franchise_h461,0867396870,"105, phường 5, thành phố Tân An, tỉnh Long An",2025-10-23,2027-10-23,Cầu cấm 5T,active,0,0
franchise_h467,H467,[H467] Cửa hàng 547 Đường Nguyễn Trãi,wujia_franchise.partner_franchise_h467,0969277467,"547 Đường Nguyễn Trãi, Lái Thiêu, Bình Dương",2025-11-12,2027-11-12,"Cấm tải 2.5 tấn
Trong khung giờ: 6h30-7h30; 16h30-17h30.",active,0,0
franchise_h473,H473,[H473] Cửa hàng 204 Đường Dương Đình Hội,wujia_franchise.partner_franchise_h473,0909136473,"204 Đường Dương Đình Hội, Khu Phố 21, Phường Phước Long, TP HCM.",2026-08-27,,,draft,0,0
franchise_h474,H474,"[H474] Cửa hàng Số 8, đường Võ Thị Diệp",wujia_franchise.partner_franchise_h474,0345 983 891,"Số 8, đường Võ Thị Diệp, thị trấn Thới Lai, Huyện Thới Lai, Tp. Cần Thơ.",2026-08-27,,,draft,0,0
franchise_h466,H466,[H466] Cửa hàng 544 Nguyễn Oanh,wujia_franchise.partner_franchise_h466,0905 010 095,"544 Nguyễn Oanh, Gò Vấp, TP HCM",2025-11-10,2027-11-10,,active,0,0
franchise_h471,H471,[H471] Cửa hàng 745 Đường Chu Văn An,wujia_franchise.partner_franchise_h471,0916110649,"745 Đường Chu Văn An, Phú Tân, An Giang",2026-08-27,,,draft,0,0
franchise_h476,H476,[H476] Cửa hàng 686-688 Quốc lộ 1A,wujia_franchise.partner_franchise_h476,0973596297,"686-688 Quốc lộ 1A, Ấp Phú Lợi, Xã Tân Phú Thạnh, huyện Châu Thành A, Tỉnh Hậu Giang",2026-08-27,,,draft,0,0
franchise_h463,H463,[H463] Cửa hàng 374 QL1,wujia_franchise.partner_franchise_h463,0931328613,"374 QL1, Đông Hoà, Trảng Bom, Đồng Nai",2025-11-27,2027-11-27,,active,0,0
franchise_h470,H470,"[H470] Cửa hàng Số 126, ĐT851, khóm 1",wujia_franchise.partner_franchise_h470,0399519934,"Số 126, ĐT851, khóm 1, thị trấn Lai Vung, huyện Lai Vung, tỉnh Đồng Tháp",2026-08-27,,,draft,0,0
franchise_h482,H482,[H482] Cửa hàng 446 Khu Phố 2,wujia_franchise.partner_franchise_h482,0378087734,"446 Khu Phố 2, Thị Trấn Dương Minh Châu, Tỉnh Tây Ninh",2026-08-27,,,draft,0,0
franchise_h475,H475,[H475] Cửa hàng Võ Thị Sáu - Số Nhà 231 Khu Phố Hải Bình,wujia_franchise.partner_franchise_h475,0399519934,Võ Thị Sáu - Số Nhà 231 Khu Phố Hải Bình  _Thị Trấn Long Hải - Huyện Long Điền -Tỉnh Bà Rịa _ Vũng Tàu,2026-08-27,,,draft,0,0
franchise_h313,H313,[H313] Cửa hàng 120B Bình Thới,wujia_franchise.partner_franchise_h313,0769985893,"120B Bình Thới, Phường 14, Quận 11, Thành Phố Hồ Chí Minh",2027-07-20,2027-07-21,,active,0,0
franchise_h479,H479,[H479] Cửa hàng 133 Nguyễn Du,wujia_franchise.partner_franchise_h479,0339111056,"133 Đường Nguyễn Du, Bình Hòa, Thuận An, Bình Dương",2026-08-27,,,draft,0,0
franchise_h481,H481,[H481] Cửa hàng 144 Khóm 2,wujia_franchise.partner_franchise_h481,0866201086,"Số nhà 144, Khóm 2 phường Hộ Phòng, thị xã Giá Rai tỉnh Bạc Liêu.",2026-08-27,,,draft,0,0
franchise_h478,H478,[H478] Cửa hàng 347 Nguyễn Hữu Trí,wujia_franchise.partner_franchise_h478,0378073363,"347 Nguyễn Hữu Trí, Huyện Bình Chánh, TP. HCM",2026-08-27,,,draft,0,0
franchise_h469,H469,[H469] Cửa hàng  126A4 Liên Khu 5-6,wujia_franchise.partner_franchise_h469,0334222768,"126A4 Đường Liên Khu 5-6, Phường Bình Hưng Hoà B, Quận Bình Tân, Hồ Chí Minh",2026-08-27,,,draft,0,0
franchise_h477,H477,[H477] Cửa hàng 5D 8/2 Trần Văn Giàu,wujia_franchise.partner_franchise_h477,0373 339 227,"5D 8/2 Trần Văn Giàu, Bình Lợi, Đức Hòa, Long An",2026-08-27,,,draft,0,0
franchise_h472,H472,[H472] Cửa hàng 185 Hoàng hữu Nam,wujia_franchise.partner_franchise_h472,0988786844,"185 Hoàng hữu Nam , phường tăng nhơn Phú A , TP Thủ đức, TP HCM",2026-08-27,,,draft,0,0
franchise_h483,H483,[H483] Cửa hàng 225 Lê Lợi,wujia_franchise.partner_franchise_h483,0966579675,"225 Lê Lợi, Phường Thắng Nhì, Thành Phố Vũng Tàu",2026-08-27,,,draft,0,0
franchise_h487,H487,[H487] Cửa hàng Số 1015 Tỉnh Lộ 43,wujia_franchise.partner_franchise_h487,0867555338,"Số 1015 Tỉnh Lộ 43, Khu phố 19, Phường Tam Bình, TP HCM",2026-01-05,2028-01-05,,active,0,0
franchise_h484,H484,[H484] Cửa hàng 94/4 Tổ 10,wujia_franchise.partner_franchise_h484,0988196259,"94/4 Tổ 10, Phường Tân Biên, Biên Hòa, Đồng Nai",2026-08-27,,,draft,0,0
franchise_h468,H468,"[H468] Cửa hàng D19/6, tổ 17, khu phố Bình Thuận 2",wujia_franchise.partner_franchise_h468,0399519934,"D19/6, tổ 17, khu phố Bình Thuận 2, phường Thuận Giao, tp.Thuận An, Bình Dương",2025-11-13,2027-11-13,,active,0,0
franchise_h480,H480,[H480] Cửa hàng 511 Nguyễn Tri Phương,wujia_franchise.partner_franchise_h480,0978434819,"511 Nguyễn Tri Phương, An Bình, Dĩ An, Bình Dương",2026-08-27,,,draft,0,0
franchise_h485,H485,[H485] Cửa hàng 53 Quang Trung,wujia_franchise.partner_franchise_h485,0899994849,"53 Quang Trung, Phan Rí Cửa, Tuy Phong, Bình Thuận",2026-08-27,,,draft,0,0
franchise_h486,H486,[H486] Cửa hàng 302 Lý Thường Kiệt,wujia_franchise.partner_franchise_h486,0779695876,"302 Lý Thường Kiệt, Phường 6, Tân Bình, TP HCM.",2026-08-27,,,draft,0,0
franchise_h488,H488,[H488] Cửa hàng 295 Ấp Lạc Tấn,wujia_franchise.partner_franchise_h488,0393131932,"Số 295 Ấp Lạc Tấn,  Xã Nhựt Tảo, Tỉnh Tây Ninh.",2026-08-27,,9:00 mở cửa,draft,0,0
franchise_h491,H491,[H491] Cửa hàng 822 Tôn Đức Thắng,wujia_franchise.partner_franchise_h491,0971918790,"822 Đường Tôn Đức Thắng, Tiến Thành, Đồng Xoài, Tỉnh Bình Phước",2026-01-12,2028-01-12,,active,0,0
franchise_h489,H489,[H489] Cửa hàng 76B Tổ 7,wujia_franchise.partner_franchise_h489,0786449436,"76B Tổ 7, Khu phố Phú Chánh, Thị Xã Tân Uyên, Tỉnh Bình Dương",2026-01-17,2028-01-17,,active,0,0
franchise_h490,H490,[H490] Cửa hàng Số 13 Tổ 1,wujia_franchise.partner_franchise_h490,0368665170,Số 13 Tổ 1 Ấp 5 Xã Hưng Hòa Huyện Bàu Bàng  Tỉnh Bình Dương,2026-01-12,2028-01-12,,active,0,0
franchise_h492,H492,[H492] Cửa hàng 104 Bùi Công Trừng,wujia_franchise.partner_franchise_h492,0933760095,"104 Bùi Công Trừng, Ấp 3, Xã Đông Thạnh, Hóc Môn, TP HCM",2026-01-17,2028-01-17,,active,0,0
franchise_h493,H493,[H493] Cửa hàng 44 Nguyễn Văn Quá,wujia_franchise.partner_franchise_h493,0969442223,"44 Nguyễn Văn Quá, Phường Đông Hưng Thuận, Quận 12, TP HCM",2026-08-27,,,draft,0,0
franchise_h494,H494,[H494] Cửa hàng 964 Đường CMT8,wujia_franchise.partner_franchise_h494,0974497836,"964 Đường CMT8, Chánh Nghĩa, Thủ Dầu Một, Bình Dương",2026-08-27,,,draft,0,0
franchise_h499,H499,[H499] Cửa hàng 40 Đường Phước Thiện,wujia_franchise.partner_franchise_h499,0329143177,"40 Đường Phước Thiện, Phường Long Thạnh Mỹ, TP Thủ Đức, TP HCM",2026-08-27,,,draft,0,0
franchise_h500,H500,[H500] Cửa hàng 23 Hưng Nhơn,wujia_franchise.partner_franchise_h500,0935188497,"23 Hưng Nhơn, Xã Tân Kiên, Bình Chánh, TP.HCM",2026-08-27,,,draft,0,0
franchise_h501,H501,[H501] Cửa hàng B5/19N Trần Đại Nghĩa,wujia_franchise.partner_franchise_h501,0902458374,"B5/19N Trần Đại Nghĩa, xã Tân Kiên, Bình Chánh, TP HCM",2026-08-27,,,draft,0,0
franchise_h503,H503,"[H503] Cửa hàng QL 20, Ấp Hòa Bình",wujia_franchise.partner_franchise_h503,0344501659,"QL20, ấp Hoà Bình, xã La Ngà, Định Quán, tỉnh Đồng Nai.",2026-08-27,,,draft,0,0
franchise_h495,H495,[H495] Cửa hàng 44 Nguyễn Văn Tiết,wujia_franchise.partner_franchise_h495,0337906551,"44 Nguyễn Văn Tiết, Phường Lái Thiêu, Tỉnh Bình Dương",2026-08-27,,,draft,0,0
franchise_h496,H496,[H496] Cửa hàng Đường ĐT 826,wujia_franchise.partner_franchise_h496,0829 026 226,"Đường ĐT 826, Xã Long Trạch, Huyện Cần Đước, Tỉnh Long An",2026-08-27,,,draft,0,0
franchise_h505,H505,[H505] Cửa hàng 197 Huỳnh Thúc Kháng,wujia_franchise.partner_franchise_h505,0783 883 488,"197 Huỳnh Thúc Kháng, Mũi Né, Bình Thuận",2026-08-27,,,draft,0,0
franchise_h506,H506,[H506] Cửa hàng 119 Võ Thị Sáu,wujia_franchise.partner_franchise_h506,0941 131 931,"119 Đường Võ Thị Sáu , Liên Hương , Tuy Phong , Bình Thuận",2026-08-27,,,draft,0,0
franchise_h514,H514,[H514] Cửa hàng Số 67 Ấp Thị Tứ,wujia_franchise.partner_franchise_h514,0936 678 894,Số 67 Ấp Thị Tứ Thị Trấn Rạch Gòi Tỉnh Hậu Giang,2026-08-27,,,draft,0,0
franchise_h502,H502,[H502] Cửa hàng 78 Quốc Lộ 13,wujia_franchise.partner_franchise_h502,0339 396 097,"78 Quốc lộ 13, Khu phố 2, xã Minh Hưng, huyện Chơn Thành, tỉnh Bình Phước",2026-08-27,,,draft,0,0
franchise_h508,H508,[H508] Cửa hàng 150 Hùng Vương,wujia_franchise.partner_franchise_h508,0908 557 319,"150 Hùng Vương, Phường 2, Quận 10, TP Hồ Chí Minh",2026-08-27,,,draft,0,0
franchise_h511,H511,[H511] Cửa hàng 31 Đường Tây Lân,wujia_franchise.partner_franchise_h511,0969 960 601,"31 Đường Tây Lân, Phường Bình Trị Đông A, Quận Bình Tân, TP HCM",2026-08-27,,,draft,0,0
franchise_h512,H512,[H512] Cửa hàng 103 Đường Lê Lợi,wujia_franchise.partner_franchise_h512,0989737192,"103 Đường Lê Lợi, Phường Phước Hội, La Gi, Bình Thuận.",2026-08-27,,,draft,0,0
franchise_h507,H507,[H507] Cửa hàng 1583 Tổ 2,wujia_franchise.partner_franchise_h507,0762 562 889,"1583 Tổ 2, đường 747A, Mỹ Hiệp, Thái Hoà, Tân Uyên, Bình Dương",2026-08-27,,,draft,0,0
franchise_h509,H509,[H509] Cửa hàng QL1A Khóm 2,wujia_franchise.partner_franchise_h509,0834262414,"Quốc lộ 1A, Khóm 2, xã Cái Nước, Cà Mau",2026-08-27,,,draft,0,0
franchise_h510,H510,[H510] Cửa hàng 463 Ấp Thị Trấn A,wujia_franchise.partner_franchise_h510,0987154906,"463 Ấp Thị Trấn A , Thị Trấn Hoà Bình , Huyện Hoà Bình Tỉnh Bạc Liêu",2026-08-27,,,draft,0,0
franchise_h519,H519,[H519] Cửa hàng Đường Số 6,wujia_franchise.partner_franchise_h519,0909 669 064,"Đường số 6, Xã Suối Nghệ, Châu Đức, BRVT",2026-08-27,,,draft,0,0
franchise_h504,H504,[H504] Cửa hàng 232 KP Phước Mỹ Khánh,wujia_franchise.partner_franchise_h504,0964910122,"232 Khu Phố Phước Mỹ Khánh, Thị Trấn Phước Mỹ Trung, Huyện Mỏ Cày Bắc, Tỉnh Bến Tre",2026-08-27,,,draft,0,0
franchise_h497,H497,[H497] Cửa hàng Số 233 Đường N5,wujia_franchise.partner_franchise_h497,0975 835 966,"Số 233, Đường N5, Mỹ Phước 1, Phường Thới Hoà, Bến Cát, Bình Dương.",2026-08-27,,,draft,0,0
franchise_h513,H513,[H513] Cửa hàng 516 Ấp Tân Phú 5,wujia_franchise.partner_franchise_h513,0798 316 421,"516 Ấp Tân Phú 5, Xã Tân Phú, Tỉnh Đồng Nai",2026-08-27,,,draft,0,0
franchise_h520,H520,[H520] Cửa hàng 108 Lê Văn Việt,wujia_franchise.partner_franchise_h520,0908 395 157,"108 Lê Văn Việt, Phường Tăng Nhơn Phú, TP HCM",2026-08-27,,,draft,0,0
franchise_h516,H516,[H516] Cửa hàng Số 243 Quốc lộ 30,wujia_franchise.partner_franchise_h516,0917 657 900,"Số 243 Quốc lộ 30, xã An Long, Tam Nông, Đồng Tháp",2026-08-27,,,draft,0,0
franchise_h498,H498,[H498] Cửa hàng 181 Thích Quảng Đức,wujia_franchise.partner_franchise_h498,0383 411 970,"181 Thích Quảng Đức, Phú Thọ, Thủ Dầu Một, Bình Dương",2026-08-27,,,draft,0,0
franchise_h515,H515,[H515] Cửa hàng 58 Nguyễn Tất Thành,wujia_franchise.partner_franchise_h515,0932 844 223,"58 Nguyễn Tất Thành, Phường 1, Thành phố Sa Đéc, Đồng Tháp",2026-08-27,,,draft,0,0
franchise_h521,H521,[H521] Cửa hàng 208 Ấp Chợ,wujia_franchise.partner_franchise_h521,0981152082,"208 ấp Chợ, xã Tân Tiến, Huyện Đồng Phú, Tỉnh Bình Phước",2026-08-27,,,draft,0,0
franchise_h518,H518,[H518] Cửa hàng 90 Linh Trung,wujia_franchise.partner_franchise_h518,0369 851 976,"90 Linh Trung, Phường Linh Trung, TP Thủ Đức, TP Hồ Chí Minh",2026-08-27,,,draft,0,0
franchise_h527,H527,[H527] Cửa hàng Tổ 7 đường N3,wujia_franchise.partner_franchise_h527,0335 978 734,"Tổ 7 đường N3 Khu Dân Cư Kim Thanh , Khánh Bình , Tân Uyên , Bình Dương",2026-04-01,2028-04-01,,active,0,0
franchise_h528,H528,[H528] Cửa hàng 403 Hùng Vương,wujia_franchise.partner_franchise_h528,0937 744 288,"403 đường Hùng Vương, khu phố Phước Kiểng, Hiệp Phước, Nhơn Trạch, Đông Nai",2026-08-27,,,draft,0,0
franchise_h530,H530,[H530] Cửa hàng 219 Nguyễn Văn Côn,wujia_franchise.partner_franchise_h530,0382 284 538,"219 Nguyễn Văn Côn, Xã Vĩnh Bình, Đồng Tháp/ TT. Vĩnh Bình, Gò Công Tây, Tiền Giang",2026-08-27,,,draft,0,0
franchise_h522,H522,[H522] Cửa hàng 970 Phạm Hữu Lầu,wujia_franchise.partner_franchise_h522,0904 499 544,"970 Đường Phạm Hữu Lầu, Cao Lãnh, Đồng Tháp",2026-08-27,,,draft,0,0
franchise_h531,H531,"[H531] Cửa hàng Ấp 3, Xã Tam Bình",wujia_franchise.partner_franchise_h531,0353 617 174,"Ấp 3, Xã Tam Bình, Tỉnh Vĩnh Long",2026-08-27,,,draft,0,0
franchise_h525,H525,[H525] Cửa hàng 59H Đường Số 2,wujia_franchise.partner_franchise_h525,0969 180 189,"59H Đường Số 2 , Phường Trường Thọ , TP Thủ Đức , TP HCM",2026-08-27,,Cấm 2T5,draft,0,0
franchise_h537,H537,[H537] Cửa hàng Ấp Mới Đường Mỹ Hạnh,wujia_franchise.partner_franchise_h537,0904 844 820,"Ấp Mới 1, Đường Mỹ Hạnh ( TL9) Xã Mỹ Hạnh Nam Đức Hoà, Long An",2026-08-27,,,draft,0,0
franchise_h547,H547,[H547] Cửa hàng 3046A Phạm Thế Hiển,wujia_franchise.partner_franchise_h547,0374887939,"3046A Phạm Thế Hiển, Phường 7, Quận 8, TP HCM.",2026-08-27,,,draft,0,0
franchise_h535,H535,[H535] Cửa hàng 15/2 Khu Phố Bình Phú,wujia_franchise.partner_franchise_h535,0396766535,"15/2 Khu Phố Bình Phú, Phường Bình Chuẩn, Thuận An, Bình Dương",2026-08-27,,,draft,0,0
franchise_h540,H540,[H540] Cửa hàng 51 Thống Nhất,wujia_franchise.partner_franchise_h540,0849 161 288,"51 Thống Nhất, Phường Đông Hòa, Dĩ An, Bình Dương",2026-08-27,,,draft,0,0
franchise_h529,H529,[H529] Cửa hàng Khóm Thành Quới,wujia_franchise.partner_franchise_h529,0762 887 733,"Khóm Thành Quới , Thị Trấn Tân Quới, Huyện Bình Tân, Tỉnh Vĩnh Long",2026-08-27,,,draft,0,0
franchise_h532,H532,[H532] Cửa hàng Tổ 2 Khánh Hội,wujia_franchise.partner_franchise_h532,0909 466 569,"Tổ 2, Khánh Hội, Tân Phước Khánh, Tân Uyên, Bình Dương.",2026-08-27,,,draft,0,0
franchise_h533,H533,[H533] Cửa hàng  229E Nguyễn Tri Phương,wujia_franchise.partner_franchise_h533,0389 195 031,"229E Đ. Nguyễn Tri Phương, Biên Hòa, Đồng Nai",2026-08-27,,,draft,0,0
franchise_h539,H539,"[H539] Cửa hàng Đường Trịnh Hoài Đức, Tổ 1",wujia_franchise.partner_franchise_h539,039 479 1609,"Đường Trịnh Hoài Đức, Tổ 1, KP.Khánh Lộc, P. Khánh Bình, Tân Uyên, Bình Dương",2026-08-27,,,draft,0,0
franchise_h538,H538,[H538] Cửa hàng 58T/1 Lê Thị Trung,wujia_franchise.partner_franchise_h538,0903 151 004,"58T/1 Lê Thị Trung, phường An Phú, Thuận An, Bình Dương",2026-08-27,,,draft,0,0
franchise_h517,H517,[H517] Cửa hàng 1160 Hoàng Lê Kha,wujia_franchise.partner_franchise_h517,0965 584 085,"1160 Hoàng Lê Kha, Tổ 4, Ấp 1, Xã Châu Thành, Tỉnh Tây Ninh",2026-08-27,,,draft,0,0
franchise_h542,H542,[H542] Cửa hàng Lô 28 E1,wujia_franchise.partner_franchise_h542,0907 411 184,"Lô 28 E1, Ô 33, Đường N14 KDC Hòa Lợi, Bình Dương",2026-08-27,,,draft,0,0
franchise_h555,H555,[H555] Cửa hàng 269/4 Ấp Rẫy,wujia_franchise.partner_franchise_h555,0766445522,"269/4, Ấp Rẫy, Thị Trấn Tân Hiệp, Huyện Châu Thành, Tỉnh Tiền Giang",2026-08-27,,,draft,0,0
franchise_h548,H548,[H548] Cửa hàng,wujia_franchise.partner_franchise_h548,0976 242 371,,2026-08-27,,,draft,1,0
franchise_h545,H545,[H545] Cửa hàng B23/474K Ấp 2 Trần Đại Nghĩa,wujia_franchise.partner_franchise_h545,0912 339 776,"B23/474K Ấp 2 Đường Trần Đại Nghĩa, Xã Tân Nhựt, TP.HCM",2026-08-27,,,draft,0,0
franchise_h541,H541,[H541] Cửa hàng 473 ĐT835,wujia_franchise.partner_franchise_h541,0854 893 906,"473 DDT, Ấp Lộc Trung, Cần Giuộc, Tỉnh Long An",2026-08-27,,,draft,0,0
franchise_h526,H526,[H526] Cửa hàng Số 15 KP Hoá Nhựt,wujia_franchise.partner_franchise_h526,0388 113 521,"Số 15, KP Hoá Nhựt, Phường Tân Vĩnh Hiệp, Thành Phố Tân Uyên Tỉnh Bình Dương",2026-08-27,,,draft,0,0
franchise_h534,H534,[H534] Cửa hàng DT785,wujia_franchise.partner_franchise_h534,0977 032 172,"DT785, Tổ 13, Ka Tum, Tân Đông, Tây Ninh",2027-08-11,2028-08-10,,draft,0,0
franchise_h543,H543,[H543] Cửa hàng A6/4 Vĩnh Lộc B,wujia_franchise.partner_franchise_h543,0703 139 674,"A6/4 Vĩnh Lộc B, Tân Vĩnh Lộc, Hồ Chí Minh",2026-08-27,,,draft,0,0
franchise_h546,H546,[H546] Cửa hàng 805 Luỹ Bán Bích,wujia_franchise.partner_franchise_h546,0375 646 739,"805 Lũy Bán Bích, Phường Tân Phú, Thành phố Hồ Chí Minh",2026-08-27,,,draft,0,0
franchise_h544,H544,[H544] Cửa hàng Ấp Long Thành,wujia_franchise.partner_franchise_h544,0865-680-094,Ấp Long Thành Thị Trấn Phước Long Huyện Phước Long Tỉnh Bạc Liêu,2026-08-27,,,draft,0,0
franchise_h551,H551,[H551] Cửa hàng 33 Phan Văn Hùng,wujia_franchise.partner_franchise_h551,0941 733 344,"33 Đường Phan Văn Hùng, Thị Trấn Kế Sách, Sóc Trăng",2026-08-27,,,draft,0,0
franchise_h524,H524,[H524] Cửa hàng 101 Hồ Văn Huê,wujia_franchise.partner_franchise_h524,0989 043 768,"101 Hồ Văn Huê, P9, Phú Nhuận, TP Hồ Chí Minh",2026-08-27,,,draft,0,0
franchise_h549,H549,[H549] Cửa hàng 348B Trịnh Thị Miếng,wujia_franchise.partner_franchise_h549,0985 745 713,"348B TrịnhTthị Miếng, Thới Tam Thôn, Hóc Môn",2026-08-27,,,draft,0,0
franchise_h553,H553,[H553] Cửa hàng 92 Thoại Ngọc Hầu,wujia_franchise.partner_franchise_h553,0833 898 958,"92 Thoại Ngọc Hầu, Thị Trấn An Phú, Xã An Phú, Tỉnh An Giang",2026-08-27,,,draft,0,0
franchise_h523,H523,[H523] Cửa hàng 74 Tỉnh Lộ 52,wujia_franchise.partner_franchise_h523,0902809570,"74 Tỉnh Lộ 52, Hòa Long, Bà Rịa - Vũng Tàu",2026-08-27,,,draft,0,0
franchise_h552,H552,[H552] Cửa hàng Đường Tỉnh 787A,wujia_franchise.partner_franchise_h552,0888 539 456,"Đường tỉnh 787A, Khu Phố An Hội, Trảng Bàng, Tây Ninh",2026-08-27,,,draft,0,0
franchise_h554,H554,[H554] Cửa hàng,wujia_franchise.partner_franchise_h554,0979 764 749,,2026-08-27,,,draft,1,0
franchise_h566,H566,[H566] Cửa hàng 545 Nguyễn Văn Cừ,wujia_franchise.partner_franchise_h566,0705 178 848,"545 Nguyễn Văn Cừ Nối Dài, Phường An Bình, Quận Ninh Kiều, Cần Thơ",2026-08-27,,,draft,0,0
franchise_h550,H550,[H550] Cửa hàng 491 Ấp Hòa Thuận 2,wujia_franchise.partner_franchise_h550,0342 967 852,"491 Ấp Hòa Thuận 2, Xã Cần Giuộc, Tỉnh Long An",2026-08-27,,,draft,0,0
franchise_h557,H557,[H557] Cửa hàng 78 Nguyễn Huệ,wujia_franchise.partner_franchise_h557,0355 480 898,"78 Nguyễn Huệ, thị trấn Sa Rài, huyện Tân Hồng, tỉnh Đồng Tháp",2026-08-27,,,draft,0,0
franchise_h556,H556,[H556] Cửa hàng 50 Hoàng Hoa Thám,wujia_franchise.partner_franchise_h556,0888 689 066,"50 Hoàng Hoa Thám, Phuờng 2, TP Vũng Tàu",2026-08-27,,,draft,0,0
franchise_h562,H562,[H562] Cửa hàng,wujia_franchise.partner_franchise_h562,0829 201 304,,2026-08-27,,,draft,1,0
franchise_h563,H563,[H563] Cửa hàng  Đường Ngãi Giao - Hòa Bình,wujia_franchise.partner_franchise_h563,0907 203 170,"Đường Ngãi Giao - Hòa Bình, ấp Gia Hòa, xã Bình Giã, thành phố Hồ Chí Minh",2026-08-27,,,draft,0,0
franchise_h564,H564,[H564] Cửa hàng 162 ĐT743C,wujia_franchise.partner_franchise_h564,0938 926 869,"162 DT743C, kp Tân Long, P Dĩ An",2026-08-27,,,draft,0,0
franchise_h559,H559,[H559] Cửa hàng Chợ Tân Hiệp,wujia_franchise.partner_franchise_h559,0988-566-274,"Chợ Tân Hiệp, Tân Uyên, Bình Dương",2026-08-27,,,draft,0,0
franchise_h569,H569,[H569] Cửa hàng số 34 Đường 4B,wujia_franchise.partner_franchise_h569,0902 337 773,"số 34 Đường 4B, KDC Thuận Đạo, TT Bến Lức, Long An",2026-08-27,,,draft,0,0
franchise_h561,H561,[H561] Cửa hàng Chợ Vĩnh Kim,wujia_franchise.partner_franchise_h561,0376 767 067,"Chợ Vĩnh Kim, Ấp Vĩnh Thạnh, Xã Vĩnh Kim, Huyện Châu Thành, Tỉnh Tiền Giang",2026-08-27,,,draft,0,0
franchise_h571,H571,[H571] Cửa hàng 357 Võ Thị Sáu,wujia_franchise.partner_franchise_h571,0898-309-125,"357 Võ Thị Sáu, Long Điền, BRVT",2026-08-27,,,draft,0,0
franchise_h567,H567,[H567] Cửa hàng Ấp 1C,wujia_franchise.partner_franchise_h567,0765 449 449,"Ấp 1C, Xã Phước Thái, Huyện Long Thành, Tỉnh Đồng Nai",2026-08-27,,,draft,0,0
franchise_h558,H558,[H558] Cửa hàng 161A/5,wujia_franchise.partner_franchise_h558,0941 575 333,"161A/5, đường 22/12, Phường An Phú, TP HCM",2026-05-29,,,draft,0,0
franchise_h565,H565,[H565] Cửa hàng 09 Quang Trung,wujia_franchise.partner_franchise_h565,0973-626-769,"09 Đường Quang Trung, khu phố 5, Phường Trị An, Đồng Nai",2026-08-27,,,draft,0,0
franchise_h568,H568,[H568] Cửa hàng Tổ 3 Ấp 1,wujia_franchise.partner_franchise_h568,0336 434 352,"Tổ 3 Ấp 1, Xã Sông Ray, Huyện Cẩm Mỹ, Tỉnh Đồng Nai",2026-08-27,,,draft,1,0
franchise_h573,H573,[H573] Cửa hàng 87 Thủ Khoa Huân,wujia_franchise.partner_franchise_h573,0326 806 633,"87 Thủ Khoa Huân, Phú Thủy, Lâm Đồng (Phan Thiết)",2026-08-27,,,draft,1,0
franchise_h536,H536,[H536] Cửa hàng 204 Đường Tôn Đức Thắng,wujia_franchise.partner_franchise_h536,0333 507 095,"204 Đường Tôn Đức Thắng, Tân Châu, An Giang",2026-08-27,,,draft,1,0
franchise_h575,H575,[H575] Cửa hàng,wujia_franchise.partner_franchise_h575,0902-767-682,,2026-08-27,,,draft,1,0
franchise_h572,H572,[H572] Cửa hàng C5/6 Nữ Dân Công,wujia_franchise.partner_franchise_h572,0931558024,"C5/6 Nữ Dân Công, Vĩnh Lộc A, Bình Chánh, TP HCM",2026-08-27,,,draft,0,0
franchise_h570,H570,[H570] Cửa hàng,wujia_franchise.partner_franchise_h570,0908 876 111,,2026-08-27,,,draft,1,0
franchise_h574,H574,[H574] Cửa hàng 9A Nguyễn Văn Bứa,wujia_franchise.partner_franchise_h574,0978206025,"9A Nguyễn Văn Bứa, Xuân Thới Sơn, TP HCM",2026-08-27,,,draft,0,0
franchise_h560,H560,[H560] Cửa hàng Thị trấn Tràm Chim,wujia_franchise.partner_franchise_h560,0837033044,"Khóm 2, Thị trấn Tràm Chim, huyện Tam Nông, tỉnh Đồng Tháp",2026-08-27,,,draft,0,0
franchise_h582,H582,"[H582] Cửa hàng 166, đường 22/8",wujia_franchise.partner_franchise_h582,,"166, đường 22/8, Cam Ranh, Nha Trang, Tỉnh Khánh Hòa",2026-08-27,,,draft,1,0
franchise_h576,H576,[H576] Cửa hàng 360 Quốc lộ 50,wujia_franchise.partner_franchise_h576,,"360 Quốc lộ 50, ấp Kim Định, xã Cần Giuộc, tỉnh Tây Ninh",2026-08-27,,,draft,1,0
