module,owner,category,file,line,text
wujia_account,team,py_literal,custom/wujia_account/__manifest__.py,6,"Wujia — Accounting franchise link ================================= Backend seam cho công nợ portal (BA task Tasks!STT9, Doc ""Controller Côn"
wujia_account,team,py_literal,custom/wujia_account/migrations/19.0.1.1.0/post-migrate.py,23,C1: điền franchise từ hoá đơn gốc cho %s giấy báo có cũ
wujia_account,team,py_literal,custom/wujia_account/migrations/19.0.1.1.0/post-migrate.py,33,C1: điền franchise từ đơn bán cho %s hoá đơn cũ
wujia_account,team,py_literal,custom/wujia_account/migrations/19.0.1.1.0/post-migrate.py,50,C1: điền franchise từ partner cho %s hoá đơn cũ
wujia_account,team,test,custom/wujia_account/tests/test_franchise_mapping.py,90,không được giữ franchise cũ
wujia_account,team,test,custom/wujia_account/tests/test_franchise_mapping.py,107,map nhiều cửa hàng thì không được đoán
wujia_account,team,test,custom/wujia_account/tests/test_franchise_mapping.py,125,readonly=False: kế toán sửa tay được
wujia_account,team,test,custom/wujia_account/tests/test_franchise_mapping.py,149,không được sinh chứng từ kế tiếp
wujia_account,team,test,custom/wujia_account/tests/test_franchise_mapping.py,192,partner không map thì không được chặn
wujia_account,team,test,custom/wujia_account/tests/test_franchise_mapping.py,212,bản nháp phải có sẵn cửa hàng
wujia_account,team,test,custom/wujia_account/tests/test_franchise_mapping.py,214,giữ nguyên sau khi ghi sổ
wujia_account,team,test,custom/wujia_account/tests/test_franchise_mapping.py,28,C1 Wujia Tea — TP HCM Quận 1
wujia_account,team,test,custom/wujia_account/tests/test_franchise_mapping.py,29,C1 Wujia Tea — Hà Nội Cầu Giấy
wujia_account,team,test,custom/wujia_account/tests/test_franchise_mapping.py,30,C1 Partner nhiều cửa hàng
wujia_account,team,test,custom/wujia_account/tests/test_franchise_mapping.py,31,C1 Nhà cung cấp thường
wujia_account,team,test,custom/wujia_account/tests/test_franchise_mapping.py,51,C1 Trà sữa thùng
wujia_core,team,py_literal,custom/wujia_core/__init__.py,60,[wujia_core] log đã chuyển sang
wujia_core,team,py_literal,custom/wujia_core/__init__.py,60,/<năm>/<tháng>/<năm-tháng-ngày>.log
wujia_core,team,py_literal,custom/wujia_core/__manifest__.py,5,"Core master data dùng chung: khu vực, phường/xã, mixin, helpers"
wujia_core,team,py_literal,custom/wujia_core/__manifest__.py,6,"Module nền tảng cho mọi custom Wujia. Hiện chứa: - res.area: khu vực kinh doanh / vùng giao hàng (Many2many ward_ids) - res.ward: phường/xã,"
wujia_core,team,py_literal,custom/wujia_core/tools/module_split.py,58,chưa có trong ir_module_module
wujia_core,team,test,custom/wujia_core/tests/test_brand.py,109,Liên hệ Acme <Tea>.
wujia_core,team,test,custom/wujia_core/tests/test_brand.py,109,Liên hệ {brand}.
wujia_core,team,py_literal,custom/wujia_core/models/res_ward.py,30,Mã phường/xã phải duy nhất trong từng tỉnh/thành.
wujia_core,team,py_literal,custom/wujia_core/models/res_company.py,8,Ngô Gia
wujia_core,team,py_literal,custom/wujia_core/models/res_area.py,39,Mã khu vực phải duy nhất.
wujia_core,team,py_gettext,custom/wujia_core/models/res_area.py,51,Phường/Xã thuộc %s
wujia_delivery,team,py_literal,custom/wujia_delivery/__manifest__.py,5,"Điều phối giao hàng: gắn xe vào batch, tính cost, report đội xe / cửa hàng"
wujia_delivery,team,py_literal,custom/wujia_delivery/__manifest__.py,7,Điều phối giao hàng (BA spec mục B): - Mở rộng sale.order: tự copy franchise_id xuống stock.picking khi confirm. - Mở rộng stock.picking: fr
wujia_delivery,team,py_literal,custom/wujia_delivery/migrations/19.0.1.1.0/post-migrate.py,20,C1: điền franchise từ đơn bán cho %s phiếu kho cũ
wujia_delivery,team,py_literal,custom/wujia_delivery/migrations/19.0.1.1.0/post-migrate.py,36,C1: điền franchise từ partner cho %s phiếu kho cũ
wujia_delivery,team,qweb_attr,custom/wujia_delivery/report/wujia_fleet_shipping_report_views.xml,16,"sum=""Tổng dự kiến"""
wujia_delivery,team,qweb_attr,custom/wujia_delivery/report/wujia_fleet_shipping_report_views.xml,17,"sum=""Tổng thực xuất"""
wujia_delivery,team,qweb_attr,custom/wujia_delivery/report/wujia_fleet_shipping_report_views.xml,19,"sum=""Tổng cước"""
wujia_delivery,team,qweb_attr,custom/wujia_delivery/report/wujia_fleet_shipping_report_views.xml,20,"sum=""Tổng drop"""
wujia_delivery,team,qweb_attr,custom/wujia_delivery/report/wujia_fleet_shipping_report_views.xml,21,"sum=""Tổng chi phí"""
wujia_delivery,team,qweb_attr,custom/wujia_delivery/report/wujia_franchise_shipping_report_views.xml,16,"sum=""Tổng dự kiến"""
wujia_delivery,team,qweb_attr,custom/wujia_delivery/report/wujia_franchise_shipping_report_views.xml,17,"sum=""Tổng thực xuất"""
wujia_delivery,team,qweb_attr,custom/wujia_delivery/report/wujia_franchise_shipping_report_views.xml,18,"sum=""Tổng cước phân bổ"""
wujia_delivery,team,qweb_attr,custom/wujia_delivery/report/wujia_franchise_shipping_report_views.xml,19,"sum=""Tổng drop phân bổ"""
wujia_delivery,team,qweb_attr,custom/wujia_delivery/report/wujia_franchise_shipping_report_views.xml,20,"sum=""Tổng phân bổ"""
wujia_delivery,team,qweb_attr,custom/wujia_delivery/views/stock_picking_batch_views.xml,31,"title=""Vượt tải"""
wujia_exam,team,py_literal,custom/wujia_exam/__manifest__.py,5,"Đăng ký thi nhượng quyền — khóa thi, ca thi, kỳ thi, phiếu đa nhân sự, kết quả."
wujia_exam,team,py_literal,custom/wujia_exam/__manifest__.py,6,"Nghiệp vụ đào tạo / thi. Tách từ wujia_portal_exam (F12, ADR-027). - Model wujia.exam.time.slot (ca giờ), wujia.exam.course (khóa, mã WJ-CRS"
wujia_exam,team,test,custom/wujia_exam/tests/test_portal_rules.py,141,không hợp lệ
wujia_exam,team,test,custom/wujia_exam/tests/test_portal_rules.py,142,họ tên
wujia_exam,team,test,custom/wujia_exam/tests/test_portal_rules.py,143,Năm sinh
wujia_exam,team,test,custom/wujia_exam/tests/test_portal_rules.py,144,định dạng
wujia_exam,team,test,custom/wujia_exam/tests/test_portal_rules.py,145,bị hỏng
wujia_exam,team,test,custom/wujia_exam/tests/test_portal_rules.py,37,F12 khóa
wujia_exam,team,test,custom/wujia_exam/tests/test_portal_rules.py,71,Thí sinh %d
wujia_exam,team,test,custom/wujia_exam/tests/test_portal_rules.py,117,ghi chú
wujia_exam,team,test,custom/wujia_exam/tests/test_portal_rules.py,119,ghi chú
wujia_exam,team,test,custom/wujia_exam/tests/test_portal_rules.py,137,Cần ít nhất 1 người dự thi.
wujia_exam,team,test,custom/wujia_exam/tests/test_portal_rules.py,140,Tối đa 2 người mỗi phiếu.
wujia_exam,team,test,custom/wujia_exam/tests/test_portal_rules.py,56,Cửa hàng %s
wujia_exam,team,test,custom/wujia_exam/tests/test_portal_rules.py,156,"lỗi tạo phiếu phải là lỗi nghiệp vụ, không phải lỗi đầu vào"
wujia_exam,team,test,custom/wujia_exam/tests/test_portal_rules.py,160,%s phải bị từ chối
wujia_exam,team,test,custom/wujia_exam/tests/test_c10_quota.py,45,tối đa 2
wujia_exam,team,py_literal,custom/wujia_exam/models/wujia_exam_registration.py,193,Khung giờ đã thay đổi hoặc không còn. Vui lòng chọn lại lịch thi.
wujia_exam,team,py_literal,custom/wujia_exam/models/wujia_exam_registration.py,198,Cần ít nhất 1 người dự thi.
wujia_exam,team,py_literal,custom/wujia_exam/models/wujia_exam_registration.py,200,Tối đa %d người mỗi phiếu.
wujia_exam,team,py_gettext,custom/wujia_exam/models/wujia_exam_registration.py,109,Phiếu '%s' cần ít nhất 1 nhân sự dự thi.
wujia_exam,team,py_gettext,custom/wujia_exam/models/wujia_exam_registration.py,113,Phiếu '%s': tối đa %s nhân sự / phiếu.
wujia_exam,team,py_gettext,custom/wujia_exam/models/wujia_exam_registration.py,132,"Hệ thống đang xử lý đăng ký khác cho kỳ thi này, vui lòng thử lại."
wujia_exam,team,py_gettext,custom/wujia_exam/models/wujia_exam_registration.py,139,"Kỳ thi '%s' đã hết chỗ (sức chứa %s, đã giữ %s)."
wujia_exam,team,py_gettext,custom/wujia_exam/models/wujia_exam_registration.py,147,Kỳ thi '%s' không mở đăng ký.
wujia_exam,team,py_gettext,custom/wujia_exam/models/wujia_exam_registration.py,151,Kỳ thi '%s' đã quá hạn đăng ký.
wujia_exam,team,py_gettext,custom/wujia_exam/models/wujia_exam_registration.py,230,Chỉ duyệt phiếu đang ở trạng thái Đã gửi.
wujia_exam,team,py_gettext,custom/wujia_exam/models/wujia_exam_registration.py,236,Phiếu đăng ký đã được duyệt.
wujia_exam,team,py_gettext,custom/wujia_exam/models/wujia_exam_registration.py,241,Phiếu này không thể từ chối.
wujia_exam,team,py_gettext,custom/wujia_exam/models/wujia_exam_registration.py,243,Nhập lý do từ chối trước khi từ chối.
wujia_exam,team,py_gettext,custom/wujia_exam/models/wujia_exam_registration.py,249,Phiếu bị từ chối: %s
wujia_exam,team,py_gettext,custom/wujia_exam/models/wujia_exam_registration.py,254,Phiếu này không thể hủy.
wujia_exam,team,py_gettext,custom/wujia_exam/models/wujia_exam_registration.py,257,Không thể hủy phiếu sau khi kỳ thi đã công bố kết quả.
wujia_exam,team,py_gettext,custom/wujia_exam/models/wujia_exam_registration.py,259,Nhập lý do hủy trước khi hủy phiếu.
wujia_exam,team,py_gettext,custom/wujia_exam/models/wujia_exam_registration.py,265,Phiếu đăng ký đã bị hủy: %s
wujia_exam,team,py_literal,custom/wujia_exam/models/wujia_exam_course.py,49,Mã khóa thi phải duy nhất.
wujia_exam,team,py_gettext,custom/wujia_exam/models/wujia_exam_course.py,69,Số nhân sự tối đa / phiếu phải > 0.
wujia_exam,team,py_gettext,custom/wujia_exam/models/wujia_exam_course.py,71,Hạn đăng ký trước không được âm.
wujia_exam,team,py_gettext,custom/wujia_exam/models/wujia_exam_course.py,73,Số ngày mở đăng ký phải > 0.
wujia_exam,team,py_gettext,custom/wujia_exam/models/wujia_exam_course.py,161,Khóa thi '%s' cần ít nhất 1 ca thi trước khi phát hành.
wujia_exam,team,py_gettext,custom/wujia_exam/models/wujia_exam_course.py,164,Số nhân sự tối đa / phiếu phải > 0.
wujia_exam,team,py_literal,custom/wujia_exam/models/wujia_exam_session.py,80,Sức chứa phải ≥ 1.
wujia_exam,team,py_gettext,custom/wujia_exam/models/wujia_exam_session.py,182,Ca thi phải thuộc danh sách ca của khóa thi '%s'.
wujia_exam,team,py_gettext,custom/wujia_exam/models/wujia_exam_session.py,190,Sức chứa (%s) không được nhỏ hơn số đã giữ chỗ (%s).
wujia_exam,team,py_gettext,custom/wujia_exam/models/wujia_exam_session.py,199,Hạn đăng ký không được sau giờ bắt đầu thi.
wujia_exam,team,py_gettext,custom/wujia_exam/models/wujia_exam_session.py,214,Chỉ mở đăng ký cho kỳ thi ở trạng thái Nháp.
wujia_exam,team,py_gettext,custom/wujia_exam/models/wujia_exam_session.py,216,Kỳ thi đã mở đăng ký.
wujia_exam,team,py_gettext,custom/wujia_exam/models/wujia_exam_session.py,221,Chỉ đóng kỳ thi đang mở đăng ký.
wujia_exam,team,py_gettext,custom/wujia_exam/models/wujia_exam_session.py,223,Kỳ thi đã đóng đăng ký.
wujia_exam,team,py_gettext,custom/wujia_exam/models/wujia_exam_session.py,228,Chỉ hoàn tất kỳ thi đang mở/đóng đăng ký.
wujia_exam,team,py_gettext,custom/wujia_exam/models/wujia_exam_session.py,230,Kỳ thi đã hoàn tất.
wujia_exam,team,py_gettext,custom/wujia_exam/models/wujia_exam_session.py,235,Kỳ thi này không thể hủy.
wujia_exam,team,py_gettext,custom/wujia_exam/models/wujia_exam_session.py,237,Nhập lý do hủy trước khi hủy kỳ thi.
wujia_exam,team,py_gettext,custom/wujia_exam/models/wujia_exam_session.py,239,Kỳ thi bị hủy: %s
wujia_exam,team,py_gettext,custom/wujia_exam/models/wujia_exam_session.py,245,Chỉ công bố kết quả khi kỳ thi đã đóng đăng ký / hoàn tất.
wujia_exam,team,py_gettext,custom/wujia_exam/models/wujia_exam_session.py,250,Còn %s phiếu đăng ký chưa duyệt — xử lý trước khi công bố.
wujia_exam,team,py_gettext,custom/wujia_exam/models/wujia_exam_session.py,256,Còn thí sinh chưa nhập kết quả (Đạt/Không đạt).
wujia_exam,team,py_gettext,custom/wujia_exam/models/wujia_exam_session.py,262,Đã công bố kết quả kỳ thi.
wujia_exam,team,py_gettext,custom/wujia_exam/models/wujia_exam_registration_line.py,91,Mỗi người dự thi cần có họ tên và số điện thoại.
wujia_exam,team,py_gettext,custom/wujia_exam/models/wujia_exam_registration_line.py,95,Số điện thoại '%s' không hợp lệ (vd 0901234567).
wujia_exam,team,py_gettext,custom/wujia_exam/models/wujia_exam_registration_line.py,133,Ảnh nhân viên vượt dung lượng cho phép (tối đa 5 MB).
wujia_exam,team,py_gettext,custom/wujia_exam/models/wujia_exam_registration_line.py,69,Số điện thoại '%s' không hợp lệ (vd 0901234567).
wujia_exam,team,py_gettext,custom/wujia_exam/models/wujia_exam_registration_line.py,77,Năm sinh phải trong khoảng 1900–%s.
wujia_exam,team,py_gettext,custom/wujia_exam/models/wujia_exam_registration_line.py,125,Ảnh nhân viên không đúng định dạng hoặc vượt dung lượng cho phép.
wujia_exam,team,py_gettext,custom/wujia_exam/models/wujia_exam_registration_line.py,130,Ảnh nhân viên không đúng định dạng hoặc vượt dung lượng cho phép.
wujia_exam,team,py_gettext,custom/wujia_exam/models/wujia_exam_registration_line.py,140,Ảnh nhân viên không hợp lệ hoặc bị hỏng. Vui lòng chọn ảnh khác.
wujia_exam,team,py_gettext,custom/wujia_exam/models/wujia_exam_registration_line.py,154,Không thể xóa thí sinh sau khi kỳ thi đã công bố kết quả.
wujia_exam,team,py_gettext,custom/wujia_exam/models/wujia_exam_registration_line.py,158,Phiếu phải còn ít nhất 1 nhân sự dự thi.
wujia_exam,team,py_gettext,custom/wujia_exam/models/wujia_exam_registration_line.py,106,Năm sinh '%s' không hợp lệ.
wujia_exam,team,py_gettext,custom/wujia_exam/models/wujia_exam_registration_line.py,121,Ảnh nhân viên không đúng định dạng hoặc vượt dung lượng cho phép.
wujia_exam,team,py_literal,custom/wujia_exam/models/wujia_exam_time_slot.py,20,Mã ca thi phải duy nhất.
wujia_exam,team,py_gettext,custom/wujia_exam/models/wujia_exam_time_slot.py,28,Ca thi '%s': giờ phải thỏa 0 ≤ bắt đầu < kết thúc ≤ 24.
wujia_exam,team,qweb_attr,custom/wujia_exam/views/backend_exam_registration_views.xml,27,"title=""Từ chối"""
wujia_exam,team,qweb_attr,custom/wujia_exam/views/backend_exam_registration_views.xml,29,"title=""Đã hủy"""
wujia_exam,team,qweb_attr,custom/wujia_exam/views/backend_exam_registration_views.xml,96,"sum=""Tổng nhân sự"""
wujia_exam,team,qweb_attr,custom/wujia_exam/views/backend_exam_session_views.xml,34,"title=""Đã hủy"""
wujia_exam,team,qweb_attr,custom/wujia_exam/views/backend_exam_session_views.xml,36,"title=""Đã công bố KQ"""
wujia_exam,team,qweb_attr,custom/wujia_exam/views/backend_exam_course_views.xml,20,"title=""Lưu trữ"""
wujia_fleet,team,py_literal,custom/wujia_fleet/__manifest__.py,5,Quản lý đội xe / nhà xe / loại xe / xe / bảng giá vận chuyển
wujia_fleet,team,py_literal,custom/wujia_fleet/__manifest__.py,7,"Master data đội xe (BA spec mục B): - wujia.fleet.provider: nhà xe / đội xe (company / outsource). - wujia.fleet.type: loại xe (xe tải, bán "
wujia_fleet,team,py_literal,custom/wujia_fleet/models/wujia_fleet_provider.py,67,Mã đội xe phải duy nhất.
wujia_fleet,team,py_gettext,custom/wujia_fleet/models/wujia_fleet_provider.py,85,Xe của %s
wujia_fleet,team,py_gettext,custom/wujia_fleet/models/wujia_fleet_provider.py,79,Email '%s' không đúng định dạng.
wujia_fleet,team,py_literal,custom/wujia_fleet/models/wujia_fleet_pricelist.py,95,Mã bảng giá phải duy nhất.
wujia_fleet,team,py_gettext,custom/wujia_fleet/models/wujia_fleet_pricelist.py,102,Hiệu lực đến phải >= hiệu lực từ.
wujia_fleet,team,py_literal,custom/wujia_fleet/models/wujia_fleet_management.py,116,Mã xe phải duy nhất.
wujia_fleet,team,py_literal,custom/wujia_fleet/models/wujia_fleet_management.py,13,qrcode python package not installed — wujia.fleet.management.qr_code sẽ trả về False.
wujia_fleet,team,py_literal,custom/wujia_fleet/models/wujia_fleet_type.py,46,Mã loại xe phải duy nhất.
wujia_fleet,team,py_gettext,custom/wujia_fleet/models/wujia_fleet_type.py,58,Tải trọng phải >= 0.
wujia_franchise,Thái,py_literal,custom/wujia_franchise/__manifest__.py,7,Module hợp nhất 2 phân hệ chính của nhượng quyền (BA spec mục A): 1. wujia.franchise.management — hồ sơ cửa hàng nhượng quyền: - Mã cửa hàng
wujia_franchise,Thái,py_literal,custom/wujia_franchise/models/wujia_franchise_management.py,301,[BOOTSTRAP CSV] Lỗi nạp res.area.csv:
wujia_franchise,Thái,py_literal,custom/wujia_franchise/models/wujia_franchise_management.py,368,[BOOTSTRAP CSV] Lỗi nạp wujia.franchise.management.csv:
wujia_franchise,Thái,py_literal,custom/wujia_franchise/models/wujia_franchise_management.py,467,[BOOTSTRAP] Lỗi nạp employee.csv:
wujia_franchise,Thái,py_literal,custom/wujia_franchise/models/wujia_franchise_management.py,443,chủ
wujia_franchise,Thái,py_literal,custom/wujia_franchise/models/wujia_franchise_management.py,445,quản
wujia_franchise,Thái,py_gettext,custom/wujia_franchise/models/res_partner.py,105,Document '%(doc)s' is linked with store '%(current)s' but partner '%(partner)s' thuộc cửa hàng '%(store)s'. Hãy sửa lại cho khớp rồi thao tá
wujia_franchise_contract,Thái,py_literal,custom/wujia_franchise_contract/__manifest__.py,5,Quản lý hợp đồng nhượng quyền theo Store
wujia_franchise_contract,Thái,py_literal,custom/wujia_franchise_contract/__manifest__.py,7,Module mở rộng độc lập cho phân hệ nhượng quyền Wujia: 1. Model wujia.franchise.contract quản lý hợp đồng nhượng quyền độc lập theo Store. 2
wujia_franchise_contract,Thái,data_record,custom/wujia_franchise_contract/data/ir_sequence_data.xml,5,Hợp đồng nhượng quyền Sequence
wujia_franchise_inspection,Thái,py_literal,custom/wujia_franchise_inspection/__manifest__.py,8,Franchise Store Inspection & Supervision Management: 1. wujia.franchise.inspection — phiếu khảo sát & đánh giá chất lượng: - Chấm điểm theo 
wujia_franchise_inspection,Thái,test,custom/wujia_franchise_inspection/tests/test_supervision_schedule.py,30,Khu vực Miền Nam Test
wujia_franchise_inspection,Thái,test,custom/wujia_franchise_inspection/tests/test_franchise_inspection.py,80,Phiếu khảo sát phải nạp đủ 2 dòng tiêu chí từ mẫu.
wujia_franchise_inspection,Thái,test,custom/wujia_franchise_inspection/tests/test_franchise_inspection.py,81,Tổng điểm tối đa của checklist phải bằng 100.
wujia_franchise_inspection,Thái,test,custom/wujia_franchise_inspection/tests/test_franchise_inspection.py,108,Đạt 100 điểm phải xếp loại A.
wujia_franchise_inspection,Thái,test,custom/wujia_franchise_inspection/tests/test_franchise_inspection.py,137,Đạt 70 điểm phải xếp loại C.
wujia_franchise_inspection,Thái,test,custom/wujia_franchise_inspection/tests/test_franchise_inspection.py,46,Vệ sinh & An toàn
wujia_franchise_inspection,Thái,test,custom/wujia_franchise_inspection/tests/test_franchise_inspection.py,52,Mẫu kiểm tra vệ sinh chuẩn
wujia_franchise_inspection,Thái,test,custom/wujia_franchise_inspection/tests/test_franchise_inspection.py,57,Khu vực quầy pha chế sạch sẽ
wujia_franchise_inspection,Thái,test,custom/wujia_franchise_inspection/tests/test_franchise_inspection.py,63,Nguyên vật liệu có tem nhãn hạn sử dụng
wujia_franchise_inspection,Thái,test,custom/wujia_franchise_inspection/tests/test_franchise_inspection.py,92,Tiêu chí 1
wujia_franchise_inspection,Thái,test,custom/wujia_franchise_inspection/tests/test_franchise_inspection.py,99,Tiêu chí 2
wujia_franchise_inspection,Thái,test,custom/wujia_franchise_inspection/tests/test_franchise_inspection.py,120,Tiêu chí 1 đạt
wujia_franchise_inspection,Thái,test,custom/wujia_franchise_inspection/tests/test_franchise_inspection.py,127,Tiêu chí 2 không đạt
wujia_franchise_inspection,Thái,test,custom/wujia_franchise_inspection/tests/test_franchise_inspection.py,131,Hạn sử dụng bị mờ
wujia_franchise_inspection,Thái,test,custom/wujia_franchise_inspection/tests/test_franchise_inspection.py,149,Tiêu chí 1
wujia_franchise_inspection,Thái,test,custom/wujia_franchise_inspection/tests/test_franchise_inspection.py,156,Tiêu chí 2
wujia_franchise_inspection,Thái,py_literal,custom/wujia_franchise_inspection/models/wujia_franchise_inspection_template.py,227,Mã tiêu chí
wujia_franchise_inspection,Thái,py_literal,custom/wujia_franchise_inspection/models/wujia_franchise_inspection_template.py,228,Loại dòng (Section/Line)
wujia_franchise_inspection,Thái,py_literal,custom/wujia_franchise_inspection/models/wujia_franchise_inspection_template.py,229,Danh mục / Nhóm
wujia_franchise_inspection,Thái,py_literal,custom/wujia_franchise_inspection/models/wujia_franchise_inspection_template.py,230,Nội dung tiêu chí
wujia_franchise_inspection,Thái,py_literal,custom/wujia_franchise_inspection/models/wujia_franchise_inspection_template.py,231,Phân loại (Thông thường/Điểm liệt)
wujia_franchise_inspection,Thái,py_literal,custom/wujia_franchise_inspection/models/wujia_franchise_inspection_template.py,233,Bắt buộc ghi chú nếu vi phạm (Có/Không)
wujia_franchise_inspection,Thái,py_literal,custom/wujia_franchise_inspection/models/wujia_franchise_inspection_template.py,234,Bắt buộc ảnh nếu vi phạm (Có/Không)
wujia_franchise_inspection,Thái,py_literal,custom/wujia_franchise_inspection/models/wujia_franchise_inspection_template.py,555,mã
wujia_franchise_inspection,Thái,py_literal,custom/wujia_franchise_inspection/models/wujia_franchise_inspection_template.py,555,loại
wujia_franchise_inspection,Thái,py_literal,custom/wujia_franchise_inspection/models/wujia_franchise_inspection_template.py,555,danh mục
wujia_franchise_inspection,Thái,py_literal,custom/wujia_franchise_inspection/models/wujia_franchise_inspection_template.py,555,nội dung
wujia_franchise_inspection,Thái,py_literal,custom/wujia_franchise_inspection/models/wujia_franchise_inspection_template.py,555,tiêu chí
wujia_franchise_inspection,Thái,py_literal,custom/wujia_franchise_inspection/models/wujia_franchise_inspection_template.py,249,Gìn giữ hình ảnh ngoại quan cửa hàng / 店鋪外觀形象保持
wujia_franchise_inspection,Thái,py_literal,custom/wujia_franchise_inspection/models/wujia_franchise_inspection_template.py,249,Không
wujia_franchise_inspection,Thái,py_literal,custom/wujia_franchise_inspection/models/wujia_franchise_inspection_template.py,249,Không
wujia_franchise_inspection,Thái,py_literal,custom/wujia_franchise_inspection/models/wujia_franchise_inspection_template.py,250,Gìn giữ hình ảnh ngoại quan cửa hàng / 店鋪外觀形象保持
wujia_franchise_inspection,Thái,py_literal,custom/wujia_franchise_inspection/models/wujia_franchise_inspection_template.py,250,"Duy trì trang thiết bị ngoại quan: Bảng hiệu, đèn chiếu sáng, mái hiên và băng rôn ""Mua 5 tặng 1"" phải giữ gìn sạch sẽ, không bị phai màu ha"
wujia_franchise_inspection,Thái,py_literal,custom/wujia_franchise_inspection/models/wujia_franchise_inspection_template.py,250,Điểm liệt
wujia_franchise_inspection,Thái,py_literal,custom/wujia_franchise_inspection/models/wujia_franchise_inspection_template.py,250,Không
wujia_franchise_inspection,Thái,py_literal,custom/wujia_franchise_inspection/models/wujia_franchise_inspection_template.py,250,Có
wujia_franchise_inspection,Thái,py_literal,custom/wujia_franchise_inspection/models/wujia_franchise_inspection_template.py,251,Gìn giữ hình ảnh ngoại quan cửa hàng / 店鋪外觀形象保持
wujia_franchise_inspection,Thái,py_literal,custom/wujia_franchise_inspection/models/wujia_franchise_inspection_template.py,251,"Phía trước tiệm và phía dưới dốc dắt xe máy sạch rác và lá cây, mặt đất giữ sạch sẽ, không có bụi bẩn hay vết ố. 店前及機車坡道下方地面整潔無垃圾、落葉,地面保持乾淨無"
wujia_franchise_inspection,Thái,py_literal,custom/wujia_franchise_inspection/models/wujia_franchise_inspection_template.py,251,Thông thường
wujia_franchise_inspection,Thái,py_literal,custom/wujia_franchise_inspection/models/wujia_franchise_inspection_template.py,251,Không
wujia_franchise_inspection,Thái,py_literal,custom/wujia_franchise_inspection/models/wujia_franchise_inspection_template.py,251,Không
wujia_franchise_inspection,Thái,py_literal,custom/wujia_franchise_inspection/models/wujia_franchise_inspection_template.py,252,Gìn giữ hình ảnh ngoại quan cửa hàng / 店鋪外觀形象保持
wujia_franchise_inspection,Thái,py_literal,custom/wujia_franchise_inspection/models/wujia_franchise_inspection_template.py,252,"Xe đậu ngay ngắn; đảm bảo lối ra vào tiệm và khu vực quanh xe trà luôn thông thoáng, không có vật cản gây trở ngại cho khách mua hàng. 車輛停放整"
wujia_franchise_inspection,Thái,py_literal,custom/wujia_franchise_inspection/models/wujia_franchise_inspection_template.py,252,Thông thường
wujia_franchise_inspection,Thái,py_literal,custom/wujia_franchise_inspection/models/wujia_franchise_inspection_template.py,252,Không
wujia_franchise_inspection,Thái,py_literal,custom/wujia_franchise_inspection/models/wujia_franchise_inspection_template.py,252,Không
wujia_franchise_inspection,Thái,py_literal,custom/wujia_franchise_inspection/models/wujia_franchise_inspection_template.py,253,Yêu cầu giữ gìn các thiết bị / 各設備維護要求
wujia_franchise_inspection,Thái,py_literal,custom/wujia_franchise_inspection/models/wujia_franchise_inspection_template.py,253,Không
wujia_franchise_inspection,Thái,py_literal,custom/wujia_franchise_inspection/models/wujia_franchise_inspection_template.py,253,Không
wujia_franchise_inspection,Thái,py_literal,custom/wujia_franchise_inspection/models/wujia_franchise_inspection_template.py,254,Yêu cầu giữ gìn các thiết bị / 各設備維護要求
wujia_franchise_inspection,Thái,py_literal,custom/wujia_franchise_inspection/models/wujia_franchise_inspection_template.py,254,"Bình đựng trà, máy đo định lượng đường, máy làm đá và các thiết bị pha chế được vệ sinh sạch sẽ, hoạt động bình thường. 茶桶、果糖機、製冰機等吧台設備保持清潔且"
wujia_franchise_inspection,Thái,py_literal,custom/wujia_franchise_inspection/models/wujia_franchise_inspection_template.py,254,Thông thường
wujia_franchise_inspection,Thái,py_literal,custom/wujia_franchise_inspection/models/wujia_franchise_inspection_template.py,254,Không
wujia_franchise_inspection,Thái,py_literal,custom/wujia_franchise_inspection/models/wujia_franchise_inspection_template.py,254,Không
wujia_franchise_inspection,Thái,py_literal,custom/wujia_franchise_inspection/models/wujia_franchise_inspection_template.py,255,Những hạng mục vi phạm nghiêm trọng (trừ 6 điểm) / 嚴重違規項
wujia_franchise_inspection,Thái,py_literal,custom/wujia_franchise_inspection/models/wujia_franchise_inspection_template.py,255,Không
wujia_franchise_inspection,Thái,py_literal,custom/wujia_franchise_inspection/models/wujia_franchise_inspection_template.py,255,Không
wujia_franchise_inspection,Thái,py_literal,custom/wujia_franchise_inspection/models/wujia_franchise_inspection_template.py,256,Những hạng mục vi phạm nghiêm trọng (trừ 6 điểm) / 嚴重違規項
wujia_franchise_inspection,Thái,py_literal,custom/wujia_franchise_inspection/models/wujia_franchise_inspection_template.py,256,Sử dụng nguyên liệu không rõ nguồn gốc hoặc hết hạn sử dụng. 使用來源不明或過期之原物料。
wujia_franchise_inspection,Thái,py_literal,custom/wujia_franchise_inspection/models/wujia_franchise_inspection_template.py,256,Điểm liệt
wujia_franchise_inspection,Thái,py_literal,custom/wujia_franchise_inspection/models/wujia_franchise_inspection_template.py,256,Có
wujia_franchise_inspection,Thái,py_literal,custom/wujia_franchise_inspection/models/wujia_franchise_inspection_template.py,256,Có
wujia_franchise_inspection,Thái,py_literal,custom/wujia_franchise_inspection/models/wujia_franchise_inspection_template.py,605,phần
wujia_franchise_inspection,Thái,py_literal,custom/wujia_franchise_inspection/models/wujia_franchise_inspection_template.py,605,mục
wujia_franchise_inspection,Thái,py_literal,custom/wujia_franchise_inspection/models/wujia_franchise_inspection_template.py,605,hạng mục
wujia_franchise_inspection,Thái,py_literal,custom/wujia_franchise_inspection/models/wujia_franchise_inspection_template.py,605,nhóm
wujia_franchise_inspection,Thái,py_literal,custom/wujia_franchise_inspection/models/wujia_franchise_inspection_template.py,280,Điểm liệt
wujia_franchise_inspection,Thái,py_literal,custom/wujia_franchise_inspection/models/wujia_franchise_inspection_template.py,280,Thông thường
wujia_franchise_inspection,Thái,py_literal,custom/wujia_franchise_inspection/models/wujia_franchise_inspection_template.py,282,Có
wujia_franchise_inspection,Thái,py_literal,custom/wujia_franchise_inspection/models/wujia_franchise_inspection_template.py,282,Không
wujia_franchise_inspection,Thái,py_literal,custom/wujia_franchise_inspection/models/wujia_franchise_inspection_template.py,283,Có
wujia_franchise_inspection,Thái,py_literal,custom/wujia_franchise_inspection/models/wujia_franchise_inspection_template.py,283,Không
wujia_franchise_inspection,Thái,py_literal,custom/wujia_franchise_inspection/models/wujia_franchise_inspection_template.py,645,có
wujia_franchise_inspection,Thái,py_literal,custom/wujia_franchise_inspection/models/wujia_franchise_inspection_template.py,625,liệt
wujia_franchise_inspection,Thái,py_literal,custom/wujia_franchise_inspection/models/wujia_franchise_inspection_template.py,625,nghiêm trọng
wujia_franchise_inspection,Thái,py_literal,custom/wujia_franchise_inspection/models/google_drive_client.py,192,Đang upload trực tiếp '%s' lên Drive...
wujia_franchise_inspection,Thái,py_literal,custom/wujia_franchise_inspection/models/google_drive_client.py,218,"Upload hoàn tất! ID: %s, Link: %s"
wujia_franchise_inspection,Thái,py_literal,custom/wujia_franchise_inspection/models/google_drive_client.py,46,"Thư viện Google Drive API chưa được cài đặt trên hệ thống (cần google-api-python-client, google-auth)."
wujia_franchise_inspection,Thái,py_literal,custom/wujia_franchise_inspection/models/google_drive_client.py,204,Tiến độ upload '%s': %d%%
wujia_franchise_inspection,Thái,py_literal,custom/wujia_franchise_inspection/models/google_drive_client.py,216,Không thể cấp quyền public: %s
wujia_franchise_inspection,Thái,py_literal,custom/wujia_franchise_inspection/models/google_drive_client.py,70,Không tìm thấy file credentials.json tại:
wujia_franchise_inspection,Thái,py_literal,custom/wujia_franchise_inspection/models/google_drive_client.py,66,Lỗi làm mới token Google Drive:
wujia_franchise_inspection,Thái,py_field,custom/wujia_franchise_inspection/models/wujia_franchise_inspection_question.py,34,Nhập đáp án đúng cho từng chỗ trống ____. - Chỗ trống 1: Nhập ở Dòng 1. - Chỗ trống 2: Nhập ở Dòng 2. - Nếu 1 chỗ trống có nhiều đáp án chấp
wujia_franchise_inspection,Thái,py_literal,custom/wujia_franchise_inspection/models/wujia_franchise_inspection_question.py,115,"Công thức pha chế món ""Sữa Tươi Khoai Môn Nghiền"" 50% đường, đá bình thường: Khoai môn nghiền _____ viên (_____gr), Khoai Môn Nghiền vá ( gr"
wujia_franchise_inspection,Thái,py_literal,custom/wujia_franchise_inspection/models/wujia_franchise_inspection_question.py,122,"Công thức pha chế món ""Hồng Trà Kem Cheese"" 50% đường, ít đá: Đong Hồng Trà có đường ____ml trên ca định lượng, đong Hồng trà không đường __"
wujia_franchise_inspection,Thái,py_literal,custom/wujia_franchise_inspection/models/wujia_franchise_inspection_question.py,129,"Công thức pha chế món ""Olong Nho"" 70% đường, ít đá: _____gr mứt nho, _____cc nước cốt nho, cho đá đến vạch 300, đong ____ml Olong có đường t"
wujia_franchise_inspection,Thái,py_literal,custom/wujia_franchise_inspection/models/wujia_franchise_inspection_question.py,136,"Công thức pha chế món ""Olong Latte"" + 1 phần Pudding Trứng Muối, size L, 50% đường, ít đá: Pudding Trứng Muối____ vá ( ____gr), sữa tươi 150"
wujia_franchise_inspection,Thái,py_literal,custom/wujia_franchise_inspection/models/wujia_franchise_inspection_question.py,143,"Công thức pha chế món ""Trà Xí Muội Ngô Gia"" size M, ít đá: Hạt é _____ vá (_____gr), Thạch Aiyu_____ vá (____gr), đá đến vạch 300, đong trà "
wujia_franchise_inspection,Thái,py_literal,custom/wujia_franchise_inspection/models/wujia_franchise_inspection_question.py,150,"Lượng sữa tươi trong thức uống ""Sữa Tươi Trân Châu Đường Đen"" nhiều đá size M là _____ml; size L là ______ml."
wujia_franchise_inspection,Thái,py_literal,custom/wujia_franchise_inspection/models/wujia_franchise_inspection_question.py,157,"Điền chính xác định lượng các loại topping sau: Trân Châu Vị Dâu ___vá (____gr),Khoai môn Nghiền ____viên (____gr), Trân Châu 3Q Trắng _____"
wujia_franchise_inspection,Thái,py_literal,custom/wujia_franchise_inspection/models/wujia_franchise_inspection_question.py,164,"Công thức pha chế món ""Hồng Trà Bí Đao"" size M, 70% đường, ít đá: Đong ____ml Trà Bí Đao trên ca định lượng, đong _____ml Hồng Trà có đường "
wujia_franchise_inspection,Thái,py_literal,custom/wujia_franchise_inspection/models/wujia_franchise_inspection_question.py,171,"Sau khi cho Hạt é, nước lọc và nước đường vào khuấy đều, để yên ___ phút mới có thể sử dụng."
wujia_franchise_inspection,Thái,py_literal,custom/wujia_franchise_inspection/models/wujia_franchise_inspection_question.py,178,"Hạn sử dụng của topping ""Pudding Sương Sáo"" đã khui là: ________"
wujia_franchise_inspection,Thái,py_literal,custom/wujia_franchise_inspection/models/wujia_franchise_inspection_question.py,185,"Hạn sử dụng của ""Kem chesse"" thành phân là: _____ngày (tốt nhất ___tiếng)"
wujia_franchise_inspection,Thái,py_literal,custom/wujia_franchise_inspection/models/wujia_franchise_inspection_question.py,192,"Công thức nấu 150gr ""Trân Châu Vị Dâu"": Nước lọc_____ml, nước đường _____cc."
wujia_franchise_inspection,Thái,py_literal,custom/wujia_franchise_inspection/models/wujia_franchise_inspection_question.py,199,"Công thức nâu 300gr ""Khoai Dẻo Tam Sắc"": Nước lọc _____ml, nước đường _______cc."
wujia_franchise_inspection,Thái,py_literal,custom/wujia_franchise_inspection/models/wujia_franchise_inspection_question.py,206,"Công thức nâu 2000gr ""Trân Châu Đường Đen"": Nước lọc ____ml, nước đường ______cc, siro đường đen _____cc."
wujia_franchise_inspection,Thái,py_literal,custom/wujia_franchise_inspection/models/wujia_franchise_inspection_question.py,213,"Công thức nâu 500gr ""Trân Châu Khoai Môn"": Nước lọc _____ml, nước đường _____cc."
wujia_franchise_inspection,Thái,py_literal,custom/wujia_franchise_inspection/models/wujia_franchise_inspection_question.py,180,Sử dụng ngay
wujia_franchise_inspection,Thái,py_literal,custom/wujia_franchise_inspection/models/wujia_franchise_inspection_question.py,180,dùng liền
wujia_franchise_inspection,Thái,py_literal,custom/wujia_franchise_inspection/models/wujia_franchise_inspection_question.py,180,dùng ngay
wujia_franchise_inspection,Thái,py_literal,custom/wujia_franchise_inspection/models/wujia_franchise_inspection.py,716,Khảo sát
wujia_franchise_inspection,Thái,py_literal,custom/wujia_franchise_inspection/models/wujia_franchise_inspection.py,695,Khảo sát
wujia_franchise_inspection,Thái,py_literal,custom/wujia_franchise_inspection/models/posapp_client.py,80,"{""filter_type"":11,""data"":[{""key"":""status"",""key_text"":""Trạng thái"",""operator"":{""key"":""is"",""value"":""Là""},""value"":[15431],""dynamic_date_type"":n"
wujia_franchise_inspection,Thái,py_literal,custom/wujia_franchise_inspection/models/posapp_client.py,194,Lỗi trong luồng tải đơn hàng: %s
wujia_franchise_inspection,Thái,js_literal,custom/wujia_franchise_inspection/static/src/js/inspection_survey.js,456,Đợt trước
wujia_franchise_inspection,Thái,js_literal,custom/wujia_franchise_inspection/static/src/js/inspection_survey.js,1037,Chưa có ghi chú
wujia_franchise_inspection,Thái,js_literal,custom/wujia_franchise_inspection/static/src/js/inspection_report.js,12,Báo cáo Khảo sát Giám sát
wujia_franchise_inspection,Thái,py_literal,custom/wujia_franchise_inspection/controllers/main.py,204,Chưa có ghi chú
wujia_franchise_operations,Thái,py_literal,custom/wujia_franchise_operations/wizard/wujia_franchise_revenue_compute_wizard.py,143,VNĐ
wujia_franchise_operations,Thái,py_literal,custom/wujia_franchise_operations/wizard/wujia_franchise_revenue_compute_wizard.py,141,đ
wujia_info_request,team,py_literal,custom/wujia_info_request/__manifest__.py,5,"Yêu cầu cập nhật thông tin cửa hàng nhượng quyền (địa chỉ, SĐT, người đại diện...) — HQ duyệt qua chatter."
wujia_info_request,team,py_literal,custom/wujia_info_request/__manifest__.py,6,"Nghiệp vụ yêu cầu cập nhật thông tin cửa hàng. Tách từ wujia_portal_info_request (F8, ADR-027). - Model wujia.info.update.request: mã INF-, "
wujia_info_request,team,test,custom/wujia_info_request/tests/test_info_request.py,50,User huỷ
wujia_info_request,team,test,custom/wujia_info_request/tests/test_info_request.py,101,lỗi đính kèm phải lan ra ngoài
wujia_info_request,team,test,custom/wujia_info_request/tests/test_info_request.py,40,đã được gửi
wujia_info_request,team,py_literal,custom/wujia_info_request/models/wujia_info_update_request.py,101,submitted_date phải có khi state >= submitted.
wujia_info_request,team,py_gettext,custom/wujia_info_request/models/wujia_info_update_request.py,124,Khi chọn 'Khác' phải nhập tên field cần đổi.
wujia_info_request,team,py_gettext,custom/wujia_info_request/models/wujia_info_update_request.py,168,Yêu cầu cập nhật thông tin đã được gửi từ portal.
wujia_info_request,team,py_gettext,custom/wujia_info_request/models/wujia_info_update_request.py,198,Chỉ có thể huỷ yêu cầu ở trạng thái Nháp/Đã gửi.
wujia_info_request,team,py_gettext,custom/wujia_info_request/models/wujia_info_update_request.py,200,User huỷ
wujia_knowledge,team,py_literal,custom/wujia_knowledge/__manifest__.py,5,"Thư viện kiến thức / SOP / đào tạo cho cửa hàng nhượng quyền — HQ soạn, publish, hẹn giờ, hết hạn."
wujia_knowledge,team,py_literal,custom/wujia_knowledge/__manifest__.py,6,"Nghiệp vụ thư viện kiến thức. Tách từ wujia_portal_knowledge (F9, ADR-027). - Model wujia.knowledge.article (mã KNW-, slug, nháp → publish →"
wujia_knowledge,team,test,custom/wujia_knowledge/tests/test_knowledge.py,61,<div>Quy trình <em>đóng</em> ca tối</div>
wujia_knowledge,team,test,custom/wujia_knowledge/tests/test_knowledge.py,58,Nội dung chi tiết cho bài viết.
wujia_knowledge,team,test,custom/wujia_knowledge/tests/test_knowledge.py,62,Quy trình đóng ca tối
wujia_knowledge,team,test,custom/wujia_knowledge/tests/test_knowledge.py,82,Checklist mở cửa
wujia_knowledge,team,test,custom/wujia_knowledge/tests/test_knowledge.py,82,Tóm tắt cho bài
wujia_knowledge,team,test,custom/wujia_knowledge/tests/test_knowledge.py,82,Nội dung chi tiết
wujia_knowledge,team,test,custom/wujia_knowledge/tests/test_knowledge.py,91,quy-trình-đóng-ca
wujia_knowledge,team,test,custom/wujia_knowledge/tests/test_knowledge.py,96,Nháp
wujia_knowledge,team,test,custom/wujia_knowledge/tests/test_knowledge.py,103,Sắp hết hạn
wujia_knowledge,team,test,custom/wujia_knowledge/tests/test_knowledge.py,115,Bài khác
wujia_knowledge,team,test,custom/wujia_knowledge/tests/test_knowledge.py,24,Checklist mở cửa hàng buổi sáng
wujia_knowledge,team,test,custom/wujia_knowledge/tests/test_knowledge.py,27,Tóm tắt cho bài Checklist mở cửa hàng buổi sáng.
wujia_knowledge,team,test,custom/wujia_knowledge/tests/test_knowledge.py,29,<p>Nội dung <strong>chi tiết</strong> cho bài viết.</p>
wujia_knowledge,team,test,custom/wujia_knowledge/tests/test_knowledge.py,89,Quy Trình Đóng Ca
wujia_knowledge,team,test,custom/wujia_knowledge/tests/test_knowledge.py,78,Bài %s không được hiện trên portal
wujia_metabase_connector,team,qweb_attr,custom/wujia_metabase_connector/views/metabase_instance_views.xml,29,"placeholder=""e.g. Ngô Gia Metabase BI"""
wujia_notification,team,py_literal,custom/wujia_notification/__manifest__.py,5,"Thông báo HQ → cửa hàng nhượng quyền — soạn, chọn đối tượng, gửi, thu hồi, theo dõi đã đọc."
wujia_notification,team,py_literal,custom/wujia_notification/__manifest__.py,6,"Nghiệp vụ thông báo. Tách từ wujia_portal_notification (F11, ADR-027). - Model wujia.notification (mã ANN/, chatter, chọn đối tượng nhận, gử"
wujia_notification,team,test,custom/wujia_notification/tests/test_notification_targeting.py,45,Lịch nghỉ Tết 2026
wujia_notification,team,test,custom/wujia_notification/tests/test_notification_targeting.py,46,<p>Nghỉ từ 25 tháng Chạp.</p>
wujia_notification,team,test,custom/wujia_notification/tests/test_notification_targeting.py,55,Gửi tất cả thì không ghi dòng franchise nào.
wujia_notification,team,test,custom/wujia_notification/tests/test_notification_targeting.py,67,Chưa gửi thì chưa chốt danh sách.
wujia_notification,team,test,custom/wujia_notification/tests/test_notification_targeting.py,68,Miền Bắc có 2 cửa hàng đang hoạt động.
wujia_notification,team,test,custom/wujia_notification/tests/test_notification_targeting.py,94,Cửa hàng mở sau ngày gửi không tự nhận thông báo cũ.
wujia_notification,team,test,custom/wujia_notification/tests/test_notification_targeting.py,96,Cập nhật danh sách thì mới thêm vào.
wujia_notification,team,test,custom/wujia_notification/tests/test_notification_targeting.py,140,Cửa hàng miền Nam không được thấy thông báo miền Bắc.
wujia_notification,team,test,custom/wujia_notification/tests/test_notification_targeting.py,141,Thông báo gửi tất cả thì mọi cửa hàng vẫn thấy.
wujia_notification,team,test,custom/wujia_notification/tests/test_notification_targeting.py,22,Miền Bắc
wujia_notification,team,test,custom/wujia_notification/tests/test_notification_targeting.py,23,Miền Nam
wujia_notification,team,test,custom/wujia_notification/tests/test_notification_targeting.py,25,Chính sách
wujia_notification,team,test,custom/wujia_notification/tests/test_notification_targeting.py,104,Khu vực trống
wujia_notification,team,test,custom/wujia_notification/tests/test_notification_targeting.py,133,Chỉ miền Bắc
wujia_notification,team,test,custom/wujia_notification/tests/test_notification_targeting.py,136,Toàn hệ thống
wujia_notification,team,test,custom/wujia_notification/tests/test_notification_targeting.py,36,Cửa hàng %s
wujia_notification,team,test,custom/wujia_notification/tests/test_portal_rules.py,23,F11 còn hiệu lực
wujia_notification,team,test,custom/wujia_notification/tests/test_portal_rules.py,24,F11 hết hạn
wujia_notification,team,test,custom/wujia_notification/tests/test_portal_rules.py,25,F11 hẹn giờ
wujia_notification,team,test,custom/wujia_notification/tests/test_portal_rules.py,26,F11 cửa hàng khác
wujia_notification,team,test,custom/wujia_notification/tests/test_portal_rules.py,76,đọc ở A không tính cho B
wujia_notification,team,test,custom/wujia_notification/tests/test_portal_rules.py,83,chưa chọn cửa hàng
wujia_notification,team,test,custom/wujia_notification/tests/test_portal_rules.py,32,Cửa hàng %s
wujia_notification,team,test,custom/wujia_notification/tests/test_backend_notification.py,32,code phải sinh từ ir.sequence ANN/<năm>/<số>
wujia_notification,team,test,custom/wujia_notification/tests/test_backend_notification.py,21,Chính sách
wujia_notification,team,test,custom/wujia_notification/tests/test_backend_notification.py,24,Lịch nghỉ Tết 2026
wujia_notification,team,test,custom/wujia_notification/tests/test_backend_notification.py,26,<p>Nghỉ từ 25 tháng Chạp.</p>
wujia_notification,team,test,custom/wujia_notification/tests/test_backend_notification.py,33,Khác
wujia_notification,team,test,custom/wujia_notification/tests/test_backend_notification.py,51,Thiếu nội dung
wujia_notification,team,test,custom/wujia_notification/tests/test_backend_notification.py,128,Nháp bỏ
wujia_notification,team,test,custom/wujia_notification/tests/test_backend_notification.py,119,Không loại
wujia_notification,team,test,custom/wujia_notification/tests/test_backend_notification.py,165,Portal tự tạo
wujia_notification,team,test,custom/wujia_notification/tests/test_backend_notification.py,168,Sửa trộm
wujia_notification,team,test,custom/wujia_notification/tests/test_backend_notification.py,171,Loại lậu
wujia_notification,team,test,custom/wujia_notification/tests/test_backend_notification.py,45,Trùng mã
wujia_notification,team,py_literal,custom/wujia_notification/models/wujia_notification_type.py,27,Mã loại thông báo phải duy nhất.
wujia_notification,team,py_literal,custom/wujia_notification/models/wujia_notification.py,43,"Vui lòng nhập đầy đủ tiêu đề, nội dung, loại và mức độ thông báo; ngày hết hiệu lực không được nhỏ hơn ngày gửi."
wujia_notification,team,py_literal,custom/wujia_notification/models/wujia_notification.py,47,"Chọn ""Theo tiêu chí"" thì phải có ít nhất một tiêu chí: khu vực, tỉnh/thành hoặc cửa hàng loại trừ."
wujia_notification,team,py_literal,custom/wujia_notification/models/wujia_notification.py,50,Tiêu chí hiện không khớp cửa hàng nào. Vui lòng chỉnh lại trước khi gửi.
wujia_notification,team,py_literal,custom/wujia_notification/models/wujia_notification.py,51,Vui lòng chọn ít nhất một cửa hàng nhận.
wujia_notification,team,py_literal,custom/wujia_notification/models/wujia_notification.py,52,"Gửi cho ""Tất cả cửa hàng"" thì không được chọn cửa hàng nhận."
wujia_notification,team,py_literal,custom/wujia_notification/models/wujia_notification.py,187,Mã thông báo phải duy nhất.
wujia_notification,team,py_literal,custom/wujia_notification/models/wujia_notification.py,191,Thông báo đã gửi phải có ngày gửi.
wujia_notification,team,py_literal,custom/wujia_notification/models/wujia_notification.py,196,Ngày hết hiệu lực không được nhỏ hơn ngày gửi.
wujia_notification,team,py_gettext,custom/wujia_notification/models/wujia_notification.py,380,Cửa hàng nhận
wujia_notification,team,py_gettext,custom/wujia_notification/models/wujia_notification.py,412,Trạng thái đọc
wujia_notification,team,py_gettext,custom/wujia_notification/models/wujia_notification.py,313,Không thể xoá thông báo đã gửi: %s. Hãy dùng Lưu trữ.
wujia_notification,team,py_gettext,custom/wujia_notification/models/wujia_notification.py,344,Chỉ thông báo ở trạng thái Nháp mới gửi được.
wujia_notification,team,py_gettext,custom/wujia_notification/models/wujia_notification.py,392,"Chỉ thông báo gửi ""Theo tiêu chí"" mới cập nhật lại được danh sách nhận."
wujia_notification,team,py_gettext,custom/wujia_notification/models/wujia_notification.py,298,"Không thể chuyển thông báo ""%(name)s"" từ ""%(old)s"" sang ""%(new)s""."
wujia_notification,team,py_literal,custom/wujia_notification/models/wujia_notification_read.py,38,Mỗi user chỉ ghi nhận đọc 1 lần / thông báo / cửa hàng.
wujia_notification,team,py_literal,custom/wujia_notification/models/wujia_notification_read.py,44,Mỗi user chỉ ghi nhận đọc 1 lần / thông báo khi chưa chọn cửa hàng.
wujia_notification,team,data_record,custom/wujia_notification/data/notification_type_data.xml,8,Khẩn cấp
wujia_notification,team,data_record,custom/wujia_notification/data/notification_type_data.xml,17,Thông báo chung
wujia_notification,team,data_record,custom/wujia_notification/data/notification_type_data.xml,26,Khuyến mãi
wujia_notification,team,data_record,custom/wujia_notification/data/notification_type_data.xml,35,Hệ thống
wujia_notification,team,data_record,custom/wujia_notification/data/notification_type_data.xml,44,Khác
wujia_notification,team,qweb_attr,custom/wujia_notification/views/backend_notification_views.xml,29,"title=""Đã lưu trữ"""
wujia_notification,team,qweb_attr,custom/wujia_notification/views/backend_notification_views.xml,90,"title=""Đã lưu trữ"""
wujia_notification,team,qweb_attr,custom/wujia_notification/views/backend_notification_views.xml,93,"title=""Hết hiệu lực"""
wujia_order_window,team,py_literal,custom/wujia_order_window/__manifest__.py,5,Khung giờ đặt hàng theo khu vực (BA Section B.5 + Model Field Mục I)
wujia_order_window,team,py_literal,custom/wujia_order_window/__manifest__.py,6,"Khung giờ được phép tạo đơn portal, cấu hình theo khu vực. Tách từ wujia_portal_order_window (F7, ADR-027). - Model wujia.order.window: khun"
wujia_order_window,team,test,custom/wujia_order_window/tests/test_split_ownership.py,38,chỉ menu là phải liệt kê tay
wujia_order_window,team,test,custom/wujia_order_window/tests/test_order_window.py,123,khung giờ nhận đơn
wujia_order_window,team,test,custom/wujia_order_window/tests/test_order_window.py,25,F7 có khung
wujia_order_window,team,test,custom/wujia_order_window/tests/test_order_window.py,26,F7 không khung
wujia_order_window,team,test,custom/wujia_order_window/tests/test_order_window.py,29,Sáng
wujia_order_window,team,test,custom/wujia_order_window/tests/test_order_window.py,32,Tối
wujia_order_window,team,test,custom/wujia_order_window/tests/test_order_window.py,35,Cũ
wujia_order_window,team,test,custom/wujia_order_window/tests/test_order_window.py,63,Sáng
wujia_order_window,team,test,custom/wujia_order_window/tests/test_order_window.py,65,Sáng
wujia_order_window,team,test,custom/wujia_order_window/tests/test_order_window.py,65,Tối
wujia_order_window,team,test,custom/wujia_order_window/tests/test_order_window.py,98,Sáng
wujia_order_window,team,test,custom/wujia_order_window/tests/test_order_window.py,101,Tối
wujia_order_window,team,test,custom/wujia_order_window/tests/test_order_window.py,104,Sáng
wujia_order_window,team,test,custom/wujia_order_window/tests/test_order_window.py,110,Rỗng
wujia_order_window,team,test,custom/wujia_order_window/tests/test_order_window.py,113,Quá 24
wujia_order_window,team,py_literal,custom/wujia_order_window/models/wujia_order_window.py,52,"Giờ bắt đầu phải nằm trong [0, 24)."
wujia_order_window,team,py_literal,custom/wujia_order_window/models/wujia_order_window.py,56,"Giờ kết thúc phải nằm trong [0, 24)."
wujia_order_window,team,py_gettext,custom/wujia_order_window/models/wujia_order_window.py,69,Khung giờ '%s' có From == To — không có thời điểm hợp lệ.
wujia_order_window,team,py_gettext,custom/wujia_order_window/models/sale_order.py,31,Hiện chưa nằm trong khung giờ nhận đơn. Vui lòng đặt hàng trong khung giờ %(f).2f – %(t).2f.
wujia_order_window,team,qweb_attr,custom/wujia_order_window/views/res_config_settings_views.xml,15,"title=""Khung giờ đặt hàng Portal (fallback)"""
wujia_order_window,team,qweb_attr,custom/wujia_order_window/views/wujia_order_window_views.xml,31,"title=""Qua nửa đêm"""
wujia_portal_base,team,py_literal,custom/wujia_portal_base/__manifest__.py,5,"Portal layer cho cửa hàng nhượng quyền — dashboard, franchise profile, store picker, real-time updates"
wujia_portal_base,team,test,custom/wujia_portal_base/tests/test_scan_f4_overrides.py,105,"marker phải ở sc_link_class, không ở sc_class"
wujia_portal_base,team,test,custom/wujia_portal_base/tests/test_scan_f4_overrides.py,133,marker chỉ được nằm trên phần tử bấm được
wujia_portal_base,team,test,custom/wujia_portal_base/tests/test_scan_e2_status_badge.py,64,dáng badge bị ghi đè theo route/breakpoint
wujia_portal_base,team,test,custom/wujia_portal_base/tests/test_scan_e2_status_badge.py,69,Đã xác nhận
wujia_portal_base,team,test,custom/wujia_portal_base/tests/test_scan_e2_status_badge.py,92,RoleBadge phải giữ nguyên hệ cũ
wujia_portal_base,team,test,custom/wujia_portal_base/tests/test_scan_e2_status_badge.py,93,AreaBadge phải giữ nguyên hệ cũ
wujia_portal_base,team,test,custom/wujia_portal_base/tests/test_scan_e2_status_badge.py,70,Đã xác nhận
wujia_portal_base,team,test,custom/wujia_portal_base/tests/test_scan_e2_status_badge.py,83,Nhãn lạ chưa map
wujia_portal_base,team,test,custom/wujia_portal_base/tests/test_scan_e2_status_badge.py,104,%s còn badge họ cũ
wujia_portal_base,team,test,custom/wujia_portal_base/tests/test_scan_e2_status_badge.py,77,%s/%s thiếu nhãn
wujia_portal_base,team,test,custom/wujia_portal_base/tests/test_scan_e2_status_badge.py,79,%s/%s còn class cũ: %s
wujia_portal_base,team,test,custom/wujia_portal_base/tests/test_handover_inspection.py,129,mất rule màu head danh mục bản mobile
wujia_portal_base,team,test,custom/wujia_portal_base/tests/test_handover_inspection.py,206,không thấy view
wujia_portal_base,team,test,custom/wujia_portal_base/tests/test_handover_inspection.py,215,biến mất — lớp con/hover cần nó
wujia_portal_base,team,test,custom/wujia_portal_base/tests/test_g2_store_switcher.py,74,Chủ tiệm
wujia_portal_base,team,test,custom/wujia_portal_base/tests/test_g2_store_switcher.py,75,Quản lý
wujia_portal_base,team,test,custom/wujia_portal_base/tests/test_g2_store_switcher.py,76,Nhân viên
wujia_portal_base,team,test,custom/wujia_portal_base/tests/test_g2_store_switcher.py,87,: không có chỗ in vai trò
wujia_portal_base,team,test,custom/wujia_portal_base/tests/test_scan_e5_list_card.py,167,anatomy ListCard bị khai lại ngoài khung
wujia_portal_base,team,test,custom/wujia_portal_base/tests/test_scan_e5_list_card.py,93,%s: số call site ListCard đổi
wujia_portal_base,team,test,custom/wujia_portal_base/tests/test_scan_e5_list_card.py,106,%s: %d call site nhưng chỉ %d item mang wj-lc
wujia_portal_base,team,test,custom/wujia_portal_base/tests/test_scan_e5_list_card.py,175,%s: không hàng phụ nào dùng khuôn chung
wujia_portal_base,team,test,custom/wujia_portal_base/tests/test_scan_e5_list_card.py,180,%s: còn nhãn/giá trị viết tay
wujia_portal_base,team,test,custom/wujia_portal_base/tests/test_scan_e5_list_card.py,186,"%s: Home bị migrate, trái LC-23"
wujia_portal_base,team,test,custom/wujia_portal_base/tests/test_scan_e5_list_card.py,188,%s: Home đã mang lớp wj-lc
wujia_portal_base,team,test,custom/wujia_portal_base/tests/test_scan_e5_list_card.py,109,%s: item thiếu wj-data-item (dáng ngoài của D5)
wujia_portal_base,team,test,custom/wujia_portal_base/tests/test_scan_e5_list_card.py,122,%s: họ cũ %s còn trong view
wujia_portal_base,team,test,custom/wujia_portal_base/tests/test_scan_e5_list_card.py,124,%s: họ cũ %s còn rule CSS
wujia_portal_base,team,test,custom/wujia_portal_base/tests/test_scan_e5_list_card.py,137,%s: item đã migrate còn mang họ chung %s
wujia_portal_base,team,test,custom/wujia_portal_base/tests/test_scan_d4_surface_card.py,119,.wj-pc-card không được khai dáng khung nữa
wujia_portal_base,team,test,custom/wujia_portal_base/tests/test_scan_d4_surface_card.py,127,phần bố cục phải giữ nguyên
wujia_portal_base,team,test,custom/wujia_portal_base/tests/test_scan_d4_surface_card.py,327,mất nhánh @media của .wj-surface-card
wujia_portal_base,team,test,custom/wujia_portal_base/tests/test_scan_d4_surface_card.py,562,không thấy view
wujia_portal_base,team,test,custom/wujia_portal_base/tests/test_scan_d4_surface_card.py,635,thiếu rule
wujia_portal_base,team,test,custom/wujia_portal_base/tests/test_scan_d4_surface_card.py,301,mất
wujia_portal_base,team,test,custom/wujia_portal_base/tests/test_scan_d4_surface_card.py,301,— đó không phải dáng khung
wujia_portal_base,team,test,custom/wujia_portal_base/tests/test_scan_d4_surface_card.py,342,không thấy view
wujia_portal_base,team,test,custom/wujia_portal_base/tests/test_scan_d4_surface_card.py,417,không thấy view
wujia_portal_base,team,test,custom/wujia_portal_base/tests/test_scan_d4_surface_card.py,480,không thấy view
wujia_portal_base,team,test,custom/wujia_portal_base/tests/test_scan_d4_surface_card.py,63,%s không được khai %s nữa
wujia_portal_base,team,test,custom/wujia_portal_base/tests/test_scan_d4_surface_card.py,143,%s vẫn đè padding lên SurfaceCard
wujia_portal_base,team,test,custom/wujia_portal_base/tests/test_scan_d4_surface_card.py,382,.wj-pc-metric-card vẫn khai
wujia_portal_base,team,test,custom/wujia_portal_base/tests/test_scan_d4_surface_card.py,382,— phải ở .wj-surface-card
wujia_portal_base,team,test,custom/wujia_portal_base/tests/test_scan_d4_surface_card.py,231,vẫn khai
wujia_portal_base,team,test,custom/wujia_portal_base/tests/test_scan_d4_surface_card.py,231,— dáng khung phải nằm ở .wj-surface-card
wujia_portal_base,team,test,custom/wujia_portal_base/tests/test_scan_c8_section_header.py,74,sản phẩm
wujia_portal_base,team,test,custom/wujia_portal_base/tests/test_g3b_home_pc.py,25,Đơn hàng gần đây
wujia_portal_base,team,test,custom/wujia_portal_base/tests/test_g3b_home_pc.py,26,Yêu cầu đổi trả gần đây
wujia_portal_base,team,test,custom/wujia_portal_base/tests/test_g3b_home_pc.py,27,Giao hàng sắp tới
wujia_portal_base,team,test,custom/wujia_portal_base/tests/test_g3b_home_pc.py,28,Thông báo nổi bật
wujia_portal_base,team,test,custom/wujia_portal_base/tests/test_g3b_home_pc.py,29,Bài viết / Kiến thức mới
wujia_portal_base,team,test,custom/wujia_portal_base/tests/test_g3b_home_pc.py,30,Hỗ trợ nhanh
wujia_portal_base,team,test,custom/wujia_portal_base/tests/test_g3b_home_pc.py,31,Thông tin cửa hàng
wujia_portal_base,team,test,custom/wujia_portal_base/tests/test_g3b_home_pc.py,81,đơn chưa giao
wujia_portal_base,team,test,custom/wujia_portal_base/tests/test_g3b_home_pc.py,115,Thông báo mới nhất
wujia_portal_base,team,test,custom/wujia_portal_base/tests/test_g3b_home_pc.py,235,^\d+ đơn chưa giao$
wujia_portal_base,team,test,custom/wujia_portal_base/tests/test_g3b_home_pc.py,236,Chưa có đơn hàng
wujia_portal_base,team,test,custom/wujia_portal_base/tests/test_g3b_home_pc.py,236,Chưa có yêu cầu đổi trả
wujia_portal_base,team,test,custom/wujia_portal_base/tests/test_g3b_home_pc.py,237,Chưa có chuyến giao sắp tới
wujia_portal_base,team,test,custom/wujia_portal_base/tests/test_g3b_home_pc.py,244,Địa
wujia_portal_base,team,test,custom/wujia_portal_base/tests/test_g3b_home_pc.py,244,Điện
wujia_portal_base,team,test,custom/wujia_portal_base/tests/test_g3b_home_pc.py,244,Người
wujia_portal_base,team,test,custom/wujia_portal_base/tests/test_g3b_home_pc.py,90,một dòng mẫu trong t-foreach
wujia_portal_base,team,test,custom/wujia_portal_base/tests/test_g3b_home_pc.py,229,Xem tất cả
wujia_portal_base,team,test,custom/wujia_portal_base/tests/test_scan_g1_density.py,34,bám --wujia-mnav-height (thiếu safe area):
wujia_portal_base,team,test,custom/wujia_portal_base/tests/test_scan_g1_density.py,43,neo cứng 83px:
wujia_portal_base,team,test,custom/wujia_portal_base/tests/test_g3a_home_pc.py,24,Đơn hàng
wujia_portal_base,team,test,custom/wujia_portal_base/tests/test_g3a_home_pc.py,24,Thông báo
wujia_portal_base,team,test,custom/wujia_portal_base/tests/test_g3a_home_pc.py,24,Đổi trả
wujia_portal_base,team,test,custom/wujia_portal_base/tests/test_g3a_home_pc.py,24,Công nợ
wujia_portal_base,team,test,custom/wujia_portal_base/tests/test_g3a_home_pc.py,53,khối PC phải có đúng một vỏ .wujia-home-pc
wujia_portal_base,team,test,custom/wujia_portal_base/tests/test_g3a_home_pc.py,91,Đơn chờ xử lý
wujia_portal_base,team,test,custom/wujia_portal_base/tests/test_g3a_home_pc.py,92,Sản phẩm mua nhiều nhất
wujia_portal_base,team,test,custom/wujia_portal_base/tests/test_g3a_home_pc.py,99,Hành động nhanh
wujia_portal_base,team,test,custom/wujia_portal_base/tests/test_g3a_home_pc.py,99,Thao tác nhanh
wujia_portal_base,team,test,custom/wujia_portal_base/tests/test_g3a_home_pc.py,195,Cửa hàng hiện tại
wujia_portal_base,team,test,custom/wujia_portal_base/tests/test_g3a_home_pc.py,197,Quản lý
wujia_portal_base,team,test,custom/wujia_portal_base/tests/test_g3a_home_pc.py,219,Sản phẩm mua nhiều nhất
wujia_portal_base,team,test,custom/wujia_portal_base/tests/test_g3a_home_pc.py,202,Đang mở
wujia_portal_base,team,test,custom/wujia_portal_base/tests/test_g3a_home_pc.py,202,Có thể đặt hàng đến 17:00 hôm nay
wujia_portal_base,team,test,custom/wujia_portal_base/tests/test_g3a_home_pc.py,203,Đã đóng
wujia_portal_base,team,test,custom/wujia_portal_base/tests/test_g3a_home_pc.py,203,Mở lại lúc 08:00
wujia_portal_base,team,test,custom/wujia_portal_base/tests/test_g3a_home_pc.py,204,Đặt hàng 24/7
wujia_portal_base,team,test,custom/wujia_portal_base/tests/test_g3a_home_pc.py,204,Đặt hàng mọi lúc trong ngày
wujia_portal_base,team,test,custom/wujia_portal_base/tests/test_f5_nav_item.py,23,"<t t-set=""ni_label"">Trang chủ</t>"
wujia_portal_base,team,test,custom/wujia_portal_base/tests/common.py,17,chưa cài
wujia_portal_base,team,test,custom/wujia_portal_base/tests/test_scan_e4_filter_bar.py,381,màn Thi mobile chưa gọi wj_filter_bar
wujia_portal_base,team,test,custom/wujia_portal_base/tests/test_scan_e4_filter_bar.py,384,thiếu ô ngày
wujia_portal_base,team,test,custom/wujia_portal_base/tests/test_scan_e4_filter_bar.py,387,còn sót khối dựng tay
wujia_portal_base,team,test,custom/wujia_portal_base/tests/test_scan_e4_filter_bar.py,406,'Từ ngày không được lớn hơn
wujia_portal_base,team,test,custom/wujia_portal_base/tests/test_scan_e4_filter_bar.py,87,: còn form tự dựng
wujia_portal_base,team,test,custom/wujia_portal_base/tests/test_scan_e4_filter_bar.py,163,%s: thanh lọc PC chưa gọi wj_filter_bar
wujia_portal_base,team,test,custom/wujia_portal_base/tests/test_scan_e4_filter_bar.py,169,%s: bộ điều kiện lọc lệch
wujia_portal_base,team,test,custom/wujia_portal_base/tests/test_scan_e4_filter_bar.py,203,%s: thiếu wj-pc-filterbar--dense
wujia_portal_base,team,test,custom/wujia_portal_base/tests/test_scan_e4_filter_bar.py,225,%s bị xoá hẳn — màn Khảo sát sẽ gãy ngầm
wujia_portal_base,team,test,custom/wujia_portal_base/tests/test_scan_e4_filter_bar.py,277,%s: thanh lọc mobile chưa gọi wj_filter_bar
wujia_portal_base,team,test,custom/wujia_portal_base/tests/test_scan_e4_filter_bar.py,284,%s: bộ điều kiện lọc mobile lệch
wujia_portal_base,team,test,custom/wujia_portal_base/tests/test_scan_e4_filter_bar.py,302,%s: chip không còn đi qua slot fb_chips
wujia_portal_base,team,test,custom/wujia_portal_base/tests/test_scan_e4_filter_bar.py,319,%s: thiếu slot %s
wujia_portal_base,team,test,custom/wujia_portal_base/tests/test_scan_e4_filter_bar.py,322,%s: slot %s không gọi part %s
wujia_portal_base,team,test,custom/wujia_portal_base/tests/test_scan_e4_filter_bar.py,329,%s: đặt lại kẹp ngày
wujia_portal_base,team,test,custom/wujia_portal_base/tests/test_scan_e4_filter_bar.py,347,"%s: đè nhãn nút, phải dùng mặc định ""Tìm kiếm"""
wujia_portal_base,team,test,custom/wujia_portal_base/tests/test_scan_e4_filter_bar.py,405,%s: không dùng nguồn chung
wujia_portal_base,team,test,custom/wujia_portal_base/tests/test_scan_e4_filter_bar.py,407,%s: còn câu chữ riêng
wujia_portal_base,team,test,custom/wujia_portal_base/tests/test_scan_e4_filter_bar.py,414,%s: thiếu ô báo lỗi chuẩn
wujia_portal_base,team,test,custom/wujia_portal_base/tests/test_scan_e4_filter_bar.py,416,%s: ô lỗi không luôn hiện diện
wujia_portal_base,team,test,custom/wujia_portal_base/tests/test_scan_e4_filter_bar.py,419,%s: thiếu slot fb_error cho một trong hai khổ
wujia_portal_base,team,test,custom/wujia_portal_base/tests/test_scan_e4_filter_bar.py,426,%s: không tìm thấy wjl_slots
wujia_portal_base,team,test,custom/wujia_portal_base/tests/test_scan_e4_filter_bar.py,442,%s: không thấy template fragment
wujia_portal_base,team,test,custom/wujia_portal_base/tests/test_scan_e4_filter_bar.py,100,: còn inline style trong thanh lọc
wujia_portal_base,team,test,custom/wujia_portal_base/tests/test_scan_e4_filter_bar.py,178,%s: còn thanh lọc Bootstrap
wujia_portal_base,team,test,custom/wujia_portal_base/tests/test_scan_e4_filter_bar.py,180,%s: còn thanh lọc PC tự dựng
wujia_portal_base,team,test,custom/wujia_portal_base/tests/test_scan_e4_filter_bar.py,186,%s: còn họ class %s
wujia_portal_base,team,test,custom/wujia_portal_base/tests/test_scan_e4_filter_bar.py,194,"%s: đè nhãn %s, phải dùng mặc định"
wujia_portal_base,team,test,custom/wujia_portal_base/tests/test_scan_e4_filter_bar.py,292,%s: còn thanh lọc mobile tự dựng
wujia_portal_base,team,test,custom/wujia_portal_base/tests/test_scan_e4_filter_bar.py,294,%s: còn thanh lọc mobile tự dựng
wujia_portal_base,team,test,custom/wujia_portal_base/tests/test_scan_e4_filter_bar.py,305,%s: mất id %s ⇒ mất AJAX
wujia_portal_base,team,test,custom/wujia_portal_base/tests/test_scan_e4_filter_bar.py,429,%s: %s ngoài wjl_slots
wujia_portal_base,team,test,custom/wujia_portal_base/tests/test_scan_e4_filter_bar.py,447,%s: fragment thiếu %s
wujia_portal_base,team,test,custom/wujia_portal_base/tests/test_scan_e4_filter_bar.py,222,"%s còn rule toàn cục, phải nằm dưới .wj-inspection-pc"
wujia_portal_base,team,test,custom/wujia_portal_base/tests/test_scan_e2b_status_badge.py,25,Chưa đọc
wujia_portal_base,team,test,custom/wujia_portal_base/tests/test_scan_e2b_status_badge.py,25,Đã đọc
wujia_portal_base,team,test,custom/wujia_portal_base/tests/test_scan_e2b_status_badge.py,25,Đã hết hiệu lực
wujia_portal_base,team,test,custom/wujia_portal_base/tests/test_scan_e2b_status_badge.py,26,Chờ duyệt
wujia_portal_base,team,test,custom/wujia_portal_base/tests/test_scan_e2b_status_badge.py,26,Đã đăng ký
wujia_portal_base,team,test,custom/wujia_portal_base/tests/test_scan_e2b_status_badge.py,26,Đã công bố
wujia_portal_base,team,test,custom/wujia_portal_base/tests/test_scan_e2b_status_badge.py,27,Chưa công bố
wujia_portal_base,team,test,custom/wujia_portal_base/tests/test_scan_e2b_status_badge.py,27,Chưa có
wujia_portal_base,team,test,custom/wujia_portal_base/tests/test_scan_e2b_status_badge.py,27,Không áp dụng
wujia_portal_base,team,test,custom/wujia_portal_base/tests/test_scan_e2b_status_badge.py,28,Có kết quả
wujia_portal_base,team,test,custom/wujia_portal_base/tests/test_scan_e2b_status_badge.py,28,Chưa có kết quả
wujia_portal_base,team,test,custom/wujia_portal_base/tests/test_scan_e2b_status_badge.py,28,Hết chỗ
wujia_portal_base,team,test,custom/wujia_portal_base/tests/test_scan_e2b_status_badge.py,29,Còn lịch
wujia_portal_base,team,test,custom/wujia_portal_base/tests/test_scan_e2b_status_badge.py,29,Đã lên đơn bù
wujia_portal_base,team,test,custom/wujia_portal_base/tests/test_scan_e2b_status_badge.py,29,Đang bù một phần
wujia_portal_base,team,test,custom/wujia_portal_base/tests/test_scan_e2b_status_badge.py,30,Chưa xử lý
wujia_portal_base,team,test,custom/wujia_portal_base/tests/test_scan_e2b_status_badge.py,30,Đã bù đủ
wujia_portal_base,team,test,custom/wujia_portal_base/tests/test_scan_e2b_status_badge.py,31,Có quá hạn
wujia_portal_base,team,test,custom/wujia_portal_base/tests/test_scan_e2b_status_badge.py,31,Quá hạn
wujia_portal_base,team,test,custom/wujia_portal_base/tests/test_scan_e2b_status_badge.py,31,Chưa thanh toán
wujia_portal_base,team,test,custom/wujia_portal_base/tests/test_scan_e2b_status_badge.py,32,Thanh toán một phần
wujia_portal_base,team,test,custom/wujia_portal_base/tests/test_scan_e2b_status_badge.py,32,Một phần
wujia_portal_base,team,test,custom/wujia_portal_base/tests/test_scan_e2b_status_badge.py,33,Đã thanh toán
wujia_portal_base,team,test,custom/wujia_portal_base/tests/test_scan_e2b_status_badge.py,33,Dư có
wujia_portal_base,team,test,custom/wujia_portal_base/tests/test_scan_e2b_status_badge.py,33,Giấy báo có
wujia_portal_base,team,test,custom/wujia_portal_base/tests/test_scan_e2b_status_badge.py,34,Cần bổ sung
wujia_portal_base,team,test,custom/wujia_portal_base/tests/test_scan_e2b_status_badge.py,34,Chờ phản hồi
wujia_portal_base,team,test,custom/wujia_portal_base/tests/test_scan_e2b_status_badge.py,34,Có phản hồi
wujia_portal_base,team,test,custom/wujia_portal_base/tests/test_scan_e2b_status_badge.py,120,họ badge trợ giúp lẽ ra đã bị xoá
wujia_portal_base,team,test,custom/wujia_portal_base/tests/test_scan_e2b_status_badge.py,134,chip ưu tiên phải giữ nguyên hệ cũ
wujia_portal_base,team,test,custom/wujia_portal_base/tests/test_scan_e2b_status_badge.py,135,loại thông báo là CategoryBadge
wujia_portal_base,team,test,custom/wujia_portal_base/tests/test_scan_e2b_status_badge.py,136,badge đếm chưa đọc là CountBadge
wujia_portal_base,team,test,custom/wujia_portal_base/tests/test_scan_e2b_status_badge.py,138,phương án xử lý là CategoryBadge
wujia_portal_base,team,test,custom/wujia_portal_base/tests/test_scan_e2b_status_badge.py,163,thiếu rule tắt ellipsis cho ô trạng thái
wujia_portal_base,team,test,custom/wujia_portal_base/tests/test_scan_e2b_status_badge.py,70,%s phải là %s theo bậc BA
wujia_portal_base,team,test,custom/wujia_portal_base/tests/test_scan_e2b_status_badge.py,129,%s lệch số call site component
wujia_portal_base,team,test,custom/wujia_portal_base/tests/test_scan_e2b_status_badge.py,148,không tìm thấy rule %s
wujia_portal_base,team,test,custom/wujia_portal_base/tests/test_scan_e2b_status_badge.py,150,%s để stretch ⇒ chip bị kéo cao theo badge
wujia_portal_base,team,test,custom/wujia_portal_base/tests/test_scan_e2b_status_badge.py,155,không tìm thấy rule %s
wujia_portal_base,team,test,custom/wujia_portal_base/tests/test_scan_e2b_status_badge.py,157,%s để stretch ⇒ chip ngoài phạm vi bị kéo cao theo badge
wujia_portal_base,team,test,custom/wujia_portal_base/tests/test_scan_e2b_status_badge.py,103,%s/%s thiếu nhãn
wujia_portal_base,team,test,custom/wujia_portal_base/tests/test_scan_e2b_status_badge.py,104,%s/%s còn class cũ: %s
wujia_portal_base,team,test,custom/wujia_portal_base/tests/test_home_c7.py,56,Đơn hàng gần đây
wujia_portal_base,team,test,custom/wujia_portal_base/tests/test_home_c7.py,57,Bài viết / Kiến thức mới
wujia_portal_base,team,test,custom/wujia_portal_base/tests/test_fra3_layer_guard.py,22,method của module khung giờ chưa nạp
wujia_portal_base,team,test,custom/wujia_portal_base/tests/test_fra3_layer_guard.py,50,Home phải sống khi wujia_order_window tắt — xem guard hasattr trong _order_window_view
wujia_portal_base,team,test,custom/wujia_portal_base/tests/test_scan_e3_pagination.py,129,mặc định rơi ngoài ô chọn
wujia_portal_base,team,test,custom/wujia_portal_base/tests/test_scan_e3_pagination.py,131,bậc Kiến thức phải là bội của 12 cho lưới 3 cột
wujia_portal_base,team,test,custom/wujia_portal_base/tests/test_scan_e3_pagination.py,166,dòng đếm vẫn theo trang
wujia_portal_base,team,test,custom/wujia_portal_base/tests/test_scan_e3_pagination.py,170,chân bảng thành viên không gọi component
wujia_portal_base,team,test,custom/wujia_portal_base/tests/test_scan_e3_pagination.py,216,mặc định rơi ngoài ô chọn
wujia_portal_base,team,test,custom/wujia_portal_base/tests/test_scan_e3_pagination.py,244,mất dòng tổng của kỳ lọc
wujia_portal_base,team,test,custom/wujia_portal_base/tests/test_scan_e3_pagination.py,247,dòng tổng bị kéo vào trong pager ⇒ 1 trang là mất
wujia_portal_base,team,test,custom/wujia_portal_base/tests/test_scan_e3_pagination.py,100,%s: số call site pager đổi
wujia_portal_base,team,test,custom/wujia_portal_base/tests/test_scan_e3_pagination.py,115,rác: %r
wujia_portal_base,team,test,custom/wujia_portal_base/tests/test_scan_e3_pagination.py,152,%s: còn tự nối link trang
wujia_portal_base,team,test,custom/wujia_portal_base/tests/test_scan_e3_pagination.py,153,%s: còn pager dict cũ
wujia_portal_base,team,test,custom/wujia_portal_base/tests/test_scan_e3_pagination.py,234,%s: không thấy khối mobile
wujia_portal_base,team,test,custom/wujia_portal_base/tests/test_scan_e3_pagination.py,237,%s: khối mobile vẫn không có pager
wujia_portal_base,team,test,custom/wujia_portal_base/tests/test_scan_e3_pagination.py,257,%s: còn tự nối link trang
wujia_portal_base,team,test,custom/wujia_portal_base/tests/test_scan_e3_pagination.py,258,%s: còn pager dict cũ
wujia_portal_base,team,test,custom/wujia_portal_base/tests/test_scan_e3_pagination.py,259,%s: còn biến querystring
wujia_portal_base,team,test,custom/wujia_portal_base/tests/test_scan_e3_pagination.py,264,%s: còn pager tự chế
wujia_portal_base,team,test,custom/wujia_portal_base/tests/test_scan_e3_pagination.py,265,%s: không đi qua nguồn chung
wujia_portal_base,team,test,custom/wujia_portal_base/tests/test_scan_e3_pagination.py,106,%s còn họ cũ %s
wujia_portal_base,team,test,custom/wujia_portal_base/tests/test_scan_e3_pagination.py,208,%s: còn khai dáng cho họ cũ %s
wujia_portal_base,team,test,custom/wujia_portal_base/tests/test_scan_d5_data_list.py,69,phải đủ 5 khối preview record Home PC
wujia_portal_base,team,test,custom/wujia_portal_base/tests/test_scan_d5_data_list.py,96,quét hụt rule .wj-pc-table
wujia_portal_base,team,test,custom/wujia_portal_base/tests/test_scan_d5_data_list.py,155,thiếu rule hover nâng độ đặc hiệu cho bảng noti
wujia_portal_base,team,test,custom/wujia_portal_base/tests/test_scan_d5_data_list.py,222,không còn rule nào của lớp cũ — sai phép đo
wujia_portal_base,team,test,custom/wujia_portal_base/tests/test_scan_d5_data_list.py,235,không tìm thấy rule item ở tầng gốc
wujia_portal_base,team,test,custom/wujia_portal_base/tests/test_scan_d5_data_list.py,241,thiếu rule gap giữa hai item
wujia_portal_base,team,test,custom/wujia_portal_base/tests/test_scan_d5_data_list.py,251,pager phải nằm trong dl_pager
wujia_portal_base,team,test,custom/wujia_portal_base/tests/test_scan_d5_data_list.py,255,còn pager cũ nằm ngoài DataList
wujia_portal_base,team,test,custom/wujia_portal_base/tests/test_scan_d5_data_list.py,278,Pagination phải NGOÀI DataViewport
wujia_portal_base,team,test,custom/wujia_portal_base/tests/test_scan_d5_data_list.py,318,D5e còn 5 call site Home (3 màn kia sang E5)
wujia_portal_base,team,test,custom/wujia_portal_base/tests/test_scan_d5_data_list.py,335,số khối is-stacked đổi
wujia_portal_base,team,test,custom/wujia_portal_base/tests/test_scan_d5_data_list.py,349,số hàng mdash ngoài phạm vi đổi
wujia_portal_base,team,test,custom/wujia_portal_base/tests/test_scan_d5_data_list.py,382,dáng chung không được mang layout
wujia_portal_base,team,test,custom/wujia_portal_base/tests/test_scan_d5_data_list.py,389,D5d mất rule layout lưới 4 cột
wujia_portal_base,team,test,custom/wujia_portal_base/tests/test_scan_d5_data_list.py,397,thiếu rule layout mdash
wujia_portal_base,team,test,custom/wujia_portal_base/tests/test_scan_d5_data_list.py,432,D5f còn 1 call site record (Giao hàng sang E5)
wujia_portal_base,team,test,custom/wujia_portal_base/tests/test_scan_d5_data_list.py,436,không tìm thấy rule dáng detail-card ở tầng gốc
wujia_portal_base,team,test,custom/wujia_portal_base/tests/test_scan_d5_data_list.py,442,thiếu rule gap giữa hai item
wujia_portal_base,team,test,custom/wujia_portal_base/tests/test_scan_d5_data_list.py,450,khối skeleton phải đi qua DataList
wujia_portal_base,team,test,custom/wujia_portal_base/tests/test_scan_d5_data_list.py,452,skeleton không còn là 3 hàng giả
wujia_portal_base,team,test,custom/wujia_portal_base/tests/test_scan_d5_data_list.py,454,skeleton lệch dáng với hàng thật
wujia_portal_base,team,test,custom/wujia_portal_base/tests/test_scan_d5_data_list.py,493,bảng PC yêu cầu cập nhật thông tin
wujia_portal_base,team,test,custom/wujia_portal_base/tests/test_scan_d5_data_list.py,496,bảng PC thành viên cửa hàng
wujia_portal_base,team,test,custom/wujia_portal_base/tests/test_scan_d5_data_list.py,500,danh sách thành viên mobile
wujia_portal_base,team,test,custom/wujia_portal_base/tests/test_scan_d5_data_list.py,513,số cột 2 bảng kề cận đổi (8 + 4)
wujia_portal_base,team,test,custom/wujia_portal_base/tests/test_scan_d5_data_list.py,527,phải đúng 1 item mẫu
wujia_portal_base,team,test,custom/wujia_portal_base/tests/test_scan_d5_data_list.py,541,phân trang thành viên phải có ở cả bảng PC lẫn danh sách mobile
wujia_portal_base,team,test,custom/wujia_portal_base/tests/test_scan_d5_data_list.py,548,mất pager của info-request
wujia_portal_base,team,test,custom/wujia_portal_base/tests/test_scan_d5_data_list.py,536,nút trang cứng đã quay lại màn thông tin cửa hàng
wujia_portal_base,team,test,custom/wujia_portal_base/tests/test_scan_d5_data_list.py,538,khối pager giả đã quay lại màn thông tin cửa hàng
wujia_portal_base,team,test,custom/wujia_portal_base/tests/test_scan_d5_data_list.py,552,"pager đã bị kéo vào DataList — đổi bố cục, ngoài phạm vi lượt"
wujia_portal_base,team,test,custom/wujia_portal_base/tests/test_scan_d5_data_list.py,41,%s: phải có đúng 1 DataList dạng bảng
wujia_portal_base,team,test,custom/wujia_portal_base/tests/test_scan_d5_data_list.py,43,%s: số cột đổi
wujia_portal_base,team,test,custom/wujia_portal_base/tests/test_scan_d5_data_list.py,46,%s: th thiếu scope
wujia_portal_base,team,test,custom/wujia_portal_base/tests/test_scan_d5_data_list.py,55,%s: pager cũ quay lại
wujia_portal_base,team,test,custom/wujia_portal_base/tests/test_scan_d5_data_list.py,117,%s: khối pager cũ quay lại
wujia_portal_base,team,test,custom/wujia_portal_base/tests/test_scan_d5_data_list.py,120,%s: mất pager PC
wujia_portal_base,team,test,custom/wujia_portal_base/tests/test_scan_d5_data_list.py,196,%s: số call site compact-row đổi
wujia_portal_base,team,test,custom/wujia_portal_base/tests/test_scan_d5_data_list.py,316,%s: số call site mobile đổi
wujia_portal_base,team,test,custom/wujia_portal_base/tests/test_scan_d5_data_list.py,386,thiếu rule layout: %s
wujia_portal_base,team,test,custom/wujia_portal_base/tests/test_scan_d5_data_list.py,401,layout giành lại dáng (%s)
wujia_portal_base,team,test,custom/wujia_portal_base/tests/test_scan_d5_data_list.py,430,%s: mất call site detail-card
wujia_portal_base,team,test,custom/wujia_portal_base/tests/test_scan_d5_data_list.py,461,%s: pager mobile cũ quay lại
wujia_portal_base,team,test,custom/wujia_portal_base/tests/test_scan_d5_data_list.py,464,%s: mất pager mobile
wujia_portal_base,team,test,custom/wujia_portal_base/tests/test_scan_d5_data_list.py,525,hàng thành viên mobile thiếu ruột ListCard
wujia_portal_base,team,test,custom/wujia_portal_base/tests/test_scan_d5_data_list.py,59,%s: nút trang cũ quay lại
wujia_portal_base,team,test,custom/wujia_portal_base/tests/test_scan_d5_data_list.py,95,rule cũ còn chạm bảng đã migrate: %s
wujia_portal_base,team,test,custom/wujia_portal_base/tests/test_scan_d5_data_list.py,199,%s: mất container danh sách
wujia_portal_base,team,test,custom/wujia_portal_base/tests/test_scan_d5_data_list.py,207,%s: mỗi danh sách đúng 1 item mẫu
wujia_portal_base,team,test,custom/wujia_portal_base/tests/test_scan_d5_data_list.py,209,%s: item thiếu wj-data-item
wujia_portal_base,team,test,custom/wujia_portal_base/tests/test_scan_d5_data_list.py,326,%s: mỗi danh sách đúng 1 item mẫu
wujia_portal_base,team,test,custom/wujia_portal_base/tests/test_scan_d5_data_list.py,328,%s: item thiếu wj-data-item
wujia_portal_base,team,test,custom/wujia_portal_base/tests/test_scan_d5_data_list.py,360,không còn rule nào của %s — sai phép đo
wujia_portal_base,team,test,custom/wujia_portal_base/tests/test_scan_d5_data_list.py,508,%s: bảng mất thead
wujia_portal_base,team,test,custom/wujia_portal_base/tests/test_scan_d5_data_list.py,212,%s: item mất lớp cũ (CSS con bullet/content/date đứt)
wujia_portal_base,team,test,custom/wujia_portal_base/tests/test_scan_d5_data_list.py,215,%s: item đã migrate phải mang ruột ListCard
wujia_portal_base,team,test,custom/wujia_portal_base/tests/test_scan_d5_data_list.py,231,rule cũ còn chạm item đã migrate: %s
wujia_portal_base,team,test,custom/wujia_portal_base/tests/test_scan_d5_data_list.py,511,"%s: th thiếu scope=""col"""
wujia_portal_base,team,test,custom/wujia_portal_base/tests/test_scan_d5_data_list.py,372,rule cũ còn chạm item đã migrate: %s
wujia_portal_base,team,test,custom/wujia_portal_base/tests/test_scan_e7_page_container.py,147,vỏ route tự khai lề ngang (lề thuộc PageContainer):
wujia_portal_base,team,test,custom/wujia_portal_base/tests/test_scan_e7_page_container.py,167,vỏ route gắn class lề ngang:
wujia_portal_base,team,test,custom/wujia_portal_base/tests/test_scan_e7_page_container.py,180,module khác đè lề ngang PageHeader:
wujia_portal_base,team,test,custom/wujia_portal_base/tests/test_scan_e7_page_container.py,189,đáy trang phải thuộc PageContainer:
wujia_portal_base,team,test,custom/wujia_portal_base/tests/test_scan_e7_page_container.py,194,%s/%s: không thấy %s
wujia_portal_base,team,test,custom/wujia_portal_base/tests/test_scan_e7_page_container.py,221,bật list ngoài sổ LC-08: %s
wujia_portal_base,team,test,custom/wujia_portal_base/tests/test_scan_e7_page_container.py,253,pc_width ngoài sổ: %s
wujia_portal_base,team,test,custom/wujia_portal_base/tests/test_scan_e7_page_container.py,260,màn danh sách dùng narrow: %s
wujia_portal_base,team,test,custom/wujia_portal_base/tests/test_scan_e7_page_container.py,271,bề rộng trang thuộc PageContainer (pc_width):
wujia_portal_base,team,test,custom/wujia_portal_base/tests/test_scan_e7_page_container.py,284,route tự chừa đáy:
wujia_portal_base,team,test,custom/wujia_portal_base/tests/test_scan_e7_page_container.py,205,"%s thiếu pc_gutter=list (lề mobile 12, LC-08)"
wujia_portal_base,team,test,custom/wujia_portal_base/tests/test_scan_e7_page_container.py,246,%s phải đặt pc_width=%s (mapping BA dòng 38)
wujia_portal_base,team,test,custom/wujia_portal_base/tests/test_scan_d3_card_header.py,185,"card ""Cửa hàng nhượng quyền"" phải còn nguyên"
wujia_portal_base,team,test,custom/wujia_portal_base/tests/test_scan_d3_card_header.py,353,không tìm thấy rule .wj-exam-pc-sumlist
wujia_portal_base,team,test,custom/wujia_portal_base/tests/test_scan_d3_card_header.py,120,view này phải là markup dùng chung
wujia_portal_base,team,test,custom/wujia_portal_base/tests/test_scan_d3_card_header.py,137,view phải có slot count
wujia_portal_base,team,test,custom/wujia_portal_base/tests/test_f5_menu_ownership.py,22,Trang chủ
wujia_portal_base,team,test,custom/wujia_portal_base/tests/test_f5_menu_ownership.py,23,Đặt hàng
wujia_portal_base,team,test,custom/wujia_portal_base/tests/test_f5_menu_ownership.py,24,Giao hàng
wujia_portal_base,team,test,custom/wujia_portal_base/tests/test_f5_menu_ownership.py,25,Lịch sử đặt hàng
wujia_portal_base,team,test,custom/wujia_portal_base/tests/test_f5_menu_ownership.py,26,Công nợ & thanh toán
wujia_portal_base,team,test,custom/wujia_portal_base/tests/test_f5_menu_ownership.py,27,Đổi trả / Bù hàng
wujia_portal_base,team,test,custom/wujia_portal_base/tests/test_f5_menu_ownership.py,28,Đăng ký thi
wujia_portal_base,team,test,custom/wujia_portal_base/tests/test_f5_menu_ownership.py,29,Kiến thức
wujia_portal_base,team,test,custom/wujia_portal_base/tests/test_f5_menu_ownership.py,30,Hỗ trợ
wujia_portal_base,team,test,custom/wujia_portal_base/tests/test_f5_menu_ownership.py,31,Báo cáo
wujia_portal_base,team,test,custom/wujia_portal_base/tests/test_f5_menu_ownership.py,33,Khảo sát
wujia_portal_base,team,test,custom/wujia_portal_base/tests/test_f5_menu_ownership.py,101,không thấy sidebar ở
wujia_portal_base,team,test,custom/wujia_portal_base/tests/test_f5_menu_ownership.py,111,Chức năng chính
wujia_portal_base,team,test,custom/wujia_portal_base/tests/test_f5_menu_ownership.py,111,Tài chính & xử lý
wujia_portal_base,team,test,custom/wujia_portal_base/tests/test_f5_menu_ownership.py,111,Hỗ trợ vận hành
wujia_portal_base,team,test,custom/wujia_portal_base/tests/test_f5_menu_ownership.py,144,phải do
wujia_portal_base,team,test,custom/wujia_portal_base/tests/test_f5_menu_ownership.py,144,"khai, đang thấy"
wujia_portal_base,team,test,custom/wujia_portal_base/tests/test_mobile_rhythm.py,92,không tìm thấy khối :root mobile
wujia_portal_base,team,test,custom/wujia_portal_base/tests/test_mobile_rhythm.py,112,gap trang mobile phải do ĐÚNG MỘT rule cấp
wujia_portal_base,team,test,custom/wujia_portal_base/tests/test_mobile_rhythm.py,114,gap phải lấy từ token
wujia_portal_base,team,test,custom/wujia_portal_base/tests/test_mobile_rhythm.py,155,không tìm thấy khối :root mobile
wujia_portal_base,team,test,custom/wujia_portal_base/tests/test_mobile_rhythm.py,157,"gutter danh sách mobile phải là 12 (LC-08, BA Q2)"
wujia_portal_base,team,test,custom/wujia_portal_base/tests/test_mobile_rhythm.py,166,không tìm thấy khối mobile của _wujia_theme.css
wujia_portal_base,team,test,custom/wujia_portal_base/tests/test_mobile_rhythm.py,171,lề danh sách mobile phải về container qua token
wujia_portal_base,team,test,custom/wujia_portal_base/tests/test_mobile_rhythm.py,132,trang mobile tự khai khoảng cách riêng:
wujia_portal_base,team,test,custom/wujia_portal_base/tests/test_mobile_rhythm.py,145,còn rule bù trừ âm cho PageHeader:
wujia_portal_base,team,test,custom/wujia_portal_base/tests/test_mobile_rhythm.py,169,khối mobile còn trả lề ngang cho content-wrapper: %s
wujia_portal_base,team,test,custom/wujia_portal_base/tests/test_mobile_rhythm.py,187,trang mobile tự gõ số lề ngang:
wujia_portal_base,team,test,custom/wujia_portal_base/tests/test_mobile_rhythm.py,96,"%s phải khai trong khối mobile, không rải ra ngoài"
wujia_portal_base,team,test,custom/wujia_portal_base/tests/test_mobile_rhythm.py,116,%s chưa nằm trong rule nhịp chung
wujia_portal_base,team,test,custom/wujia_portal_base/tests/test_scan_e6_button.py,217,không gom được class đi kèm atom — test rỗng
wujia_portal_base,team,test,custom/wujia_portal_base/tests/test_scan_e6_button.py,230,Khảo sát hết dùng .wj-pc-btn ⇒ gỡ LIMIT và xoá họ cũ
wujia_portal_base,team,test,custom/wujia_portal_base/tests/test_scan_e6_button.py,321,"portal_templates.xml dùng khung Odoo gốc, atom sẽ không có dáng"
wujia_portal_base,team,test,custom/wujia_portal_base/tests/test_scan_e6_button.py,449,họ disabled cũ còn sống song song .is-disabled của atom
wujia_portal_base,team,test,custom/wujia_portal_base/tests/test_scan_e6_button.py,178,module giành dáng của atom:
wujia_portal_base,team,test,custom/wujia_portal_base/tests/test_scan_e6_button.py,218,class đi kèm atom giành dáng:
wujia_portal_base,team,test,custom/wujia_portal_base/tests/test_scan_e6_button.py,466,template auth đã được nối controller: phải đo bằng trình duyệt rồi bỏ khỏi AUTH_CHET — %s
wujia_portal_base,team,test,custom/wujia_portal_base/tests/test_scan_e6_button.py,116,%s/%s: thiếu call site wj-btn
wujia_portal_base,team,test,custom/wujia_portal_base/tests/test_scan_e6_button.py,119,%s/%s: thiếu call site wj-iconbtn
wujia_portal_base,team,test,custom/wujia_portal_base/tests/test_scan_e6_button.py,281,%s: mất khối %s
wujia_portal_base,team,test,custom/wujia_portal_base/tests/test_scan_e6_button.py,285,"%s %s: khai chiều cao bằng số cứng, đổi FB-08 sẽ sót màn này"
wujia_portal_base,team,test,custom/wujia_portal_base/tests/test_scan_e6_button.py,288,%s %s: vẫn còn số cứng cạnh token
wujia_portal_base,team,test,custom/wujia_portal_base/tests/test_scan_e6_button.py,379,%s hết rule riêng ⇒ xem lại boundary
wujia_portal_base,team,test,custom/wujia_portal_base/tests/test_scan_e6_button.py,393,"%s: mất móc %s, JS không còn bắt được nút"
wujia_portal_base,team,test,custom/wujia_portal_base/tests/test_scan_e6_button.py,394,%s: JS không còn bắt %s
wujia_portal_base,team,test,custom/wujia_portal_base/tests/test_scan_e6_button.py,406,móc %s còn khai dáng: %s
wujia_portal_base,team,test,custom/wujia_portal_base/tests/test_scan_e6_button.py,413,"ghost mất trạng thái %s, nút xóa giỏ không còn phản hồi"
wujia_portal_base,team,test,custom/wujia_portal_base/tests/test_scan_e6_button.py,140,%s/%s: icon button thiếu aria-label (%s)
wujia_portal_base,team,test,custom/wujia_portal_base/tests/test_scan_e6_button.py,151,%s/%s: họ cũ %s còn trong view
wujia_portal_base,team,test,custom/wujia_portal_base/tests/test_scan_e6_button.py,153,%s: họ cũ %s còn rule CSS
wujia_portal_base,team,test,custom/wujia_portal_base/tests/test_scan_e6_button.py,303,%s: nút navbar bị kéo về atom
wujia_portal_base,team,test,custom/wujia_portal_base/tests/test_scan_e6_button.py,443,%s: %s giành dáng của atom (%s)
wujia_portal_base,team,test,custom/wujia_portal_base/tests/test_scan_e6_button.py,266,"%s: nút trong thanh lọc %s đã bị kéo về atom, mất 42/38 của FB-08"
wujia_portal_base,team,test,custom/wujia_portal_base/tests/test_scan_e6_button.py,369,%s: %s bị kéo về atom — mất dáng theo trạng thái giỏ
wujia_portal_base,team,test,custom/wujia_portal_base/tests/test_e8c_account_menu.py,18,Công nợ & thanh toán
wujia_portal_base,team,test,custom/wujia_portal_base/tests/test_e8c_account_menu.py,19,Đổi trả / Bù hàng
wujia_portal_base,team,test,custom/wujia_portal_base/tests/test_e8c_account_menu.py,20,Đăng ký thi
wujia_portal_base,team,test,custom/wujia_portal_base/tests/test_e8c_account_menu.py,21,Kiến thức
wujia_portal_base,team,test,custom/wujia_portal_base/tests/test_e8c_account_menu.py,22,Hỗ trợ
wujia_portal_base,team,test,custom/wujia_portal_base/tests/test_e8c_account_menu.py,23,Báo cáo
wujia_portal_base,team,test,custom/wujia_portal_base/tests/test_e8c_account_menu.py,138,Hồ sơ cửa hàng
wujia_portal_base,team,test,custom/wujia_portal_base/tests/test_e8c_account_menu.py,99,Chủ tiệm
wujia_portal_base,team,test,custom/wujia_portal_base/tests/test_e8c_account_menu.py,108,Đổi cửa hàng
wujia_portal_base,team,test,custom/wujia_portal_base/tests/test_e8c_account_menu.py,131,Hồ sơ cửa hàng
wujia_portal_base,team,test,custom/wujia_portal_base/tests/test_e8c_account_menu.py,135,Hồ sơ cửa hàng
wujia_portal_base,team,py_literal,custom/wujia_portal_base/models/wujia_franchise_member.py,6,Chủ tiệm
wujia_portal_base,team,py_literal,custom/wujia_portal_base/models/wujia_franchise_member.py,7,Quản lý
wujia_portal_base,team,py_literal,custom/wujia_portal_base/models/wujia_franchise_member.py,8,Nhân viên
wujia_portal_base,team,js_literal,custom/wujia_portal_base/static/src/js/franchise_realtime.js,6,Chủ tiệm
wujia_portal_base,team,js_literal,custom/wujia_portal_base/static/src/js/franchise_realtime.js,7,Quản lý
wujia_portal_base,team,js_literal,custom/wujia_portal_base/static/src/js/franchise_realtime.js,8,Nhân viên
wujia_portal_base,team,js_literal,custom/wujia_portal_base/static/src/js/franchise_realtime.js,54,"<span class=""badge text-bg-warning ms-1"">Chủ chính</span>"
wujia_portal_base,team,py_literal,custom/wujia_portal_base/controllers/portal.py,26,Nháp
wujia_portal_base,team,py_literal,custom/wujia_portal_base/controllers/portal.py,27,Đang hoạt động
wujia_portal_base,team,py_literal,custom/wujia_portal_base/controllers/portal.py,28,Khóa
wujia_portal_base,team,py_literal,custom/wujia_portal_base/controllers/portal.py,29,Đã đóng
wujia_portal_base,team,py_literal,custom/wujia_portal_base/controllers/portal.py,30,Hết hạn
wujia_portal_base,team,py_literal,custom/wujia_portal_base/controllers/portal.py,500,thành viên
wujia_portal_base,team,py_gettext,custom/wujia_portal_base/controllers/portal.py,174,Trang chủ - Portal
wujia_portal_base,team,py_gettext,custom/wujia_portal_base/controllers/portal.py,381,Hồ sơ cửa hàng
wujia_portal_base,team,py_gettext,custom/wujia_portal_base/controllers/portal.py,505,Hồ sơ cửa hàng
wujia_portal_base,team,py_gettext,custom/wujia_portal_base/controllers/portal.py,492,Hồ sơ cửa hàng
wujia_portal_base,team,py_literal,custom/wujia_portal_base/controllers/utils.py,86,Từ ngày không được lớn hơn Đến ngày
wujia_portal_base,team,py_literal,custom/wujia_portal_base/controllers/utils.py,590,Xuất phát (thực tế)
wujia_portal_base,team,py_literal,custom/wujia_portal_base/controllers/utils.py,591,Xuất phát (dự kiến)
wujia_portal_base,team,py_literal,custom/wujia_portal_base/controllers/utils.py,264,bản ghi
wujia_portal_base,team,py_literal,custom/wujia_portal_base/controllers/utils.py,446,Nháp
wujia_portal_base,team,py_literal,custom/wujia_portal_base/controllers/utils.py,446,Chưa bắt đầu
wujia_portal_base,team,py_literal,custom/wujia_portal_base/controllers/utils.py,446,Đã đóng
wujia_portal_base,team,py_literal,custom/wujia_portal_base/controllers/utils.py,447,Đã đọc
wujia_portal_base,team,py_literal,custom/wujia_portal_base/controllers/utils.py,447,Đã hết hiệu lực
wujia_portal_base,team,py_literal,custom/wujia_portal_base/controllers/utils.py,447,Chưa công bố
wujia_portal_base,team,py_literal,custom/wujia_portal_base/controllers/utils.py,448,Chưa có
wujia_portal_base,team,py_literal,custom/wujia_portal_base/controllers/utils.py,448,Không áp dụng
wujia_portal_base,team,py_literal,custom/wujia_portal_base/controllers/utils.py,450,Mới
wujia_portal_base,team,py_literal,custom/wujia_portal_base/controllers/utils.py,450,Đã xác nhận
wujia_portal_base,team,py_literal,custom/wujia_portal_base/controllers/utils.py,450,Đã đăng ký
wujia_portal_base,team,py_literal,custom/wujia_portal_base/controllers/utils.py,450,Chưa đọc
wujia_portal_base,team,py_literal,custom/wujia_portal_base/controllers/utils.py,451,Còn lịch
wujia_portal_base,team,py_literal,custom/wujia_portal_base/controllers/utils.py,451,Dư có
wujia_portal_base,team,py_literal,custom/wujia_portal_base/controllers/utils.py,451,Giấy báo có
wujia_portal_base,team,py_literal,custom/wujia_portal_base/controllers/utils.py,453,Chờ xác nhận
wujia_portal_base,team,py_literal,custom/wujia_portal_base/controllers/utils.py,453,Chờ xử lý
wujia_portal_base,team,py_literal,custom/wujia_portal_base/controllers/utils.py,453,Chưa xử lý
wujia_portal_base,team,py_literal,custom/wujia_portal_base/controllers/utils.py,454,Đã gửi
wujia_portal_base,team,py_literal,custom/wujia_portal_base/controllers/utils.py,454,Chờ duyệt
wujia_portal_base,team,py_literal,custom/wujia_portal_base/controllers/utils.py,454,Chờ kết quả
wujia_portal_base,team,py_literal,custom/wujia_portal_base/controllers/utils.py,455,Chưa có kết quả
wujia_portal_base,team,py_literal,custom/wujia_portal_base/controllers/utils.py,455,Hết chỗ
wujia_portal_base,team,py_literal,custom/wujia_portal_base/controllers/utils.py,455,Chưa thanh toán
wujia_portal_base,team,py_literal,custom/wujia_portal_base/controllers/utils.py,457,Chuẩn bị giao
wujia_portal_base,team,py_literal,custom/wujia_portal_base/controllers/utils.py,457,Sắp giao
wujia_portal_base,team,py_literal,custom/wujia_portal_base/controllers/utils.py,458,Đang xử lý
wujia_portal_base,team,py_literal,custom/wujia_portal_base/controllers/utils.py,458,Đang giao
wujia_portal_base,team,py_literal,custom/wujia_portal_base/controllers/utils.py,458,Đang xét
wujia_portal_base,team,py_literal,custom/wujia_portal_base/controllers/utils.py,459,Đã lên đơn bù
wujia_portal_base,team,py_literal,custom/wujia_portal_base/controllers/utils.py,459,Đang bù một phần
wujia_portal_base,team,py_literal,custom/wujia_portal_base/controllers/utils.py,460,Đang xem
wujia_portal_base,team,py_literal,custom/wujia_portal_base/controllers/utils.py,460,Thanh toán một phần
wujia_portal_base,team,py_literal,custom/wujia_portal_base/controllers/utils.py,460,Một phần
wujia_portal_base,team,py_literal,custom/wujia_portal_base/controllers/utils.py,462,Đã duyệt
wujia_portal_base,team,py_literal,custom/wujia_portal_base/controllers/utils.py,462,Đã giao
wujia_portal_base,team,py_literal,custom/wujia_portal_base/controllers/utils.py,462,Đã giao xong
wujia_portal_base,team,py_literal,custom/wujia_portal_base/controllers/utils.py,463,Hoàn tất
wujia_portal_base,team,py_literal,custom/wujia_portal_base/controllers/utils.py,463,Hoàn thành
wujia_portal_base,team,py_literal,custom/wujia_portal_base/controllers/utils.py,463,Đã bù đủ
wujia_portal_base,team,py_literal,custom/wujia_portal_base/controllers/utils.py,464,Đã giải quyết
wujia_portal_base,team,py_literal,custom/wujia_portal_base/controllers/utils.py,464,Đạt
wujia_portal_base,team,py_literal,custom/wujia_portal_base/controllers/utils.py,464,Đang hoạt động
wujia_portal_base,team,py_literal,custom/wujia_portal_base/controllers/utils.py,465,Đã công bố
wujia_portal_base,team,py_literal,custom/wujia_portal_base/controllers/utils.py,465,Có kết quả
wujia_portal_base,team,py_literal,custom/wujia_portal_base/controllers/utils.py,465,Đã thanh toán
wujia_portal_base,team,py_literal,custom/wujia_portal_base/controllers/utils.py,467,Từ chối
wujia_portal_base,team,py_literal,custom/wujia_portal_base/controllers/utils.py,467,Đã hủy
wujia_portal_base,team,py_literal,custom/wujia_portal_base/controllers/utils.py,467,Đã huỷ
wujia_portal_base,team,py_literal,custom/wujia_portal_base/controllers/utils.py,468,Hủy chuyến
wujia_portal_base,team,py_literal,custom/wujia_portal_base/controllers/utils.py,468,Quá hạn
wujia_portal_base,team,py_literal,custom/wujia_portal_base/controllers/utils.py,468,Không đạt
wujia_portal_base,team,py_literal,custom/wujia_portal_base/controllers/utils.py,469,Có quá hạn
wujia_portal_base,team,py_literal,custom/wujia_portal_base/controllers/utils.py,471,Có phản hồi
wujia_portal_base,team,py_literal,custom/wujia_portal_base/controllers/utils.py,471,Cần bổ sung
wujia_portal_base,team,py_literal,custom/wujia_portal_base/controllers/utils.py,471,Chờ phản hồi
wujia_portal_base,team,py_literal,custom/wujia_portal_base/controllers/utils.py,502,Đang xử lý
wujia_portal_base,team,py_literal,custom/wujia_portal_base/controllers/utils.py,569,Thứ 2
wujia_portal_base,team,py_literal,custom/wujia_portal_base/controllers/utils.py,569,Thứ 3
wujia_portal_base,team,py_literal,custom/wujia_portal_base/controllers/utils.py,569,Thứ 4
wujia_portal_base,team,py_literal,custom/wujia_portal_base/controllers/utils.py,569,Thứ 5
wujia_portal_base,team,py_literal,custom/wujia_portal_base/controllers/utils.py,570,Thứ 6
wujia_portal_base,team,py_literal,custom/wujia_portal_base/controllers/utils.py,570,Thứ 7
wujia_portal_base,team,py_literal,custom/wujia_portal_base/controllers/utils.py,498,Chờ xác nhận
wujia_portal_base,team,py_literal,custom/wujia_portal_base/controllers/utils.py,499,Đã gửi
wujia_portal_base,team,py_literal,custom/wujia_portal_base/controllers/utils.py,500,Đã xác nhận
wujia_portal_base,team,py_literal,custom/wujia_portal_base/controllers/utils.py,508,Đang giao
wujia_portal_base,team,py_literal,custom/wujia_portal_base/controllers/utils.py,509,Hoàn tất
wujia_portal_base,team,py_literal,custom/wujia_portal_base/controllers/utils.py,541,Chuẩn bị giao
wujia_portal_base,team,py_literal,custom/wujia_portal_base/controllers/utils.py,542,Chuẩn bị giao
wujia_portal_base,team,py_literal,custom/wujia_portal_base/controllers/utils.py,543,Chuẩn bị giao
wujia_portal_base,team,py_literal,custom/wujia_portal_base/controllers/utils.py,544,Đang giao
wujia_portal_base,team,py_literal,custom/wujia_portal_base/controllers/utils.py,545,Đã giao xong
wujia_portal_base,team,py_literal,custom/wujia_portal_base/controllers/utils.py,546,Hủy chuyến
wujia_portal_base,team,py_literal,custom/wujia_portal_base/controllers/utils.py,552,Nháp
wujia_portal_base,team,py_literal,custom/wujia_portal_base/controllers/utils.py,553,Đã gửi
wujia_portal_base,team,py_literal,custom/wujia_portal_base/controllers/utils.py,554,Đang xử lý
wujia_portal_base,team,py_literal,custom/wujia_portal_base/controllers/utils.py,555,Đã duyệt
wujia_portal_base,team,py_literal,custom/wujia_portal_base/controllers/utils.py,556,Đang bù một phần
wujia_portal_base,team,py_literal,custom/wujia_portal_base/controllers/utils.py,557,Hoàn tất
wujia_portal_base,team,py_literal,custom/wujia_portal_base/controllers/utils.py,558,Từ chối
wujia_portal_base,team,py_literal,custom/wujia_portal_base/controllers/utils.py,559,Đã huỷ
wujia_portal_base,team,py_gettext,custom/wujia_portal_base/controllers/utils.py,218,Tối đa %s file. Bạn gửi %s file.
wujia_portal_base,team,py_gettext,custom/wujia_portal_base/controllers/utils.py,227,"File ""%s"" vượt quá %sMB."
wujia_portal_base,team,py_gettext,custom/wujia_portal_base/controllers/utils.py,231,"File ""%s"" có định dạng không hỗ trợ (%s)."
wujia_portal_base,team,py_literal,custom/wujia_portal_base/controllers/utils.py,670,Chuẩn bị giao
wujia_portal_base,team,py_gettext,custom/wujia_portal_base/controllers/utils.py,173,Quá nhiều yêu cầu. Vui lòng thử lại sau.
wujia_portal_base,team,data_record,custom/wujia_portal_base/data/sample_data.xml,7,TP HCM Quận 1-3
wujia_portal_base,team,data_record,custom/wujia_portal_base/data/sample_data.xml,13,Hà Nội Trung tâm
wujia_portal_base,team,data_record,custom/wujia_portal_base/data/sample_data.xml,19,Wujia Tea — Hà Nội Cầu Giấy
wujia_portal_base,team,data_record,custom/wujia_portal_base/data/sample_data.xml,21,Hà Nội
wujia_portal_base,team,data_record,custom/wujia_portal_base/data/sample_data.xml,27,Wujia Tea — Hà Nội Đống Đa
wujia_portal_base,team,data_record,custom/wujia_portal_base/data/sample_data.xml,29,Hà Nội
wujia_portal_base,team,data_record,custom/wujia_portal_base/data/sample_data.xml,35,Wujia Tea — TP HCM Quận 1
wujia_portal_base,team,data_record,custom/wujia_portal_base/data/sample_data.xml,37,Hồ Chí Minh
wujia_portal_base,team,data_record,custom/wujia_portal_base/data/sample_data.xml,45,Cầu Giấy
wujia_portal_base,team,data_record,custom/wujia_portal_base/data/sample_data.xml,53,"219 Vĩnh Viễn, Cầu Giấy, Hà Nội"
wujia_portal_base,team,data_record,custom/wujia_portal_base/data/sample_data.xml,59,Đống Đa
wujia_portal_base,team,data_record,custom/wujia_portal_base/data/sample_data.xml,72,TP HCM Quận 1
wujia_portal_base,team,data_record,custom/wujia_portal_base/data/sample_data.xml,85,Nguyễn Văn Anh (Chủ HN-01)
wujia_portal_base,team,data_record,custom/wujia_portal_base/data/sample_data.xml,93,Trần Thị Bình (QL HN-01)
wujia_portal_base,team,data_record,custom/wujia_portal_base/data/sample_data.xml,101,Lê Văn Cường (NV HN-01)
wujia_portal_base,team,data_record,custom/wujia_portal_base/data/sample_data.xml,109,Phạm Thị Dung (đa cửa hàng)
wujia_portal_base,team,data_record,custom/wujia_portal_base/data/sample_data.xml,117,Hoàng Văn Em (Chủ HCM-01)
wujia_portal_base,team,qweb_text,custom/wujia_portal_base/views/portal_templates.xml,9,Cửa hàng nhượng quyền
wujia_portal_base,team,qweb_text,custom/wujia_portal_base/views/portal_templates.xml,10,Quản lý cửa hàng nhượng quyền của bạn
wujia_portal_base,team,qweb_text,custom/wujia_portal_base/views/portal_templates.xml,21,Cửa hàng
wujia_portal_base,team,qweb_text,custom/wujia_portal_base/views/portal_templates.xml,23,Cửa hàng
wujia_portal_base,team,qweb_text,custom/wujia_portal_base/views/portal_templates.xml,35,Cửa hàng nhượng quyền của tôi
wujia_portal_base,team,qweb_text,custom/wujia_portal_base/views/portal_templates.xml,38,Bạn chưa được gán vào cửa hàng nào. Liên hệ admin để được gán quyền.
wujia_portal_base,team,qweb_text,custom/wujia_portal_base/views/portal_templates.xml,45,Cửa hàng
wujia_portal_base,team,qweb_text,custom/wujia_portal_base/views/portal_templates.xml,46,Mã
wujia_portal_base,team,qweb_text,custom/wujia_portal_base/views/portal_templates.xml,47,Vai trò
wujia_portal_base,team,qweb_text,custom/wujia_portal_base/views/portal_templates.xml,48,Hiệu lực
wujia_portal_base,team,qweb_text,custom/wujia_portal_base/views/portal_templates.xml,67,Chủ chính
wujia_portal_base,team,qweb_expr,custom/wujia_portal_base/views/portal_templates.xml,72,"t-out=""m.date_to or 'Không giới hạn'"""
wujia_portal_base,team,qweb_text,custom/wujia_portal_base/views/portal_templates.xml,79,Vào cửa hàng
wujia_portal_base,team,qweb_text,custom/wujia_portal_base/views/portal_templates.xml,99,Bạn đang là
wujia_portal_base,team,qweb_text,custom/wujia_portal_base/views/portal_templates.xml,101,tại cửa hàng này.
wujia_portal_base,team,qweb_text,custom/wujia_portal_base/views/portal_templates.xml,111,Thành viên cửa hàng
wujia_portal_base,team,qweb_text,custom/wujia_portal_base/views/portal_templates.xml,113,Đã cập nhật
wujia_portal_base,team,qweb_text,custom/wujia_portal_base/views/portal_templates.xml,122,Vai trò
wujia_portal_base,team,qweb_text,custom/wujia_portal_base/views/portal_templates.xml,123,Hiệu lực
wujia_portal_base,team,qweb_text,custom/wujia_portal_base/views/portal_templates.xml,133,Chủ chính
wujia_portal_base,team,qweb_text,custom/wujia_portal_base/views/portal_franchises_in_layout.xml,9,Cửa hàng
wujia_portal_base,team,qweb_text,custom/wujia_portal_base/views/portal_franchises_in_layout.xml,13,Cửa hàng của tôi
wujia_portal_base,team,qweb_text,custom/wujia_portal_base/views/portal_franchises_in_layout.xml,17,Bạn chưa được gán vào cửa hàng nào. Liên hệ quản trị viên.
wujia_portal_base,team,qweb_text,custom/wujia_portal_base/views/portal_franchises_in_layout.xml,26,Cửa hàng
wujia_portal_base,team,qweb_text,custom/wujia_portal_base/views/portal_franchises_in_layout.xml,27,Mã
wujia_portal_base,team,qweb_text,custom/wujia_portal_base/views/portal_franchises_in_layout.xml,28,Vai trò
wujia_portal_base,team,qweb_text,custom/wujia_portal_base/views/portal_franchises_in_layout.xml,29,Hiệu lực
wujia_portal_base,team,qweb_text,custom/wujia_portal_base/views/portal_franchises_in_layout.xml,48,Chủ chính
wujia_portal_base,team,qweb_expr,custom/wujia_portal_base/views/portal_franchises_in_layout.xml,52,"t-out=""m.date_to or 'Không giới hạn'"""
wujia_portal_base,team,qweb_text,custom/wujia_portal_base/views/portal_franchises_in_layout.xml,56,Vào cửa hàng
wujia_portal_base,team,qweb_text,custom/wujia_portal_base/views/portal_franchises_in_layout.xml,83,Bạn đang là
wujia_portal_base,team,qweb_text,custom/wujia_portal_base/views/portal_franchises_in_layout.xml,85,tại cửa hàng này.
wujia_portal_base,team,qweb_text,custom/wujia_portal_base/views/portal_franchises_in_layout.xml,95,Thành viên cửa hàng
wujia_portal_base,team,qweb_text,custom/wujia_portal_base/views/portal_franchises_in_layout.xml,97,Đã cập nhật
wujia_portal_base,team,qweb_text,custom/wujia_portal_base/views/portal_franchises_in_layout.xml,107,Vai trò
wujia_portal_base,team,qweb_text,custom/wujia_portal_base/views/portal_franchises_in_layout.xml,108,Hiệu lực
wujia_portal_base,team,qweb_text,custom/wujia_portal_base/views/portal_franchises_in_layout.xml,118,Chủ chính
wujia_portal_base,team,qweb_text,custom/wujia_portal_base/views/store_picker_modal.xml,15,Chọn cửa hàng đang thao tác
wujia_portal_base,team,qweb_text,custom/wujia_portal_base/views/store_picker_modal.xml,16,Đổi cửa hàng đang thao tác
wujia_portal_base,team,qweb_attr,custom/wujia_portal_base/views/store_picker_modal.xml,22,"aria-label=""Đóng"""
wujia_portal_base,team,qweb_attr,custom/wujia_portal_base/views/store_picker_modal.xml,22,"title=""Đóng"""
wujia_portal_base,team,qweb_text,custom/wujia_portal_base/views/store_picker_modal.xml,30,"Bạn thuộc nhiều cửa hàng. Vui lòng chọn cửa hàng đang thao tác để hệ thống chỉ hiển thị dữ liệu liên quan (đơn hàng, đổi trả, thông báo)."
wujia_portal_base,team,qweb_text,custom/wujia_portal_base/views/store_picker_modal.xml,35,Bạn đang thao tác tại
wujia_portal_base,team,qweb_text,custom/wujia_portal_base/views/store_picker_modal.xml,37,. Chọn cửa hàng khác để chuyển dữ liệu hiển thị.
wujia_portal_base,team,qweb_text,custom/wujia_portal_base/views/store_picker_modal.xml,58,đang thao tác
wujia_portal_base,team,qweb_text,custom/wujia_portal_base/views/store_picker_modal.xml,66,Hủy
wujia_portal_base,team,qweb_text,custom/wujia_portal_base/views/store_picker_modal.xml,69,Xác nhận
wujia_portal_base,team,qweb_text,custom/wujia_portal_base/views/store_picker_modal.xml,70,Đổi cửa hàng
wujia_portal_base,team,qweb_text,custom/wujia_portal_base/views/store_picker_modal.xml,78,.wujia-store-overlay { position: fixed !important; top: 0 !important; left: 0 !important; width: 100% !important; height: 100% !important; b
wujia_portal_base,team,qweb_attr,custom/wujia_portal_base/views/bottomnav_inherit.xml,8,"name=""Wujia Mobile — tab Trang chủ"""
wujia_portal_base,team,qweb_text,custom/wujia_portal_base/views/bottomnav_inherit.xml,16,Trang chủ
wujia_portal_base,team,qweb_text,custom/wujia_portal_base/views/portal_franchise_profile.xml,15,Thông tin cửa hàng / Hồ sơ cửa hàng
wujia_portal_base,team,qweb_expr,custom/wujia_portal_base/views/portal_franchise_profile.xml,16,"t-value=""'Hồ sơ cửa hàng — ' + franchise.name"""
wujia_portal_base,team,qweb_text,custom/wujia_portal_base/views/portal_franchise_profile.xml,22,Hồ sơ cửa hàng
wujia_portal_base,team,qweb_text,custom/wujia_portal_base/views/portal_franchise_profile.xml,33,Thông tin định danh
wujia_portal_base,team,qweb_text,custom/wujia_portal_base/views/portal_franchise_profile.xml,40,Mã
wujia_portal_base,team,qweb_text,custom/wujia_portal_base/views/portal_franchise_profile.xml,42,Tên
wujia_portal_base,team,qweb_text,custom/wujia_portal_base/views/portal_franchise_profile.xml,44,Trạng thái
wujia_portal_base,team,qweb_text,custom/wujia_portal_base/views/portal_franchise_profile.xml,49,Đã khóa portal
wujia_portal_base,team,qweb_text,custom/wujia_portal_base/views/portal_franchise_profile.xml,52,Ngày khai trương
wujia_portal_base,team,qweb_text,custom/wujia_portal_base/views/portal_franchise_profile.xml,54,Khu vực
wujia_portal_base,team,qweb_text,custom/wujia_portal_base/views/portal_franchise_profile.xml,56,Vai trò của tôi
wujia_portal_base,team,qweb_text,custom/wujia_portal_base/views/portal_franchise_profile.xml,59,Chủ chính
wujia_portal_base,team,qweb_text,custom/wujia_portal_base/views/portal_franchise_profile.xml,71,Liên hệ
wujia_portal_base,team,qweb_text,custom/wujia_portal_base/views/portal_franchise_profile.xml,78,Địa chỉ
wujia_portal_base,team,qweb_text,custom/wujia_portal_base/views/portal_franchise_profile.xml,80,Tỉnh/Thành
wujia_portal_base,team,qweb_text,custom/wujia_portal_base/views/portal_franchise_profile.xml,82,Điện thoại
wujia_portal_base,team,qweb_text,custom/wujia_portal_base/views/portal_franchise_profile.xml,86,Đại diện
wujia_portal_base,team,qweb_text,custom/wujia_portal_base/views/portal_franchise_profile.xml,103,Hợp đồng nhượng quyền
wujia_portal_base,team,qweb_text,custom/wujia_portal_base/views/portal_franchise_profile.xml,110,Bắt đầu
wujia_portal_base,team,qweb_text,custom/wujia_portal_base/views/portal_franchise_profile.xml,112,Kết thúc
wujia_portal_base,team,qweb_text,custom/wujia_portal_base/views/portal_franchise_profile.xml,114,Còn lại
wujia_portal_base,team,qweb_text,custom/wujia_portal_base/views/portal_franchise_profile.xml,117,Đã hết hạn
wujia_portal_base,team,qweb_text,custom/wujia_portal_base/views/portal_franchise_profile.xml,120,ngày (sắp hết hạn)
wujia_portal_base,team,qweb_text,custom/wujia_portal_base/views/portal_franchise_profile.xml,123,ngày
wujia_portal_base,team,qweb_text,custom/wujia_portal_base/views/portal_franchise_profile.xml,136,Yêu cầu cập nhật thông tin
wujia_portal_base,team,qweb_text,custom/wujia_portal_base/views/portal_franchise_profile.xml,142,"Để cập nhật thông tin cửa hàng (địa chỉ, SĐT, giấy tờ...), vui lòng"
wujia_portal_base,team,qweb_text,custom/wujia_portal_base/views/portal_franchise_profile.xml,144,gửi yêu cầu hỗ trợ
wujia_portal_base,team,qweb_text,custom/wujia_portal_base/views/portal_franchise_profile.xml,144,kèm thông tin cần đổi. Quản trị viên sẽ phê duyệt trước khi áp dụng.
wujia_portal_base,team,qweb_text,custom/wujia_portal_base/views/portal_franchise_profile.xml,148,Gửi yêu cầu
wujia_portal_base,team,qweb_attr,custom/wujia_portal_base/views/pc_nav_inherit.xml,11,"name=""Wujia Avatar — nhóm cửa hàng"""
wujia_portal_base,team,qweb_attr,custom/wujia_portal_base/views/pc_nav_inherit.xml,19,"aria-label=""Cửa hàng hiện tại"""
wujia_portal_base,team,qweb_text,custom/wujia_portal_base/views/pc_nav_inherit.xml,20,Cửa hàng hiện tại
wujia_portal_base,team,qweb_text,custom/wujia_portal_base/views/pc_nav_inherit.xml,35,Đổi cửa hàng
wujia_portal_base,team,qweb_text,custom/wujia_portal_base/views/pc_nav_inherit.xml,43,Hồ sơ cửa hàng
wujia_portal_base,team,qweb_attr,custom/wujia_portal_base/views/pc_nav_inherit.xml,58,"name=""Wujia PC Tài khoản — mục Hồ sơ cửa hàng"""
wujia_portal_base,team,qweb_text,custom/wujia_portal_base/views/pc_nav_inherit.xml,72,Hồ sơ cửa hàng
wujia_portal_base,team,qweb_attr,custom/wujia_portal_base/views/sidenav_inherit.xml,9,"name=""Wujia Sidenav — Trang chủ"""
wujia_portal_base,team,qweb_text,custom/wujia_portal_base/views/sidenav_inherit.xml,16,Trang chủ
wujia_portal_base,team,qweb_text,custom/wujia_portal_base/views/portal_franchise_information.xml,22,Hồ sơ cửa hàng
wujia_portal_base,team,qweb_text,custom/wujia_portal_base/views/portal_franchise_information.xml,23,Thông tin nhượng quyền theo cửa hàng đang thao tác
wujia_portal_base,team,qweb_text,custom/wujia_portal_base/views/portal_franchise_information.xml,48,Cửa hàng nhượng quyền đang thao tác trên portal
wujia_portal_base,team,qweb_text,custom/wujia_portal_base/views/portal_franchise_information.xml,51,Khu vực
wujia_portal_base,team,qweb_text,custom/wujia_portal_base/views/portal_franchise_information.xml,55,Quyền xem hiện tại
wujia_portal_base,team,qweb_text,custom/wujia_portal_base/views/portal_franchise_information.xml,58,Nhân viên cửa hàng
wujia_portal_base,team,qweb_text,custom/wujia_portal_base/views/portal_franchise_information.xml,67,Thông tin nhượng quyền
wujia_portal_base,team,qweb_text,custom/wujia_portal_base/views/portal_franchise_information.xml,68,Thông tin chính của cửa hàng hiện tại
wujia_portal_base,team,qweb_text,custom/wujia_portal_base/views/portal_franchise_information.xml,73,Mã cửa hàng
wujia_portal_base,team,qweb_text,custom/wujia_portal_base/views/portal_franchise_information.xml,77,Tên cửa hàng
wujia_portal_base,team,qweb_text,custom/wujia_portal_base/views/portal_franchise_information.xml,81,Địa chỉ
wujia_portal_base,team,qweb_text,custom/wujia_portal_base/views/portal_franchise_information.xml,85,Khu vực
wujia_portal_base,team,qweb_text,custom/wujia_portal_base/views/portal_franchise_information.xml,89,Trạng thái nhượng quyền
wujia_portal_base,team,qweb_text,custom/wujia_portal_base/views/portal_franchise_information.xml,95,Người phụ trách
wujia_portal_base,team,qweb_text,custom/wujia_portal_base/views/portal_franchise_information.xml,106,Thành viên cửa hàng
wujia_portal_base,team,qweb_text,custom/wujia_portal_base/views/portal_franchise_information.xml,107,Owner/Manager được xem danh sách tài khoản thuộc cửa hàng hiện tại
wujia_portal_base,team,qweb_text,custom/wujia_portal_base/views/portal_franchise_information.xml,115,Họ tên
wujia_portal_base,team,qweb_text,custom/wujia_portal_base/views/portal_franchise_information.xml,116,Email / Số điện thoại
wujia_portal_base,team,qweb_text,custom/wujia_portal_base/views/portal_franchise_information.xml,117,Vai trò
wujia_portal_base,team,qweb_text,custom/wujia_portal_base/views/portal_franchise_information.xml,118,Trạng thái
wujia_portal_base,team,qweb_text,custom/wujia_portal_base/views/portal_franchise_information.xml,130,Đang hoạt động
wujia_portal_base,team,qweb_text,custom/wujia_portal_base/views/portal_franchise_information.xml,131,Tạm khóa
wujia_portal_base,team,qweb_text,custom/wujia_portal_base/views/portal_franchise_information.xml,144,Chưa có thành viên nào được hiển thị
wujia_portal_base,team,qweb_text,custom/wujia_portal_base/views/portal_franchise_information.xml,145,Danh sách sẽ xuất hiện khi cửa hàng có tài khoản được gán quyền xem.
wujia_portal_base,team,qweb_text,custom/wujia_portal_base/views/portal_franchise_information.xml,148,0 thành viên
wujia_portal_base,team,qweb_text,custom/wujia_portal_base/views/portal_franchise_information.xml,159,Thông tin thành viên
wujia_portal_base,team,qweb_text,custom/wujia_portal_base/views/portal_franchise_information.xml,163,Tài khoản của bạn chỉ được xem thông tin cửa hàng cơ bản.
wujia_portal_base,team,qweb_text,custom/wujia_portal_base/views/portal_franchise_information.xml,164,Danh sách thành viên sẽ hiển thị cho Owner/Manager theo quyền được cấp.
wujia_portal_base,team,qweb_text,custom/wujia_portal_base/views/portal_franchise_information.xml,165,Chế độ xem cơ bản
wujia_portal_base,team,qweb_text,custom/wujia_portal_base/views/portal_franchise_information.xml,179,Hồ sơ cửa hàng
wujia_portal_base,team,qweb_text,custom/wujia_portal_base/views/portal_franchise_information.xml,189,Cửa hàng nhượng quyền
wujia_portal_base,team,qweb_expr,custom/wujia_portal_base/views/portal_franchise_information.xml,200,"t-out=""'Khu vực ' + (franchise.area_id.name or '—')"""
wujia_portal_base,team,qweb_text,custom/wujia_portal_base/views/portal_franchise_information.xml,203,Ngày khai trương
wujia_portal_base,team,qweb_text,custom/wujia_portal_base/views/portal_franchise_information.xml,208,SĐT
wujia_portal_base,team,qweb_text,custom/wujia_portal_base/views/portal_franchise_information.xml,216,Địa chỉ
wujia_portal_base,team,qweb_text,custom/wujia_portal_base/views/portal_franchise_information.xml,227,Hợp đồng nhượng quyền
wujia_portal_base,team,qweb_text,custom/wujia_portal_base/views/portal_franchise_information.xml,233,Ngày bắt đầu
wujia_portal_base,team,qweb_text,custom/wujia_portal_base/views/portal_franchise_information.xml,238,Ngày kết thúc
wujia_portal_base,team,qweb_text,custom/wujia_portal_base/views/portal_franchise_information.xml,243,Còn lại
wujia_portal_base,team,qweb_text,custom/wujia_portal_base/views/portal_franchise_information.xml,245,Đã hết hạn
wujia_portal_base,team,qweb_text,custom/wujia_portal_base/views/portal_franchise_information.xml,246,ngày
wujia_portal_base,team,qweb_text,custom/wujia_portal_base/views/portal_franchise_information.xml,259,Thành viên cửa hàng
wujia_portal_base,team,qweb_text,custom/wujia_portal_base/views/portal_franchise_information.xml,269,Chưa có thành viên active.
wujia_portal_base,team,qweb_expr,custom/wujia_portal_base/views/portal_franchise_information.xml,305,"t-value=""'Cửa hàng tạm khóa'"""
wujia_portal_base,team,qweb_text,custom/wujia_portal_base/views/portal_franchise_information.xml,311,Cửa hàng
wujia_portal_base,team,qweb_text,custom/wujia_portal_base/views/portal_franchise_information.xml,311,đang không truy cập được.
wujia_portal_base,team,qweb_text,custom/wujia_portal_base/views/portal_franchise_information.xml,312,Vui lòng liên hệ HQ Wujia để biết thêm chi tiết.
wujia_portal_base,team,qweb_attr,custom/wujia_portal_base/views/store_picker_navbar.xml,64,"aria-label=""Đổi cửa hàng đang thao tác"""
wujia_portal_base,team,qweb_text,custom/wujia_portal_base/views/store_picker_navbar.xml,99,Cửa hàng hiện tại
wujia_portal_base,team,qweb_text,custom/wujia_portal_base/views/portal_home.xml,7,Trang chủ
wujia_portal_base,team,qweb_text,custom/wujia_portal_base/views/portal_home.xml,19,Tổng quan cửa hàng
wujia_portal_base,team,qweb_text,custom/wujia_portal_base/views/portal_home.xml,21,Chào mừng
wujia_portal_base,team,qweb_text,custom/wujia_portal_base/views/portal_home.xml,21,! Đây là tóm tắt hoạt động cửa hàng nhượng quyền của bạn.
wujia_portal_base,team,qweb_text,custom/wujia_portal_base/views/portal_home.xml,25,Bạn chưa được gán vào cửa hàng nào. Vui lòng liên hệ quản trị viên để được cấp quyền.
wujia_portal_base,team,qweb_text,custom/wujia_portal_base/views/portal_home.xml,42,Cửa hàng hiện tại
wujia_portal_base,team,qweb_text,custom/wujia_portal_base/views/portal_home.xml,60,Khung giờ đặt hàng
wujia_portal_base,team,qweb_text,custom/wujia_portal_base/views/portal_home.xml,66,Đang mở
wujia_portal_base,team,qweb_text,custom/wujia_portal_base/views/portal_home.xml,67,· còn
wujia_portal_base,team,qweb_text,custom/wujia_portal_base/views/portal_home.xml,69,Đã đóng
wujia_portal_base,team,qweb_text,custom/wujia_portal_base/views/portal_home.xml,70,Đặt hàng 24/7
wujia_portal_base,team,qweb_text,custom/wujia_portal_base/views/portal_home.xml,76,Có thể đặt hàng đến
wujia_portal_base,team,qweb_text,custom/wujia_portal_base/views/portal_home.xml,77,hôm nay
wujia_portal_base,team,qweb_text,custom/wujia_portal_base/views/portal_home.xml,79,Mở lại lúc
wujia_portal_base,team,qweb_text,custom/wujia_portal_base/views/portal_home.xml,82,Đặt hàng mọi lúc trong ngày
wujia_portal_base,team,qweb_text,custom/wujia_portal_base/views/portal_home.xml,98,Đơn hàng
wujia_portal_base,team,qweb_text,custom/wujia_portal_base/views/portal_home.xml,101,đơn trong 30 ngày
wujia_portal_base,team,qweb_text,custom/wujia_portal_base/views/portal_home.xml,102,Chưa có đơn hàng mới
wujia_portal_base,team,qweb_text,custom/wujia_portal_base/views/portal_home.xml,115,Thông báo
wujia_portal_base,team,qweb_text,custom/wujia_portal_base/views/portal_home.xml,118,Bạn có
wujia_portal_base,team,qweb_text,custom/wujia_portal_base/views/portal_home.xml,118,thông báo mới
wujia_portal_base,team,qweb_text,custom/wujia_portal_base/views/portal_home.xml,119,Chưa có thông báo mới
wujia_portal_base,team,qweb_text,custom/wujia_portal_base/views/portal_home.xml,132,Đổi trả
wujia_portal_base,team,qweb_text,custom/wujia_portal_base/views/portal_home.xml,135,yêu cầu đang mở
wujia_portal_base,team,qweb_text,custom/wujia_portal_base/views/portal_home.xml,136,Chưa có yêu cầu
wujia_portal_base,team,qweb_text,custom/wujia_portal_base/views/portal_home.xml,152,Công nợ
wujia_portal_base,team,qweb_text,custom/wujia_portal_base/views/portal_home.xml,170,Đơn hàng gần đây
wujia_portal_base,team,qweb_text,custom/wujia_portal_base/views/portal_home.xml,179,Chưa có đơn hàng
wujia_portal_base,team,qweb_text,custom/wujia_portal_base/views/portal_home.xml,180,Đơn hàng mới sẽ hiển thị tại đây sau khi được tạo.
wujia_portal_base,team,qweb_text,custom/wujia_portal_base/views/portal_home.xml,208,Yêu cầu đổi trả gần đây
wujia_portal_base,team,qweb_text,custom/wujia_portal_base/views/portal_home.xml,217,Chưa có yêu cầu đổi trả
wujia_portal_base,team,qweb_text,custom/wujia_portal_base/views/portal_home.xml,218,Yêu cầu mới sẽ hiển thị tại đây sau khi được tạo.
wujia_portal_base,team,qweb_text,custom/wujia_portal_base/views/portal_home.xml,229,Ngày yêu cầu:
wujia_portal_base,team,qweb_text,custom/wujia_portal_base/views/portal_home.xml,232,Lý do:
wujia_portal_base,team,qweb_text,custom/wujia_portal_base/views/portal_home.xml,236,Tổng tiền: —
wujia_portal_base,team,qweb_text,custom/wujia_portal_base/views/portal_home.xml,250,Giao hàng sắp tới
wujia_portal_base,team,qweb_expr,custom/wujia_portal_base/views/portal_home.xml,254,"t-value=""'%s đơn chưa giao' % (m_undelivered_count or 0)"""
wujia_portal_base,team,qweb_text,custom/wujia_portal_base/views/portal_home.xml,260,Chưa có chuyến giao sắp tới
wujia_portal_base,team,qweb_text,custom/wujia_portal_base/views/portal_home.xml,261,Lịch giao sẽ hiển thị khi đơn hàng được xác nhận.
wujia_portal_base,team,qweb_text,custom/wujia_portal_base/views/portal_home.xml,273,Đơn chưa giao:
wujia_portal_base,team,qweb_text,custom/wujia_portal_base/views/portal_home.xml,273,đơn
wujia_portal_base,team,qweb_text,custom/wujia_portal_base/views/portal_home.xml,275,Tổng tiền:
wujia_portal_base,team,qweb_text,custom/wujia_portal_base/views/portal_home.xml,290,Thông báo nổi bật
wujia_portal_base,team,qweb_text,custom/wujia_portal_base/views/portal_home.xml,299,Bạn đã xem hết thông báo
wujia_portal_base,team,qweb_text,custom/wujia_portal_base/views/portal_home.xml,300,Thông báo quan trọng mới sẽ xuất hiện tại đây.
wujia_portal_base,team,qweb_text,custom/wujia_portal_base/views/portal_home.xml,326,Bài viết / Kiến thức mới
wujia_portal_base,team,qweb_text,custom/wujia_portal_base/views/portal_home.xml,335,Chưa có bài viết mới
wujia_portal_base,team,qweb_text,custom/wujia_portal_base/views/portal_home.xml,336,Tài liệu hướng dẫn mới nhất sẽ được cập nhật tại đây.
wujia_portal_base,team,qweb_text,custom/wujia_portal_base/views/portal_home.xml,360,Hỗ trợ nhanh
wujia_portal_base,team,qweb_text,custom/wujia_portal_base/views/portal_home.xml,369,Tạo yêu cầu hỗ trợ
wujia_portal_base,team,qweb_text,custom/wujia_portal_base/views/portal_home.xml,370,Gửi yêu cầu và theo dõi phản hồi
wujia_portal_base,team,qweb_text,custom/wujia_portal_base/views/portal_home.xml,376,Gọi hotline
wujia_portal_base,team,qweb_text,custom/wujia_portal_base/views/portal_home.xml,383,Chat với chúng tôi
wujia_portal_base,team,qweb_text,custom/wujia_portal_base/views/portal_home.xml,384,Thời gian: 8:00 - 17:30
wujia_portal_base,team,qweb_text,custom/wujia_portal_base/views/portal_home.xml,395,Thông tin cửa hàng
wujia_portal_base,team,qweb_text,custom/wujia_portal_base/views/portal_home.xml,404,Địa chỉ
wujia_portal_base,team,qweb_text,custom/wujia_portal_base/views/portal_home.xml,411,Điện thoại
wujia_portal_base,team,qweb_text,custom/wujia_portal_base/views/portal_home.xml,418,Người phụ trách
wujia_portal_base,team,qweb_text,custom/wujia_portal_base/views/portal_home.xml,432,Bạn chưa được gán vào cửa hàng nào. Vui lòng liên hệ quản trị viên.
wujia_portal_base,team,qweb_text,custom/wujia_portal_base/views/portal_home.xml,441,TỔNG QUAN CỬA HÀNG
wujia_portal_base,team,qweb_text,custom/wujia_portal_base/views/portal_home.xml,447,Vai trò
wujia_portal_base,team,qweb_text,custom/wujia_portal_base/views/portal_home.xml,455,Đơn hàng
wujia_portal_base,team,qweb_text,custom/wujia_portal_base/views/portal_home.xml,459,Thông báo
wujia_portal_base,team,qweb_text,custom/wujia_portal_base/views/portal_home.xml,463,Đổi trả
wujia_portal_base,team,qweb_text,custom/wujia_portal_base/views/portal_home.xml,471,Công nợ
wujia_portal_base,team,qweb_text,custom/wujia_portal_base/views/portal_home.xml,480,Khung giờ đặt hàng
wujia_portal_base,team,qweb_text,custom/wujia_portal_base/views/portal_home.xml,485,Đang mở
wujia_portal_base,team,qweb_text,custom/wujia_portal_base/views/portal_home.xml,486,· còn
wujia_portal_base,team,qweb_text,custom/wujia_portal_base/views/portal_home.xml,488,Đã đóng
wujia_portal_base,team,qweb_text,custom/wujia_portal_base/views/portal_home.xml,489,Đặt hàng 24/7
wujia_portal_base,team,qweb_text,custom/wujia_portal_base/views/portal_home.xml,495,Có thể đặt hàng đến
wujia_portal_base,team,qweb_text,custom/wujia_portal_base/views/portal_home.xml,496,hôm nay
wujia_portal_base,team,qweb_text,custom/wujia_portal_base/views/portal_home.xml,498,Mở lại lúc
wujia_portal_base,team,qweb_text,custom/wujia_portal_base/views/portal_home.xml,501,Đặt hàng mọi lúc trong ngày
wujia_portal_base,team,qweb_text,custom/wujia_portal_base/views/portal_home.xml,507,Hành động nhanh
wujia_portal_base,team,qweb_text,custom/wujia_portal_base/views/portal_home.xml,514,Đặt hàng
wujia_portal_base,team,qweb_text,custom/wujia_portal_base/views/portal_home.xml,518,Lịch sử đặt hàng
wujia_portal_base,team,qweb_text,custom/wujia_portal_base/views/portal_home.xml,522,Giao hàng
wujia_portal_base,team,qweb_text,custom/wujia_portal_base/views/portal_home.xml,526,Đổi trả
wujia_portal_base,team,qweb_text,custom/wujia_portal_base/views/portal_home.xml,530,Kiến thức
wujia_portal_base,team,qweb_text,custom/wujia_portal_base/views/portal_home.xml,534,Hỗ trợ
wujia_portal_base,team,qweb_text,custom/wujia_portal_base/views/portal_home.xml,542,Thông báo nổi bật
wujia_portal_base,team,qweb_text,custom/wujia_portal_base/views/portal_home.xml,546,Xem tất cả ›
wujia_portal_base,team,qweb_text,custom/wujia_portal_base/views/portal_home.xml,551,Bạn đã xem hết thông báo
wujia_portal_base,team,qweb_text,custom/wujia_portal_base/views/portal_home.xml,552,Thông báo quan trọng mới sẽ xuất hiện tại đây.
wujia_portal_base,team,qweb_text,custom/wujia_portal_base/views/portal_home.xml,591,Giao hàng sắp tới
wujia_portal_base,team,qweb_text,custom/wujia_portal_base/views/portal_home.xml,595,Xem tất cả ›
wujia_portal_base,team,qweb_text,custom/wujia_portal_base/views/portal_home.xml,598,đơn chưa giao
wujia_portal_base,team,qweb_text,custom/wujia_portal_base/views/portal_home.xml,602,Chưa có chuyến giao sắp tới
wujia_portal_base,team,qweb_text,custom/wujia_portal_base/views/portal_home.xml,603,Lịch giao sẽ hiển thị khi đơn hàng được xác nhận.
wujia_portal_base,team,qweb_text,custom/wujia_portal_base/views/portal_home.xml,618,Đơn chưa giao:
wujia_portal_base,team,qweb_text,custom/wujia_portal_base/views/portal_home.xml,618,đơn
wujia_portal_base,team,qweb_text,custom/wujia_portal_base/views/portal_home.xml,620,Tổng tiền:
wujia_portal_base,team,qweb_text,custom/wujia_portal_base/views/portal_home.xml,634,Đơn hàng gần đây
wujia_portal_base,team,qweb_text,custom/wujia_portal_base/views/portal_home.xml,638,Xem tất cả ›
wujia_portal_base,team,qweb_text,custom/wujia_portal_base/views/portal_home.xml,643,Chưa có đơn hàng
wujia_portal_base,team,qweb_text,custom/wujia_portal_base/views/portal_home.xml,644,Đơn hàng mới sẽ hiển thị tại đây sau khi được tạo.
wujia_portal_base,team,qweb_text,custom/wujia_portal_base/views/portal_home.xml,676,Bài viết / Kiến thức mới
wujia_portal_base,team,qweb_text,custom/wujia_portal_base/views/portal_home.xml,680,Xem tất cả ›
wujia_portal_base,team,qweb_text,custom/wujia_portal_base/views/portal_home.xml,685,Chưa có bài viết mới
wujia_portal_base,team,qweb_text,custom/wujia_portal_base/views/portal_home.xml,686,Tài liệu hướng dẫn mới nhất sẽ được cập nhật tại đây.
wujia_portal_base,team,qweb_text,custom/wujia_portal_base/views/portal_home.xml,712,Yêu cầu đổi trả gần đây
wujia_portal_base,team,qweb_text,custom/wujia_portal_base/views/portal_home.xml,716,Xem tất cả ›
wujia_portal_base,team,qweb_text,custom/wujia_portal_base/views/portal_home.xml,721,Chưa có yêu cầu đổi trả
wujia_portal_base,team,qweb_text,custom/wujia_portal_base/views/portal_home.xml,722,Yêu cầu mới sẽ hiển thị tại đây sau khi được tạo.
wujia_portal_base,team,qweb_text,custom/wujia_portal_base/views/portal_home.xml,736,Ngày yêu cầu:
wujia_portal_base,team,qweb_text,custom/wujia_portal_base/views/portal_home.xml,739,Lý do:
wujia_portal_base,team,qweb_text,custom/wujia_portal_base/views/portal_home.xml,743,Tổng tiền: —
wujia_portal_base,team,qweb_text,custom/wujia_portal_base/views/portal_home.xml,756,Hỗ trợ nhanh
wujia_portal_base,team,qweb_text,custom/wujia_portal_base/views/portal_home.xml,767,Tạo yêu cầu hỗ trợ
wujia_portal_base,team,qweb_text,custom/wujia_portal_base/views/portal_home.xml,768,Gửi yêu cầu và theo dõi phản hồi
wujia_portal_base,team,qweb_text,custom/wujia_portal_base/views/portal_home.xml,774,Gọi hotline
wujia_portal_base,team,qweb_text,custom/wujia_portal_base/views/portal_home.xml,781,Chat với chúng tôi
wujia_portal_base,team,qweb_text,custom/wujia_portal_base/views/portal_home.xml,782,Thời gian: 8:00 - 17:30
wujia_portal_base,team,qweb_text,custom/wujia_portal_base/views/portal_home.xml,791,Thông tin cửa hàng
wujia_portal_base,team,qweb_text,custom/wujia_portal_base/views/portal_home.xml,802,Địa chỉ
wujia_portal_base,team,qweb_text,custom/wujia_portal_base/views/portal_home.xml,809,Điện thoại
wujia_portal_base,team,qweb_text,custom/wujia_portal_base/views/portal_home.xml,816,Người phụ trách
wujia_portal_debt,team,py_literal,custom/wujia_portal_debt/__manifest__.py,2,Wujia Portal — Công nợ & thanh toán
wujia_portal_debt,team,py_literal,custom/wujia_portal_debt/__manifest__.py,5,"Công nợ theo tuần, lịch sử thanh toán và màn chuyển khoản (portal mobile + PC)"
wujia_portal_debt,team,py_literal,custom/wujia_portal_debt/__manifest__.py,6,"Wujia Portal — Công nợ & thanh toán =================================== Dựng 7 màn Figma ``WJ_Debt_..._MVP_v31`` (page Dashboard, node 5013)"
wujia_portal_debt,team,test,custom/wujia_portal_debt/tests/test_list_card_e5b2.py,32,không tìm thấy hàng tiền (lcr_strong)
wujia_portal_debt,team,test,custom/wujia_portal_debt/tests/test_list_card_e5b2.py,39,hàng tiền thiếu nhãn
wujia_portal_debt,team,test,custom/wujia_portal_debt/tests/test_list_card_e5b2.py,40,Còn lại
wujia_portal_debt,team,test,custom/wujia_portal_debt/tests/test_list_card_e5b2.py,40,Đã trả
wujia_portal_debt,team,test,custom/wujia_portal_debt/tests/test_list_card_e5b2.py,40,Được trừ
wujia_portal_debt,team,test,custom/wujia_portal_debt/tests/test_list_card_e5b2.py,67,mất rule .wj-lc__value
wujia_portal_debt,team,test,custom/wujia_portal_debt/tests/test_list_card_e5b2.py,25,%s: phải đúng 1 item mẫu
wujia_portal_debt,team,test,custom/wujia_portal_debt/tests/test_list_card_e5b2.py,41,mất nhãn %s
wujia_portal_debt,team,test,custom/wujia_portal_debt/tests/test_list_card_e5b2.py,59,%s: hàng tiền không dùng khuôn inline
wujia_portal_debt,team,test,custom/wujia_portal_debt/tests/test_list_card_e5b2.py,61,%s: tiền chiếm cả hàng
wujia_portal_debt,team,test,custom/wujia_portal_debt/tests/test_list_card_e5b2.py,79,mất màu trạng thái %s trên số tiền
wujia_portal_debt,team,test,custom/wujia_portal_debt/tests/test_f5_nav_item.py,23,"<t t-set=""ni_label"">Công nợ &amp; thanh toán</t>"
wujia_portal_debt,team,test,custom/wujia_portal_debt/tests/test_portal_debt.py,483,Không có quyền xem
wujia_portal_debt,team,test,custom/wujia_portal_debt/tests/test_portal_debt.py,500,Tìm mã thanh toán
wujia_portal_debt,team,test,custom/wujia_portal_debt/tests/test_portal_debt.py,538,SỐ TIỀN CẦN CHUYỂN
wujia_portal_debt,team,test,custom/wujia_portal_debt/tests/test_portal_debt.py,539,không còn khoản cần thanh toán
wujia_portal_debt,team,test,custom/wujia_portal_debt/tests/test_portal_debt.py,555,Chưa cấu hình tài khoản nhận thanh toán
wujia_portal_debt,team,test,custom/wujia_portal_debt/tests/test_portal_debt.py,557,THÔNG TIN CHUYỂN KHOẢN
wujia_portal_debt,team,test,custom/wujia_portal_debt/tests/test_portal_debt.py,626,-1tỷ
wujia_portal_debt,team,test,custom/wujia_portal_debt/tests/test_portal_debt.py,641,1tỷ
wujia_portal_debt,team,test,custom/wujia_portal_debt/tests/test_portal_debt.py,126,thiếu key PC total/paid/remaining trên hoá đơn
wujia_portal_debt,team,test,custom/wujia_portal_debt/tests/test_portal_debt.py,585,QR minh họa
wujia_portal_debt,team,test,custom/wujia_portal_debt/tests/test_portal_debt.py,586,Quét QR để chuyển khoản
wujia_portal_debt,team,test,custom/wujia_portal_debt/tests/test_portal_debt.py,586,Tải mã QR
wujia_portal_debt,team,test,custom/wujia_portal_debt/tests/test_portal_debt.py,594,Không có quyền xem
wujia_portal_debt,team,test,custom/wujia_portal_debt/tests/test_portal_debt.py,619,"-2,5tỷ"
wujia_portal_debt,team,test,custom/wujia_portal_debt/tests/test_data_list_d5g.py,51,bảng PC công nợ không còn đủ 2
wujia_portal_debt,team,test,custom/wujia_portal_debt/tests/test_data_list_d5g.py,52,mobile hoá đơn
wujia_portal_debt,team,test,custom/wujia_portal_debt/tests/test_data_list_d5g.py,53,mobile thanh toán
wujia_portal_debt,team,test,custom/wujia_portal_debt/tests/test_data_list_d5g.py,82,số cột 2 bảng công nợ đổi (8 + 6)
wujia_portal_debt,team,test,custom/wujia_portal_debt/tests/test_data_list_d5g.py,109,không quét trúng bảng nào — guard rỗng
wujia_portal_debt,team,test,custom/wujia_portal_debt/tests/test_data_list_d5g.py,129,không quét trúng rule nào — guard rỗng
wujia_portal_debt,team,test,custom/wujia_portal_debt/tests/test_data_list_d5g.py,143,mất khối token .wj-debt
wujia_portal_debt,team,test,custom/wujia_portal_debt/tests/test_data_list_d5g.py,145,token radius dùng chung đã bị sửa
wujia_portal_debt,team,test,custom/wujia_portal_debt/tests/test_data_list_d5g.py,163,không thấy danh sách thanh toán mobile
wujia_portal_debt,team,test,custom/wujia_portal_debt/tests/test_data_list_d5g.py,168,mobile lịch sử thanh toán không đi qua component pager
wujia_portal_debt,team,test,custom/wujia_portal_debt/tests/test_data_list_d5g.py,172,ngày giờ và số tiền phải là hai hàng inline
wujia_portal_debt,team,test,custom/wujia_portal_debt/tests/test_data_list_d5g.py,174,hàng phụ không được gắn class riêng của màn
wujia_portal_debt,team,test,custom/wujia_portal_debt/tests/test_data_list_d5g.py,77,bảng PC mất thead
wujia_portal_debt,team,test,custom/wujia_portal_debt/tests/test_data_list_d5g.py,100,bảng PC công nợ phải truyền dl_pager
wujia_portal_debt,team,test,custom/wujia_portal_debt/tests/test_data_list_d5g.py,103,bảng PC công nợ không gọi component pager
wujia_portal_debt,team,test,custom/wujia_portal_debt/tests/test_data_list_d5g.py,107,nút trang cũ quay lại màn công nợ
wujia_portal_debt,team,test,custom/wujia_portal_debt/tests/test_data_list_d5g.py,89,%s: phải đúng 1 danh sách
wujia_portal_debt,team,test,custom/wujia_portal_debt/tests/test_data_list_d5g.py,91,%s: item thiếu wj-data-item
wujia_portal_debt,team,test,custom/wujia_portal_debt/tests/test_data_list_d5g.py,137,%s: rule layout riêng quay lại
wujia_portal_debt,team,test,custom/wujia_portal_debt/tests/test_data_list_d5g.py,155,ô tóm tắt bị gắn nhầm wj-data-item
wujia_portal_debt,team,test,custom/wujia_portal_debt/tests/test_data_list_d5g.py,80,"th thiếu scope=""col"": %s"
wujia_portal_debt,team,test,custom/wujia_portal_debt/tests/test_data_list_d5g.py,127,"rule ""%s"" khai ngoài color: %s"
wujia_portal_debt,team,py_literal,custom/wujia_portal_debt/models/wujia_portal_debt.py,101,tỷ
wujia_portal_debt,team,py_literal,custom/wujia_portal_debt/models/wujia_portal_debt.py,105,1tỷ
wujia_portal_debt,team,py_literal,custom/wujia_portal_debt/models/wujia_portal_debt.py,405,Ngân hàng
wujia_portal_debt,team,py_literal,custom/wujia_portal_debt/models/wujia_portal_debt.py,39,Có quá hạn
wujia_portal_debt,team,py_literal,custom/wujia_portal_debt/models/wujia_portal_debt.py,40,Thanh toán một phần
wujia_portal_debt,team,py_literal,custom/wujia_portal_debt/models/wujia_portal_debt.py,41,Chưa thanh toán
wujia_portal_debt,team,py_literal,custom/wujia_portal_debt/models/wujia_portal_debt.py,42,Dư có
wujia_portal_debt,team,py_literal,custom/wujia_portal_debt/models/wujia_portal_debt.py,43,Đã thanh toán
wujia_portal_debt,team,py_literal,custom/wujia_portal_debt/models/wujia_portal_debt.py,48,Quá hạn
wujia_portal_debt,team,py_literal,custom/wujia_portal_debt/models/wujia_portal_debt.py,49,Chưa thanh toán
wujia_portal_debt,team,py_literal,custom/wujia_portal_debt/models/wujia_portal_debt.py,50,Một phần
wujia_portal_debt,team,py_literal,custom/wujia_portal_debt/models/wujia_portal_debt.py,51,Giấy báo có
wujia_portal_debt,team,py_literal,custom/wujia_portal_debt/models/wujia_portal_debt.py,52,Đã thanh toán
wujia_portal_debt,team,py_literal,custom/wujia_portal_debt/models/wujia_portal_debt.py,608,Chuyển khoản
wujia_portal_debt,team,js_literal,custom/wujia_portal_debt/static/src/js/portal_debt.js,77,Chưa có giá trị để sao chép.
wujia_portal_debt,team,js_literal,custom/wujia_portal_debt/static/src/js/portal_debt.js,81,Đã sao chép
wujia_portal_debt,team,js_literal,custom/wujia_portal_debt/static/src/js/portal_debt.js,82,Không sao chép được — chạm giữ vào giá trị để copy thủ công.
wujia_portal_debt,team,py_literal,custom/wujia_portal_debt/controllers/portal.py,104,hóa đơn
wujia_portal_debt,team,py_literal,custom/wujia_portal_debt/controllers/portal.py,143,giao dịch
wujia_portal_debt,team,qweb_attr,custom/wujia_portal_debt/views/bottomnav_inherit.xml,20,"name=""Wujia Mobile — Sheet Thêm: dòng Công nợ"""
wujia_portal_debt,team,qweb_text,custom/wujia_portal_debt/views/bottomnav_inherit.xml,33,Công nợ & thanh toán
wujia_portal_debt,team,qweb_text,custom/wujia_portal_debt/views/bottomnav_inherit.xml,35,quá hạn
wujia_portal_debt,team,qweb_text,custom/wujia_portal_debt/views/bottomnav_inherit.xml,38,"Hóa đơn, công nợ và thanh toán"
wujia_portal_debt,team,qweb_attr,custom/wujia_portal_debt/views/sidenav_inherit.xml,9,"name=""Wujia Sidenav — Công nợ & thanh toán"""
wujia_portal_debt,team,qweb_text,custom/wujia_portal_debt/views/sidenav_inherit.xml,16,Công nợ & thanh toán
wujia_portal_debt,team,qweb_attr,custom/wujia_portal_debt/views/home_kpi_inherit.xml,15,"name=""Wujia Home — KPI Công nợ trỏ /portal/debt"""
wujia_portal_debt,team,qweb_text,custom/wujia_portal_debt/views/home_kpi_inherit.xml,25,Công nợ
wujia_portal_debt,team,qweb_text,custom/wujia_portal_debt/views/portal_debt.xml,40,Lịch sử thanh toán
wujia_portal_debt,team,qweb_text,custom/wujia_portal_debt/views/portal_debt.xml,41,Xem các giao dịch đã xác nhận
wujia_portal_debt,team,qweb_text,custom/wujia_portal_debt/views/portal_debt.xml,53,Công nợ
wujia_portal_debt,team,qweb_text,custom/wujia_portal_debt/views/portal_debt.xml,56,Lịch sử thanh toán
wujia_portal_debt,team,qweb_text,custom/wujia_portal_debt/views/portal_debt.xml,65,Thông tin chuyển khoản
wujia_portal_debt,team,qweb_text,custom/wujia_portal_debt/views/portal_debt.xml,67,Ngân hàng
wujia_portal_debt,team,qweb_text,custom/wujia_portal_debt/views/portal_debt.xml,71,Chủ tài khoản
wujia_portal_debt,team,qweb_text,custom/wujia_portal_debt/views/portal_debt.xml,75,Số tài khoản
wujia_portal_debt,team,qweb_attr,custom/wujia_portal_debt/views/portal_debt.xml,79,"aria-label=""Sao chép số tài khoản"""
wujia_portal_debt,team,qweb_text,custom/wujia_portal_debt/views/portal_debt.xml,82,Nội dung chuyển khoản
wujia_portal_debt,team,qweb_attr,custom/wujia_portal_debt/views/portal_debt.xml,86,"aria-label=""Sao chép nội dung chuyển khoản"""
wujia_portal_debt,team,qweb_text,custom/wujia_portal_debt/views/portal_debt.xml,90,Sau khi chuyển khoản
wujia_portal_debt,team,qweb_text,custom/wujia_portal_debt/views/portal_debt.xml,91,Công nợ được cập nhật sau khi {brand} xác nhận và đối soát khoản thanh toán.
wujia_portal_debt,team,qweb_text,custom/wujia_portal_debt/views/portal_debt.xml,97,Chưa cấu hình tài khoản nhận thanh toán
wujia_portal_debt,team,qweb_text,custom/wujia_portal_debt/views/portal_debt.xml,98,Cửa hàng chưa được cấu hình tài khoản nhận thanh toán. Vui lòng liên hệ bộ phận hỗ trợ để được hướng dẫn chuyển khoản.
wujia_portal_debt,team,qweb_attr,custom/wujia_portal_debt/views/portal_debt.xml,104,"name=""Wujia Portal — Công nợ tổng quan"""
wujia_portal_debt,team,qweb_text,custom/wujia_portal_debt/views/portal_debt.xml,107,Công nợ & thanh toán
wujia_portal_debt,team,qweb_text,custom/wujia_portal_debt/views/portal_debt.xml,118,Công nợ
wujia_portal_debt,team,qweb_text,custom/wujia_portal_debt/views/portal_debt.xml,120,hóa đơn
wujia_portal_debt,team,qweb_expr,custom/wujia_portal_debt/views/portal_debt.xml,127,"t-value=""'Tuần hóa đơn'"""
wujia_portal_debt,team,qweb_text,custom/wujia_portal_debt/views/portal_debt.xml,136,Tuần
wujia_portal_debt,team,qweb_text,custom/wujia_portal_debt/views/portal_debt.xml,136,không còn khoản cần thanh toán.
wujia_portal_debt,team,qweb_text,custom/wujia_portal_debt/views/portal_debt.xml,145,Chưa chọn cửa hàng
wujia_portal_debt,team,qweb_text,custom/wujia_portal_debt/views/portal_debt.xml,146,Chọn cửa hàng ở thanh phía trên để xem công nợ.
wujia_portal_debt,team,qweb_text,custom/wujia_portal_debt/views/portal_debt.xml,149,Không có công nợ trong tuần
wujia_portal_debt,team,qweb_text,custom/wujia_portal_debt/views/portal_debt.xml,150,Tuần được chọn chưa phát sinh hóa đơn.
wujia_portal_debt,team,qweb_text,custom/wujia_portal_debt/views/portal_debt.xml,151,Còn phải trả:
wujia_portal_debt,team,qweb_text,custom/wujia_portal_debt/views/portal_debt.xml,152,Hạn thanh toán:
wujia_portal_debt,team,qweb_text,custom/wujia_portal_debt/views/portal_debt.xml,153,Chạm bộ lọc phía trên để chọn tuần khác.
wujia_portal_debt,team,qweb_text,custom/wujia_portal_debt/views/portal_debt.xml,168,CÒN PHẢI TRẢ
wujia_portal_debt,team,qweb_text,custom/wujia_portal_debt/views/portal_debt.xml,181,hóa đơn • Hạn gần nhất
wujia_portal_debt,team,qweb_text,custom/wujia_portal_debt/views/portal_debt.xml,187,{brand} xác nhận ngày
wujia_portal_debt,team,qweb_text,custom/wujia_portal_debt/views/portal_debt.xml,190,Đã thanh toán toàn bộ hóa đơn trong tuần
wujia_portal_debt,team,qweb_text,custom/wujia_portal_debt/views/portal_debt.xml,192,Dư có
wujia_portal_debt,team,qweb_text,custom/wujia_portal_debt/views/portal_debt.xml,193,được khấu trừ kỳ sau
wujia_portal_debt,team,qweb_text,custom/wujia_portal_debt/views/portal_debt.xml,195,Hạn thanh toán:
wujia_portal_debt,team,qweb_text,custom/wujia_portal_debt/views/portal_debt.xml,200,Tổng giá trị hóa đơn
wujia_portal_debt,team,qweb_text,custom/wujia_portal_debt/views/portal_debt.xml,204,Đã thanh toán
wujia_portal_debt,team,qweb_text,custom/wujia_portal_debt/views/portal_debt.xml,213,Thanh toán
wujia_portal_debt,team,qweb_expr,custom/wujia_portal_debt/views/portal_debt.xml,221,"t-value=""'Hóa đơn còn số dư' if summary['state'] == 'partial' else 'Hóa đơn trong tuần'"""
wujia_portal_debt,team,qweb_text,custom/wujia_portal_debt/views/portal_debt.xml,226,Xem thêm
wujia_portal_debt,team,qweb_text,custom/wujia_portal_debt/views/portal_debt.xml,226,hóa đơn ›
wujia_portal_debt,team,qweb_text,custom/wujia_portal_debt/views/portal_debt.xml,229,hóa đơn
wujia_portal_debt,team,qweb_text,custom/wujia_portal_debt/views/portal_debt.xml,249,Đã xác nhận •
wujia_portal_debt,team,qweb_text,custom/wujia_portal_debt/views/portal_debt.xml,252,Giấy báo có •
wujia_portal_debt,team,qweb_text,custom/wujia_portal_debt/views/portal_debt.xml,255,HĐ
wujia_portal_debt,team,qweb_text,custom/wujia_portal_debt/views/portal_debt.xml,255,• Hạn
wujia_portal_debt,team,qweb_expr,custom/wujia_portal_debt/views/portal_debt.xml,264,"t-value=""'Đã trả' if inv['status'] == 'paid' else ('Được trừ' if inv['status'] == 'credit' else 'Còn lại')"""
wujia_portal_debt,team,qweb_text,custom/wujia_portal_debt/views/portal_debt.xml,274,Hiển thị
wujia_portal_debt,team,qweb_text,custom/wujia_portal_debt/views/portal_debt.xml,275,hóa đơn
wujia_portal_debt,team,qweb_text,custom/wujia_portal_debt/views/portal_debt.xml,278,Thu gọn
wujia_portal_debt,team,qweb_expr,custom/wujia_portal_debt/views/portal_debt.xml,291,"t-value=""dict(STATE_BADGE, empty_week=('Không phát sinh', 'wj-status-badge--neutral'), no_debt=('Không có công nợ', 'wj-status-badge--succes"
wujia_portal_debt,team,qweb_text,custom/wujia_portal_debt/views/portal_debt.xml,296,Portal / Công nợ
wujia_portal_debt,team,qweb_text,custom/wujia_portal_debt/views/portal_debt.xml,297,Công nợ
wujia_portal_debt,team,qweb_text,custom/wujia_portal_debt/views/portal_debt.xml,299,hóa đơn
wujia_portal_debt,team,qweb_text,custom/wujia_portal_debt/views/portal_debt.xml,308,Tuần hóa đơn
wujia_portal_debt,team,qweb_attr,custom/wujia_portal_debt/views/portal_debt.xml,310,"aria-label=""Tuần hóa đơn"""
wujia_portal_debt,team,qweb_text,custom/wujia_portal_debt/views/portal_debt.xml,321,Cửa hàng
wujia_portal_debt,team,qweb_text,custom/wujia_portal_debt/views/portal_debt.xml,329,Tuần
wujia_portal_debt,team,qweb_text,custom/wujia_portal_debt/views/portal_debt.xml,329,không còn khoản cần thanh toán.
wujia_portal_debt,team,qweb_text,custom/wujia_portal_debt/views/portal_debt.xml,335,Chưa chọn cửa hàng
wujia_portal_debt,team,qweb_text,custom/wujia_portal_debt/views/portal_debt.xml,336,Chọn cửa hàng ở thanh phía trên để xem công nợ.
wujia_portal_debt,team,qweb_text,custom/wujia_portal_debt/views/portal_debt.xml,345,Tổng giá trị hóa đơn
wujia_portal_debt,team,qweb_text,custom/wujia_portal_debt/views/portal_debt.xml,349,Đã thanh toán
wujia_portal_debt,team,qweb_text,custom/wujia_portal_debt/views/portal_debt.xml,354,Còn phải trả
wujia_portal_debt,team,qweb_text,custom/wujia_portal_debt/views/portal_debt.xml,357,Dư có
wujia_portal_debt,team,qweb_text,custom/wujia_portal_debt/views/portal_debt.xml,357,được khấu trừ kỳ sau
wujia_portal_debt,team,qweb_text,custom/wujia_portal_debt/views/portal_debt.xml,358,{brand} xác nhận ngày
wujia_portal_debt,team,qweb_text,custom/wujia_portal_debt/views/portal_debt.xml,359,Hạn thanh toán:
wujia_portal_debt,team,qweb_text,custom/wujia_portal_debt/views/portal_debt.xml,367,hóa đơn •
wujia_portal_debt,team,qweb_text,custom/wujia_portal_debt/views/portal_debt.xml,367,hóa đơn quá hạn
wujia_portal_debt,team,qweb_text,custom/wujia_portal_debt/views/portal_debt.xml,370,hóa đơn còn số dư
wujia_portal_debt,team,qweb_text,custom/wujia_portal_debt/views/portal_debt.xml,373,hóa đơn chưa thanh toán
wujia_portal_debt,team,qweb_text,custom/wujia_portal_debt/views/portal_debt.xml,375,Không còn khoản cần thanh toán trong tuần
wujia_portal_debt,team,qweb_text,custom/wujia_portal_debt/views/portal_debt.xml,379,{brand} xác nhận ngày
wujia_portal_debt,team,qweb_text,custom/wujia_portal_debt/views/portal_debt.xml,380,Đã thanh toán toàn bộ hóa đơn trong tuần
wujia_portal_debt,team,qweb_text,custom/wujia_portal_debt/views/portal_debt.xml,382,Tuần được chọn chưa phát sinh hóa đơn
wujia_portal_debt,team,qweb_text,custom/wujia_portal_debt/views/portal_debt.xml,383,Hiện tại cửa hàng không có khoản cần thanh toán
wujia_portal_debt,team,qweb_text,custom/wujia_portal_debt/views/portal_debt.xml,387,Thanh toán số còn lại
wujia_portal_debt,team,qweb_text,custom/wujia_portal_debt/views/portal_debt.xml,395,Hóa đơn trong tuần
wujia_portal_debt,team,qweb_text,custom/wujia_portal_debt/views/portal_debt.xml,399,hóa đơn
wujia_portal_debt,team,qweb_text,custom/wujia_portal_debt/views/portal_debt.xml,415,Mã hóa đơn
wujia_portal_debt,team,qweb_text,custom/wujia_portal_debt/views/portal_debt.xml,416,Ngày HĐ
wujia_portal_debt,team,qweb_text,custom/wujia_portal_debt/views/portal_debt.xml,417,Hạn thanh toán
wujia_portal_debt,team,qweb_text,custom/wujia_portal_debt/views/portal_debt.xml,418,Tổng tiền
wujia_portal_debt,team,qweb_text,custom/wujia_portal_debt/views/portal_debt.xml,419,Đã thanh toán
wujia_portal_debt,team,qweb_text,custom/wujia_portal_debt/views/portal_debt.xml,420,Còn phải trả
wujia_portal_debt,team,qweb_text,custom/wujia_portal_debt/views/portal_debt.xml,421,Trạng thái
wujia_portal_debt,team,qweb_text,custom/wujia_portal_debt/views/portal_debt.xml,422,Thao tác
wujia_portal_debt,team,qweb_text,custom/wujia_portal_debt/views/portal_debt.xml,454,Hiện không có công nợ cần thanh toán
wujia_portal_debt,team,qweb_text,custom/wujia_portal_debt/views/portal_debt.xml,455,Cửa hàng không có hóa đơn còn số dư. Bạn vẫn có thể xem lịch sử thanh toán.
wujia_portal_debt,team,qweb_text,custom/wujia_portal_debt/views/portal_debt.xml,458,Không có công nợ trong tuần
wujia_portal_debt,team,qweb_text,custom/wujia_portal_debt/views/portal_debt.xml,459,Chọn tuần khác ở bộ lọc phía trên để xem dữ liệu.
wujia_portal_debt,team,qweb_attr,custom/wujia_portal_debt/views/portal_debt.xml,470,"aria-label=""Thanh toán công nợ"""
wujia_portal_debt,team,qweb_attr,custom/wujia_portal_debt/views/portal_debt.xml,473,"aria-label=""Đóng"""
wujia_portal_debt,team,qweb_attr,custom/wujia_portal_debt/views/portal_debt.xml,473,"title=""Đóng"""
wujia_portal_debt,team,qweb_text,custom/wujia_portal_debt/views/portal_debt.xml,474,Thanh toán công nợ
wujia_portal_debt,team,qweb_text,custom/wujia_portal_debt/views/portal_debt.xml,475,Tuần hóa đơn
wujia_portal_debt,team,qweb_text,custom/wujia_portal_debt/views/portal_debt.xml,479,Số tiền cần chuyển
wujia_portal_debt,team,qweb_text,custom/wujia_portal_debt/views/portal_debt.xml,482,Cần thanh toán
wujia_portal_debt,team,qweb_text,custom/wujia_portal_debt/views/portal_debt.xml,490,Đóng
wujia_portal_debt,team,qweb_attr,custom/wujia_portal_debt/views/portal_debt.xml,500,"name=""Wujia Portal — Lịch sử thanh toán"""
wujia_portal_debt,team,qweb_text,custom/wujia_portal_debt/views/portal_debt.xml,503,Lịch sử thanh toán
wujia_portal_debt,team,qweb_text,custom/wujia_portal_debt/views/portal_debt.xml,516,Lịch sử thanh toán
wujia_portal_debt,team,qweb_expr,custom/wujia_portal_debt/views/portal_debt.xml,524,"t-value=""'Thời gian thanh toán'"""
wujia_portal_debt,team,qweb_text,custom/wujia_portal_debt/views/portal_debt.xml,532,Các khoản thanh toán đã được {brand} xác nhận trong thời gian đã chọn.
wujia_portal_debt,team,qweb_text,custom/wujia_portal_debt/views/portal_debt.xml,537,Các khoản thanh toán
wujia_portal_debt,team,qweb_text,custom/wujia_portal_debt/views/portal_debt.xml,542,giao dịch
wujia_portal_debt,team,qweb_text,custom/wujia_portal_debt/views/portal_debt.xml,550,Chưa có giao dịch
wujia_portal_debt,team,qweb_expr,custom/wujia_portal_debt/views/portal_debt.xml,552,"t-out=""'Chọn cửa hàng ở thanh phía trên để xem lịch sử thanh toán.' if no_store else 'Kỳ được chọn chưa có khoản thanh toán nào được xác nhậ"
wujia_portal_debt,team,qweb_text,custom/wujia_portal_debt/views/portal_debt.xml,566,Đã xác nhận
wujia_portal_debt,team,qweb_text,custom/wujia_portal_debt/views/portal_debt.xml,584,Số tiền
wujia_portal_debt,team,qweb_text,custom/wujia_portal_debt/views/portal_debt.xml,594,Tổng đã xác nhận:
wujia_portal_debt,team,qweb_text,custom/wujia_portal_debt/views/portal_debt.xml,608,Portal / Công nợ
wujia_portal_debt,team,qweb_text,custom/wujia_portal_debt/views/portal_debt.xml,609,Công nợ
wujia_portal_debt,team,qweb_text,custom/wujia_portal_debt/views/portal_debt.xml,617,Thời gian thanh toán
wujia_portal_debt,team,qweb_attr,custom/wujia_portal_debt/views/portal_debt.xml,619,"aria-label=""Thời gian thanh toán"""
wujia_portal_debt,team,qweb_attr,custom/wujia_portal_debt/views/portal_debt.xml,631,"placeholder=""Tìm mã thanh toán, tham chiếu…"""
wujia_portal_debt,team,qweb_text,custom/wujia_portal_debt/views/portal_debt.xml,633,Tìm kiếm
wujia_portal_debt,team,qweb_text,custom/wujia_portal_debt/views/portal_debt.xml,638,Chưa chọn cửa hàng
wujia_portal_debt,team,qweb_text,custom/wujia_portal_debt/views/portal_debt.xml,639,Chọn cửa hàng ở thanh phía trên để xem lịch sử thanh toán.
wujia_portal_debt,team,qweb_text,custom/wujia_portal_debt/views/portal_debt.xml,645,Chỉ hiển thị các khoản thanh toán đã được {brand} xác nhận.
wujia_portal_debt,team,qweb_text,custom/wujia_portal_debt/views/portal_debt.xml,647,Lọc theo ngày thanh toán
wujia_portal_debt,team,qweb_text,custom/wujia_portal_debt/views/portal_debt.xml,654,Các khoản thanh toán
wujia_portal_debt,team,qweb_text,custom/wujia_portal_debt/views/portal_debt.xml,658,giao dịch
wujia_portal_debt,team,qweb_text,custom/wujia_portal_debt/views/portal_debt.xml,672,Tổng thanh toán trong thời gian lọc:
wujia_portal_debt,team,qweb_text,custom/wujia_portal_debt/views/portal_debt.xml,678,Mã thanh toán
wujia_portal_debt,team,qweb_text,custom/wujia_portal_debt/views/portal_debt.xml,679,Ngày thanh toán
wujia_portal_debt,team,qweb_text,custom/wujia_portal_debt/views/portal_debt.xml,680,Phương thức
wujia_portal_debt,team,qweb_text,custom/wujia_portal_debt/views/portal_debt.xml,681,Tham chiếu
wujia_portal_debt,team,qweb_text,custom/wujia_portal_debt/views/portal_debt.xml,682,Số tiền
wujia_portal_debt,team,qweb_text,custom/wujia_portal_debt/views/portal_debt.xml,683,Trạng thái
wujia_portal_debt,team,qweb_text,custom/wujia_portal_debt/views/portal_debt.xml,695,Đã xác nhận
wujia_portal_debt,team,qweb_text,custom/wujia_portal_debt/views/portal_debt.xml,704,Chưa có giao dịch
wujia_portal_debt,team,qweb_text,custom/wujia_portal_debt/views/portal_debt.xml,705,Kỳ được chọn chưa có khoản thanh toán nào được xác nhận.
wujia_portal_debt,team,qweb_attr,custom/wujia_portal_debt/views/portal_debt.xml,716,"name=""Wujia Portal — Thanh toán công nợ"""
wujia_portal_debt,team,qweb_text,custom/wujia_portal_debt/views/portal_debt.xml,719,Thanh toán công nợ
wujia_portal_debt,team,qweb_text,custom/wujia_portal_debt/views/portal_debt.xml,726,Thanh toán công nợ
wujia_portal_debt,team,qweb_text,custom/wujia_portal_debt/views/portal_debt.xml,731,SỐ TIỀN CẦN CHUYỂN
wujia_portal_debt,team,qweb_text,custom/wujia_portal_debt/views/portal_debt.xml,732,Tuần
wujia_portal_debt,team,qweb_text,custom/wujia_portal_debt/views/portal_debt.xml,740,THÔNG TIN CHUYỂN KHOẢN
wujia_portal_debt,team,qweb_text,custom/wujia_portal_debt/views/portal_debt.xml,746,Ngân hàng
wujia_portal_debt,team,qweb_text,custom/wujia_portal_debt/views/portal_debt.xml,750,Chủ tài khoản
wujia_portal_debt,team,qweb_text,custom/wujia_portal_debt/views/portal_debt.xml,754,Số tài khoản
wujia_portal_debt,team,qweb_attr,custom/wujia_portal_debt/views/portal_debt.xml,758,"aria-label=""Sao chép số tài khoản"""
wujia_portal_debt,team,qweb_text,custom/wujia_portal_debt/views/portal_debt.xml,763,Nội dung
wujia_portal_debt,team,qweb_attr,custom/wujia_portal_debt/views/portal_debt.xml,767,"aria-label=""Sao chép nội dung chuyển khoản"""
wujia_portal_debt,team,qweb_text,custom/wujia_portal_debt/views/portal_debt.xml,776,Sau khi chuyển khoản
wujia_portal_debt,team,qweb_text,custom/wujia_portal_debt/views/portal_debt.xml,781,Công nợ cập nhật sau khi {brand} xác nhận.
wujia_portal_debt,team,qweb_text,custom/wujia_portal_debt/views/portal_debt.xml,788,Chưa cấu hình tài khoản nhận thanh toán
wujia_portal_debt,team,qweb_text,custom/wujia_portal_debt/views/portal_debt.xml,789,Cửa hàng chưa được cấu hình tài khoản nhận thanh toán.
wujia_portal_debt,team,qweb_text,custom/wujia_portal_debt/views/portal_debt.xml,790,Vui lòng liên hệ bộ phận hỗ trợ để được hướng dẫn chuyển khoản.
wujia_portal_debt,team,qweb_text,custom/wujia_portal_debt/views/portal_debt.xml,800,Portal / Công nợ
wujia_portal_debt,team,qweb_text,custom/wujia_portal_debt/views/portal_debt.xml,801,Thanh toán công nợ
wujia_portal_debt,team,qweb_text,custom/wujia_portal_debt/views/portal_debt.xml,808,Số tiền cần chuyển • tuần
wujia_portal_debt,team,qweb_text,custom/wujia_portal_debt/views/portal_debt.xml,811,Cần thanh toán
wujia_portal_debt,team,qweb_text,custom/wujia_portal_debt/views/portal_debt.xml,816,Về trang công nợ
wujia_portal_debt,team,qweb_attr,custom/wujia_portal_debt/views/portal_debt.xml,826,"name=""Wujia Portal — Công nợ không có quyền"""
wujia_portal_debt,team,qweb_text,custom/wujia_portal_debt/views/portal_debt.xml,834,Công nợ
wujia_portal_debt,team,qweb_text,custom/wujia_portal_debt/views/portal_debt.xml,838,Không có quyền xem
wujia_portal_debt,team,qweb_text,custom/wujia_portal_debt/views/portal_debt.xml,839,Bạn không có quyền xem công nợ và thanh toán của cửa hàng.
wujia_portal_debt,team,qweb_text,custom/wujia_portal_debt/views/portal_debt.xml,840,Vui lòng liên hệ chủ tiệm hoặc quản lý.
wujia_portal_debt,team,qweb_text,custom/wujia_portal_debt/views/portal_debt.xml,848,Portal / Công nợ
wujia_portal_debt,team,qweb_text,custom/wujia_portal_debt/views/portal_debt.xml,849,Công nợ
wujia_portal_debt,team,qweb_text,custom/wujia_portal_debt/views/portal_debt.xml,853,Không có quyền xem
wujia_portal_debt,team,qweb_text,custom/wujia_portal_debt/views/portal_debt.xml,854,Bạn không có quyền xem công nợ và thanh toán của cửa hàng. Vui lòng liên hệ chủ tiệm hoặc quản lý.
wujia_portal_delivery,team,py_literal,custom/wujia_portal_delivery/__manifest__.py,5,Theo dõi chuyến giao hàng portal — list batch + detail (desktop + mobile Figma 4731)
wujia_portal_delivery,team,test,custom/wujia_portal_delivery/tests/test_e4c_filter_dates.py,51,thiếu ô báo lỗi wj-dlv-pcerr
wujia_portal_delivery,team,test,custom/wujia_portal_delivery/tests/test_e4c_filter_dates.py,65,thiếu ô báo lỗi %s
wujia_portal_delivery,team,test,custom/wujia_portal_delivery/tests/test_delivery_c5.py,104,Xuất phát (dự kiến)
wujia_portal_delivery,team,test,custom/wujia_portal_delivery/tests/test_delivery_c5.py,111,Xuất phát (thực tế)
wujia_portal_delivery,team,test,custom/wujia_portal_delivery/tests/test_delivery_c5.py,150,Giao hàng sắp tới
wujia_portal_delivery,team,test,custom/wujia_portal_delivery/tests/test_delivery_c5.py,171,Xuất phát (thực tế)
wujia_portal_delivery,team,test,custom/wujia_portal_delivery/tests/test_delivery_c5.py,180,Xuất phát (dự kiến)
wujia_portal_delivery,team,test,custom/wujia_portal_delivery/tests/test_delivery_c5.py,181,Xuất phát (thực tế)
wujia_portal_delivery,team,test,custom/wujia_portal_delivery/tests/test_delivery_c5.py,193,3 đơn chưa giao
wujia_portal_delivery,team,test,custom/wujia_portal_delivery/tests/test_delivery_c5.py,234,1 đơn chưa giao
wujia_portal_delivery,team,test,custom/wujia_portal_delivery/tests/test_delivery_c5.py,237,Chưa có chuyến giao sắp tới
wujia_portal_delivery,team,test,custom/wujia_portal_delivery/tests/test_delivery_c5.py,151,Đơn hàng gần đây
wujia_portal_delivery,team,test,custom/wujia_portal_delivery/tests/test_delivery_c5.py,144,Tất cả\s*(\d+)
wujia_portal_delivery,team,test,custom/wujia_portal_delivery/tests/test_f5_nav_item.py,23,"<t t-set=""ni_label"">Giao hàng</t>"
wujia_portal_delivery,team,py_literal,custom/wujia_portal_delivery/controllers/portal.py,47,Sắp giao
wujia_portal_delivery,team,py_literal,custom/wujia_portal_delivery/controllers/portal.py,48,Sắp giao
wujia_portal_delivery,team,py_literal,custom/wujia_portal_delivery/controllers/portal.py,49,Sắp giao
wujia_portal_delivery,team,py_literal,custom/wujia_portal_delivery/controllers/portal.py,50,Đang giao
wujia_portal_delivery,team,py_literal,custom/wujia_portal_delivery/controllers/portal.py,51,Đã giao
wujia_portal_delivery,team,py_literal,custom/wujia_portal_delivery/controllers/portal.py,52,Đã hủy
wujia_portal_delivery,team,py_literal,custom/wujia_portal_delivery/controllers/portal.py,335,Giao hàng
wujia_portal_delivery,team,py_literal,custom/wujia_portal_delivery/controllers/portal.py,336,Mã lô:
wujia_portal_delivery,team,py_literal,custom/wujia_portal_delivery/controllers/portal.py,193,chuyến
wujia_portal_delivery,team,qweb_attr,custom/wujia_portal_delivery/views/bottomnav_inherit.xml,8,"name=""Wujia Mobile — tab Giao hàng"""
wujia_portal_delivery,team,qweb_text,custom/wujia_portal_delivery/views/bottomnav_inherit.xml,16,Giao hàng
wujia_portal_delivery,team,qweb_attr,custom/wujia_portal_delivery/views/sidenav_inherit.xml,9,"name=""Wujia Sidenav — Giao hàng"""
wujia_portal_delivery,team,qweb_text,custom/wujia_portal_delivery/views/sidenav_inherit.xml,16,Giao hàng
wujia_portal_delivery,team,qweb_text,custom/wujia_portal_delivery/views/portal_delivery.xml,27,Danh sách chuyến giao
wujia_portal_delivery,team,qweb_text,custom/wujia_portal_delivery/views/portal_delivery.xml,34,Đang tải dữ liệu...
wujia_portal_delivery,team,qweb_text,custom/wujia_portal_delivery/views/portal_delivery.xml,35,chuyến · Mới nhất trước
wujia_portal_delivery,team,qweb_text,custom/wujia_portal_delivery/views/portal_delivery.xml,36,0 chuyến
wujia_portal_delivery,team,qweb_text,custom/wujia_portal_delivery/views/portal_delivery.xml,43,Tất cả
wujia_portal_delivery,team,qweb_text,custom/wujia_portal_delivery/views/portal_delivery.xml,45,Đang giao
wujia_portal_delivery,team,qweb_text,custom/wujia_portal_delivery/views/portal_delivery.xml,47,Sắp giao
wujia_portal_delivery,team,qweb_text,custom/wujia_portal_delivery/views/portal_delivery.xml,49,Đã giao
wujia_portal_delivery,team,qweb_text,custom/wujia_portal_delivery/views/portal_delivery.xml,60,Mã chuyến
wujia_portal_delivery,team,qweb_text,custom/wujia_portal_delivery/views/portal_delivery.xml,61,Giờ xuất phát
wujia_portal_delivery,team,qweb_text,custom/wujia_portal_delivery/views/portal_delivery.xml,62,Đơn liên quan
wujia_portal_delivery,team,qweb_text,custom/wujia_portal_delivery/views/portal_delivery.xml,63,Trạng thái
wujia_portal_delivery,team,qweb_text,custom/wujia_portal_delivery/views/portal_delivery.xml,64,Xe · tài xế
wujia_portal_delivery,team,qweb_text,custom/wujia_portal_delivery/views/portal_delivery.xml,65,Biển số
wujia_portal_delivery,team,qweb_text,custom/wujia_portal_delivery/views/portal_delivery.xml,66,Cập nhật
wujia_portal_delivery,team,qweb_text,custom/wujia_portal_delivery/views/portal_delivery.xml,67,Thao tác
wujia_portal_delivery,team,qweb_text,custom/wujia_portal_delivery/views/portal_delivery.xml,77,(thực tế)
wujia_portal_delivery,team,qweb_text,custom/wujia_portal_delivery/views/portal_delivery.xml,113,Không có chuyến giao
wujia_portal_delivery,team,qweb_text,custom/wujia_portal_delivery/views/portal_delivery.xml,114,Không tìm thấy chuyến giao trong khoảng ngày đã chọn.
wujia_portal_delivery,team,qweb_text,custom/wujia_portal_delivery/views/portal_delivery.xml,115,Đổi bộ lọc
wujia_portal_delivery,team,qweb_text,custom/wujia_portal_delivery/views/portal_delivery.xml,121,Không tải được dữ liệu giao hàng
wujia_portal_delivery,team,qweb_text,custom/wujia_portal_delivery/views/portal_delivery.xml,122,Vui lòng thử tải lại hoặc kiểm tra kết nối.
wujia_portal_delivery,team,qweb_text,custom/wujia_portal_delivery/views/portal_delivery.xml,124,Tải lại
wujia_portal_delivery,team,qweb_text,custom/wujia_portal_delivery/views/portal_delivery.xml,131,Tất cả
wujia_portal_delivery,team,qweb_text,custom/wujia_portal_delivery/views/portal_delivery.xml,133,Sắp giao
wujia_portal_delivery,team,qweb_text,custom/wujia_portal_delivery/views/portal_delivery.xml,135,Đang giao
wujia_portal_delivery,team,qweb_text,custom/wujia_portal_delivery/views/portal_delivery.xml,137,Đã giao
wujia_portal_delivery,team,qweb_text,custom/wujia_portal_delivery/views/portal_delivery.xml,147,chuyến
wujia_portal_delivery,team,qweb_text,custom/wujia_portal_delivery/views/portal_delivery.xml,148,Mới nhất trước
wujia_portal_delivery,team,qweb_text,custom/wujia_portal_delivery/views/portal_delivery.xml,171,Đơn liên quan
wujia_portal_delivery,team,qweb_text,custom/wujia_portal_delivery/views/portal_delivery.xml,186,Không có chuyến giao
wujia_portal_delivery,team,qweb_text,custom/wujia_portal_delivery/views/portal_delivery.xml,187,Không tìm thấy chuyến giao trong khoảng ngày đã chọn.
wujia_portal_delivery,team,qweb_text,custom/wujia_portal_delivery/views/portal_delivery.xml,188,Hãy đổi bộ lọc hoặc kiểm tra lại sau.
wujia_portal_delivery,team,qweb_text,custom/wujia_portal_delivery/views/portal_delivery.xml,189,Xóa lọc
wujia_portal_delivery,team,qweb_text,custom/wujia_portal_delivery/views/portal_delivery.xml,195,Không tải được dữ liệu
wujia_portal_delivery,team,qweb_text,custom/wujia_portal_delivery/views/portal_delivery.xml,196,Vui lòng kiểm tra kết nối hoặc thử tải lại.
wujia_portal_delivery,team,qweb_text,custom/wujia_portal_delivery/views/portal_delivery.xml,197,Tải lại
wujia_portal_delivery,team,qweb_text,custom/wujia_portal_delivery/views/portal_delivery.xml,203,Đang tải dữ liệu…
wujia_portal_delivery,team,qweb_text,custom/wujia_portal_delivery/views/portal_delivery.xml,258,Theo dõi giao hàng
wujia_portal_delivery,team,qweb_text,custom/wujia_portal_delivery/views/portal_delivery.xml,270,Giao hàng
wujia_portal_delivery,team,qweb_text,custom/wujia_portal_delivery/views/portal_delivery.xml,275,Chưa có cửa hàng
wujia_portal_delivery,team,qweb_text,custom/wujia_portal_delivery/views/portal_delivery.xml,276,Bạn chưa được gán vào cửa hàng nào.
wujia_portal_delivery,team,qweb_expr,custom/wujia_portal_delivery/views/portal_delivery.xml,286,"t-value=""{'name': 'q', 'value': q, 'placeholder': 'Tìm mã chuyến / mã SO'}"""
wujia_portal_delivery,team,qweb_expr,custom/wujia_portal_delivery/views/portal_delivery.xml,295,"t-value=""[{'name': 'bs', 'value': bs, 'label': 'Trạng thái', 'all_label': 'Tất cả trạng thái', 'options': [('going', 'Đang giao'), ('soon', "
wujia_portal_delivery,team,qweb_text,custom/wujia_portal_delivery/views/portal_delivery.xml,315,Giao hàng
wujia_portal_delivery,team,qweb_text,custom/wujia_portal_delivery/views/portal_delivery.xml,320,Bạn chưa được gán vào cửa hàng nào.
wujia_portal_delivery,team,qweb_expr,custom/wujia_portal_delivery/views/portal_delivery.xml,329,"t-value=""{'name': 'q', 'value': q, 'placeholder': 'Tìm mã chuyến / mã SO'}"""
wujia_portal_delivery,team,qweb_text,custom/wujia_portal_delivery/views/portal_delivery.xml,366,Giao hàng / Chi tiết chuyến giao
wujia_portal_delivery,team,qweb_text,custom/wujia_portal_delivery/views/portal_delivery.xml,367,Chi tiết giao hàng
wujia_portal_delivery,team,qweb_text,custom/wujia_portal_delivery/views/portal_delivery.xml,378,Chuyến giao cho
wujia_portal_delivery,team,qweb_text,custom/wujia_portal_delivery/views/portal_delivery.xml,393,Đơn liên quan
wujia_portal_delivery,team,qweb_text,custom/wujia_portal_delivery/views/portal_delivery.xml,397,Cập nhật
wujia_portal_delivery,team,qweb_text,custom/wujia_portal_delivery/views/portal_delivery.xml,408,Thông tin vận chuyển
wujia_portal_delivery,team,qweb_text,custom/wujia_portal_delivery/views/portal_delivery.xml,413,Xe / tài xế
wujia_portal_delivery,team,qweb_text,custom/wujia_portal_delivery/views/portal_delivery.xml,420,Biển số
wujia_portal_delivery,team,qweb_text,custom/wujia_portal_delivery/views/portal_delivery.xml,427,Kho xuất
wujia_portal_delivery,team,qweb_text,custom/wujia_portal_delivery/views/portal_delivery.xml,431,Trạng thái
wujia_portal_delivery,team,qweb_text,custom/wujia_portal_delivery/views/portal_delivery.xml,440,Đơn liên quan
wujia_portal_delivery,team,qweb_text,custom/wujia_portal_delivery/views/portal_delivery.xml,452,Xuất kho
wujia_portal_delivery,team,qweb_text,custom/wujia_portal_delivery/views/portal_delivery.xml,458,Đang giao
wujia_portal_delivery,team,qweb_text,custom/wujia_portal_delivery/views/portal_delivery.xml,464,Hoàn tất
wujia_portal_delivery,team,qweb_text,custom/wujia_portal_delivery/views/portal_delivery.xml,476,Sản phẩm trong chuyến
wujia_portal_delivery,team,qweb_text,custom/wujia_portal_delivery/views/portal_delivery.xml,477,"Dạng bảng để đối chiếu nhanh tên sản phẩm, số lượng và đơn vị tính."
wujia_portal_delivery,team,qweb_text,custom/wujia_portal_delivery/views/portal_delivery.xml,480,Tải danh sách
wujia_portal_delivery,team,qweb_text,custom/wujia_portal_delivery/views/portal_delivery.xml,487,Tên sản phẩm
wujia_portal_delivery,team,qweb_text,custom/wujia_portal_delivery/views/portal_delivery.xml,488,Số lượng
wujia_portal_delivery,team,qweb_text,custom/wujia_portal_delivery/views/portal_delivery.xml,489,ĐVT
wujia_portal_delivery,team,qweb_text,custom/wujia_portal_delivery/views/portal_delivery.xml,500,Chưa có sản phẩm trong chuyến.
wujia_portal_delivery,team,qweb_text,custom/wujia_portal_delivery/views/portal_delivery.xml,512,Chi tiết giao hàng
wujia_portal_delivery,team,qweb_text,custom/wujia_portal_delivery/views/portal_delivery.xml,521,Chuyến xe
wujia_portal_delivery,team,qweb_text,custom/wujia_portal_delivery/views/portal_delivery.xml,533,Cập nhật:
wujia_portal_delivery,team,qweb_text,custom/wujia_portal_delivery/views/portal_delivery.xml,537,Thông tin chuyến
wujia_portal_delivery,team,qweb_text,custom/wujia_portal_delivery/views/portal_delivery.xml,542,Đơn liên quan
wujia_portal_delivery,team,qweb_text,custom/wujia_portal_delivery/views/portal_delivery.xml,546,Xe / tài xế
wujia_portal_delivery,team,qweb_text,custom/wujia_portal_delivery/views/portal_delivery.xml,553,Biển số
wujia_portal_delivery,team,qweb_text,custom/wujia_portal_delivery/views/portal_delivery.xml,559,Sản phẩm trong chuyến
wujia_portal_delivery,team,qweb_text,custom/wujia_portal_delivery/views/portal_delivery.xml,565,Tên sản phẩm
wujia_portal_delivery,team,qweb_text,custom/wujia_portal_delivery/views/portal_delivery.xml,567,ĐVT
wujia_portal_delivery,team,qweb_text,custom/wujia_portal_delivery/views/portal_delivery.xml,576,Chưa có sản phẩm trong chuyến.
wujia_portal_exam,team,py_literal,custom/wujia_portal_exam/__manifest__.py,2,Wujia Portal — Exam (Đào tạo / Thi)
wujia_portal_exam,team,py_literal,custom/wujia_portal_exam/__manifest__.py,5,Màn Đăng ký thi trên portal (PC + mobile) — nghiệp vụ ở wujia_exam (F12).
wujia_portal_exam,team,test,custom/wujia_portal_exam/tests/test_button_e6c.py,107,"textContent\s*=\s*[\'""]Đang gửi"
wujia_portal_exam,team,test,custom/wujia_portal_exam/tests/test_button_e6c.py,114,nút lùi wizard thiếu aria-label
wujia_portal_exam,team,test,custom/wujia_portal_exam/tests/test_button_e6c.py,73,mất khối %s
wujia_portal_exam,team,test,custom/wujia_portal_exam/tests/test_button_e6c.py,87,mất khối %s
wujia_portal_exam,team,test,custom/wujia_portal_exam/tests/test_button_e6c.py,95,mất nút %s
wujia_portal_exam,team,test,custom/wujia_portal_exam/tests/test_button_e6c.py,63,%s bị kéo về atom
wujia_portal_exam,team,test,custom/wujia_portal_exam/tests/test_button_e6c.py,76,%s thiếu %s
wujia_portal_exam,team,test,custom/wujia_portal_exam/tests/test_button_e6c.py,78,"%s %s = %s, phải đọc token --wj-btn-*"
wujia_portal_exam,team,test,custom/wujia_portal_exam/tests/test_button_e6c.py,82,%s border-radius %s là số cứng
wujia_portal_exam,team,test,custom/wujia_portal_exam/tests/test_list_card_e5b2.py,33,không còn item khoá thi ở bước 1
wujia_portal_exam,team,test,custom/wujia_portal_exam/tests/test_list_card_e5b2.py,38,không còn item nhân sự ở phiếu đăng ký
wujia_portal_exam,team,test,custom/wujia_portal_exam/tests/test_list_card_e5b2.py,47,mất nút chuyển bước
wujia_portal_exam,team,test,custom/wujia_portal_exam/tests/test_list_card_e5b2.py,58,hàng meta mất lớp hành vi
wujia_portal_exam,team,test,custom/wujia_portal_exam/tests/test_list_card_e5b2.py,67,nút Chọn không ở slot lc_actions
wujia_portal_exam,team,test,custom/wujia_portal_exam/tests/test_list_card_e5b2.py,71,khoá đã đóng vẫn hiện nút Chọn
wujia_portal_exam,team,test,custom/wujia_portal_exam/tests/test_list_card_e5b2.py,72,interactive lồng interactive
wujia_portal_exam,team,test,custom/wujia_portal_exam/tests/test_list_card_e5b2.py,80,Đạt
wujia_portal_exam,team,test,custom/wujia_portal_exam/tests/test_list_card_e5b2.py,80,Không đạt
wujia_portal_exam,team,test,custom/wujia_portal_exam/tests/test_list_card_e5b2.py,80,Chờ kết quả
wujia_portal_exam,team,test,custom/wujia_portal_exam/tests/test_list_card_e5b2.py,84,hai nhánh published/chờ kết quả
wujia_portal_exam,team,test,custom/wujia_portal_exam/tests/test_list_card_e5b2.py,87,badge kết quả không compact
wujia_portal_exam,team,test,custom/wujia_portal_exam/tests/test_list_card_e5b2.py,61,JS còn bám lớp trình bày đã gỡ: %s
wujia_portal_exam,team,test,custom/wujia_portal_exam/tests/test_list_card_e5b2.py,81,mất trạng thái %s
wujia_portal_exam,team,test,custom/wujia_portal_exam/tests/test_e4c_filter_dates.py,105,thanh lọc mobile không còn là một form
wujia_portal_exam,team,test,custom/wujia_portal_exam/tests/test_e4c_filter_dates.py,98,thiếu ô báo lỗi %s
wujia_portal_exam,team,test,custom/wujia_portal_exam/tests/test_f5_nav_item.py,23,"<t t-set=""ni_label"">Đăng ký thi</t>"
wujia_portal_exam,team,test,custom/wujia_portal_exam/tests/test_data_list_d5h.py,78,bảng PC lịch sử đăng ký + bảng kết quả
wujia_portal_exam,team,test,custom/wujia_portal_exam/tests/test_data_list_d5h.py,81,bảng kết quả thi (D5h.1) phải nằm trong wj_data_list
wujia_portal_exam,team,test,custom/wujia_portal_exam/tests/test_data_list_d5h.py,83,lịch thi + khoá thi + danh sách nhân sự
wujia_portal_exam,team,test,custom/wujia_portal_exam/tests/test_data_list_d5h.py,85,E5b2: không còn danh sách nào của màn Thi ở dải 64–76
wujia_portal_exam,team,test,custom/wujia_portal_exam/tests/test_data_list_d5h.py,98,số cột hai bảng PC màn Thi đổi (8 + 7)
wujia_portal_exam,team,test,custom/wujia_portal_exam/tests/test_data_list_d5h.py,104,phải đúng 3 danh sách mobile dùng ListCard
wujia_portal_exam,team,test,custom/wujia_portal_exam/tests/test_data_list_d5h.py,121,không quét trúng bảng nào — guard rỗng
wujia_portal_exam,team,test,custom/wujia_portal_exam/tests/test_data_list_d5h.py,132,bảng kết quả không phân trang mà vẫn truyền dl_pager
wujia_portal_exam,team,test,custom/wujia_portal_exam/tests/test_data_list_d5h.py,136,thiếu dl_empty ⇒ 0 dòng vẫn vẽ khung bảng rỗng
wujia_portal_exam,team,test,custom/wujia_portal_exam/tests/test_data_list_d5h.py,139,thiếu DataState cho bảng kết quả
wujia_portal_exam,team,test,custom/wujia_portal_exam/tests/test_data_list_d5h.py,159,không quét trúng rule nào — guard rỗng
wujia_portal_exam,team,test,custom/wujia_portal_exam/tests/test_data_list_d5h.py,178,không quét trúng rule nào — guard rỗng
wujia_portal_exam,team,test,custom/wujia_portal_exam/tests/test_data_list_d5h.py,195,mất rule .wj-surface-card
wujia_portal_exam,team,test,custom/wujia_portal_exam/tests/test_data_list_d5h.py,197,CSS của SurfaceCard đã bị sửa ở lượt D5h
wujia_portal_exam,team,test,custom/wujia_portal_exam/tests/test_data_list_d5h.py,199,item màn Thi lại mang hai chủ dáng (D4 + D5)
wujia_portal_exam,team,test,custom/wujia_portal_exam/tests/test_data_list_d5h.py,93,bảng PC mất thead
wujia_portal_exam,team,test,custom/wujia_portal_exam/tests/test_data_list_d5h.py,106,item thiếu wj-data-item
wujia_portal_exam,team,test,custom/wujia_portal_exam/tests/test_data_list_d5h.py,114,bảng PC thi phải truyền dl_pager
wujia_portal_exam,team,test,custom/wujia_portal_exam/tests/test_data_list_d5h.py,117,bảng PC thi không gọi component pager
wujia_portal_exam,team,test,custom/wujia_portal_exam/tests/test_data_list_d5h.py,119,nút trang cũ quay lại màn thi
wujia_portal_exam,team,test,custom/wujia_portal_exam/tests/test_data_list_d5h.py,96,"th thiếu scope=""col"": %s"
wujia_portal_exam,team,test,custom/wujia_portal_exam/tests/test_data_list_d5h.py,188,%s: rule layout riêng quay lại
wujia_portal_exam,team,test,custom/wujia_portal_exam/tests/test_data_list_d5h.py,157,"rule cũ ""%s"" còn ép %s mà chưa khoá :not(.wj-data-table)"
wujia_portal_exam,team,test,custom/wujia_portal_exam/tests/test_data_list_d5h.py,177,"rule ""%s"" giành lại dáng item bằng %s"
wujia_portal_exam,team,test,custom/wujia_portal_exam/tests/test_portal_exam_f12.py,30,Chọn khóa thi
wujia_portal_exam,team,test,custom/wujia_portal_exam/tests/test_portal_exam_f12.py,62,giữ chỗ
wujia_portal_exam,team,test,custom/wujia_portal_exam/tests/test_portal_exam_f12.py,54,Khung giờ đã thay đổi hoặc không còn. Vui lòng chọn lại lịch thi.
wujia_portal_exam,team,test,custom/wujia_portal_exam/tests/test_portal_exam_f12.py,55,Cần ít nhất 1 người dự thi.
wujia_portal_exam,team,test,custom/wujia_portal_exam/tests/test_portal_exam_f12.py,57,Tối đa 2 người mỗi phiếu.
wujia_portal_exam,team,test,custom/wujia_portal_exam/tests/test_portal_exam_f12.py,59,Số điện thoại '12' không hợp lệ (vd 0901234567).
wujia_portal_exam,team,test,custom/wujia_portal_exam/tests/test_portal_exam_f12.py,40,Còn 20 chỗ
wujia_portal_exam,team,test,custom/wujia_portal_exam/tests/test_portal_exam_f12.py,40,Hết chỗ
wujia_portal_exam,team,test,custom/wujia_portal_exam/tests/test_portal_exam_f12.py,40,Hết hạn
wujia_portal_exam,team,test,custom/wujia_portal_exam/tests/test_portal_exam_f12.py,40,Đã đóng
wujia_portal_exam,team,js_literal,custom/wujia_portal_exam/static/src/js/portal_exam_pc.js,181,Chọn một ngày có lịch để xem khung giờ.
wujia_portal_exam,team,js_literal,custom/wujia_portal_exam/static/src/js/portal_exam_pc.js,187,Chọn một ngày có lịch để xem khung giờ.
wujia_portal_exam,team,js_literal,custom/wujia_portal_exam/static/src/js/portal_exam_pc.js,195,Không có khung giờ khả dụng.
wujia_portal_exam,team,js_literal,custom/wujia_portal_exam/static/src/js/portal_exam_pc.js,230,Đang tải khung giờ…
wujia_portal_exam,team,js_literal,custom/wujia_portal_exam/static/src/js/portal_exam_pc.js,236,Không tải được khung giờ.
wujia_portal_exam,team,js_literal,custom/wujia_portal_exam/static/src/js/portal_exam_pc.js,241,Lỗi kết nối khi tải khung giờ.
wujia_portal_exam,team,js_literal,custom/wujia_portal_exam/static/src/js/portal_exam_pc.js,262,Khung giờ ngày
wujia_portal_exam,team,js_literal,custom/wujia_portal_exam/static/src/js/portal_exam_pc.js,293,Ca còn:
wujia_portal_exam,team,js_literal,custom/wujia_portal_exam/static/src/js/portal_exam_pc.js,293,chỗ
wujia_portal_exam,team,js_literal,custom/wujia_portal_exam/static/src/js/portal_exam_pc.js,305,Mỗi phiếu được đăng ký tối đa
wujia_portal_exam,team,js_literal,custom/wujia_portal_exam/static/src/js/portal_exam_pc.js,305,người.
wujia_portal_exam,team,js_literal,custom/wujia_portal_exam/static/src/js/portal_exam_pc.js,306,Chọn khóa thi để xem giới hạn người mỗi phiếu.
wujia_portal_exam,team,js_literal,custom/wujia_portal_exam/static/src/js/portal_exam_pc.js,327,"<button type=""button"" class=""wj-iconbtn wj-iconbtn--ghost wj-iconbtn--sm"" data-wj-exam-line-edit=""1"" aria-label=""Sửa người tham gia"">"
wujia_portal_exam,team,js_literal,custom/wujia_portal_exam/static/src/js/portal_exam_pc.js,329,"<button type=""button"" class=""wj-iconbtn wj-iconbtn--ghost wj-iconbtn--sm"" data-wj-exam-line-remove=""1"" aria-label=""Xóa người tham gia"">"
wujia_portal_exam,team,js_literal,custom/wujia_portal_exam/static/src/js/portal_exam_pc.js,331,Đã tải
wujia_portal_exam,team,js_literal,custom/wujia_portal_exam/static/src/js/portal_exam_pc.js,331,Chưa có ảnh
wujia_portal_exam,team,js_literal,custom/wujia_portal_exam/static/src/js/portal_exam_pc.js,360,Ảnh đã chọn
wujia_portal_exam,team,js_literal,custom/wujia_portal_exam/static/src/js/portal_exam_pc.js,360,Chưa chọn ảnh
wujia_portal_exam,team,js_literal,custom/wujia_portal_exam/static/src/js/portal_exam_pc.js,378,Chỉnh sửa người tham gia
wujia_portal_exam,team,js_literal,custom/wujia_portal_exam/static/src/js/portal_exam_pc.js,378,Thêm người đăng ký
wujia_portal_exam,team,js_literal,custom/wujia_portal_exam/static/src/js/portal_exam_pc.js,379,Lưu
wujia_portal_exam,team,js_literal,custom/wujia_portal_exam/static/src/js/portal_exam_pc.js,379,Thêm người
wujia_portal_exam,team,js_literal,custom/wujia_portal_exam/static/src/js/portal_exam_pc.js,390,Tên và số điện thoại là bắt buộc.
wujia_portal_exam,team,js_literal,custom/wujia_portal_exam/static/src/js/portal_exam_pc.js,405,Tối đa
wujia_portal_exam,team,js_literal,custom/wujia_portal_exam/static/src/js/portal_exam_pc.js,405,người mỗi phiếu.
wujia_portal_exam,team,js_literal,custom/wujia_portal_exam/static/src/js/portal_exam_pc.js,422,"Ảnh không hợp lệ (JPG/PNG, ≤ 5 MB)."
wujia_portal_exam,team,js_literal,custom/wujia_portal_exam/static/src/js/portal_exam_pc.js,473,Ca còn:
wujia_portal_exam,team,js_literal,custom/wujia_portal_exam/static/src/js/portal_exam_pc.js,473,chỗ
wujia_portal_exam,team,js_literal,custom/wujia_portal_exam/static/src/js/portal_exam_pc.js,504,Chưa chọn khung giờ thi.
wujia_portal_exam,team,js_literal,custom/wujia_portal_exam/static/src/js/portal_exam_pc.js,505,Hãy chọn ngày và khung giờ còn chỗ trước khi gửi yêu cầu.
wujia_portal_exam,team,js_literal,custom/wujia_portal_exam/static/src/js/portal_exam_pc.js,509,Chưa có người tham gia.
wujia_portal_exam,team,js_literal,custom/wujia_portal_exam/static/src/js/portal_exam_pc.js,510,Hãy thêm ít nhất 1 người dự thi.
wujia_portal_exam,team,js_literal,custom/wujia_portal_exam/static/src/js/portal_exam_pc.js,533,Thiếu thông tin
wujia_portal_exam,team,js_literal,custom/wujia_portal_exam/static/src/js/portal_exam_pc.js,533,Cần khung giờ và ít nhất 1 người dự thi.
wujia_portal_exam,team,js_literal,custom/wujia_portal_exam/static/src/js/portal_exam_pc.js,552,Không gửi được yêu cầu. Vui lòng thử lại.
wujia_portal_exam,team,js_literal,custom/wujia_portal_exam/static/src/js/portal_exam_pc.js,554,Danh sách người và ảnh vẫn được giữ lại. Hãy chọn lại khung giờ.
wujia_portal_exam,team,js_literal,custom/wujia_portal_exam/static/src/js/portal_exam_pc.js,556,Không gửi được yêu cầu
wujia_portal_exam,team,js_literal,custom/wujia_portal_exam/static/src/js/portal_exam_pc.js,559,Lỗi kết nối
wujia_portal_exam,team,js_literal,custom/wujia_portal_exam/static/src/js/portal_exam_pc.js,559,Không gửi được yêu cầu. Vui lòng thử lại.
wujia_portal_exam,team,js_literal,custom/wujia_portal_exam/static/src/js/portal_exam_pc.js,629,Chọn một ngày có lịch để xem khung giờ.
wujia_portal_exam,team,js_literal,custom/wujia_portal_exam/static/src/js/portal_exam_pc.js,630,Khung giờ
wujia_portal_exam,team,js_literal,custom/wujia_portal_exam/static/src/js/portal_exam_wizard.js,140,"<p class=""wujia-mexam-slot-empty"">Ngày này chưa có khung giờ mở.</p>"
wujia_portal_exam,team,js_literal,custom/wujia_portal_exam/static/src/js/portal_exam_wizard.js,166,"<p class=""wujia-mexam-slot-empty"">Đang tải khung giờ…</p>"
wujia_portal_exam,team,js_literal,custom/wujia_portal_exam/static/src/js/portal_exam_wizard.js,194,Nhân sự
wujia_portal_exam,team,js_literal,custom/wujia_portal_exam/static/src/js/portal_exam_wizard.js,220,Thêm ảnh (tùy chọn)
wujia_portal_exam,team,js_literal,custom/wujia_portal_exam/static/src/js/portal_exam_wizard.js,227,Tối đa
wujia_portal_exam,team,js_literal,custom/wujia_portal_exam/static/src/js/portal_exam_wizard.js,227,người mỗi phiếu.
wujia_portal_exam,team,js_literal,custom/wujia_portal_exam/static/src/js/portal_exam_wizard.js,251,Cần họ tên và số điện thoại.
wujia_portal_exam,team,js_literal,custom/wujia_portal_exam/static/src/js/portal_exam_wizard.js,257,Số điện thoại không hợp lệ (vd 0901234567).
wujia_portal_exam,team,js_literal,custom/wujia_portal_exam/static/src/js/portal_exam_wizard.js,290,Số điện thoại:
wujia_portal_exam,team,js_literal,custom/wujia_portal_exam/static/src/js/portal_exam_wizard.js,291,Năm sinh:
wujia_portal_exam,team,js_literal,custom/wujia_portal_exam/static/src/js/portal_exam_wizard.js,292,Chức vụ:
wujia_portal_exam,team,js_literal,custom/wujia_portal_exam/static/src/js/portal_exam_wizard.js,317,Ảnh vượt 5 MB.
wujia_portal_exam,team,js_literal,custom/wujia_portal_exam/static/src/js/portal_exam_wizard.js,484,Vui lòng chọn khung giờ thi.
wujia_portal_exam,team,js_literal,custom/wujia_portal_exam/static/src/js/portal_exam_wizard.js,489,Kiểm tra lại thông tin nhân sự.
wujia_portal_exam,team,js_literal,custom/wujia_portal_exam/static/src/js/portal_exam_wizard.js,504,Không gửi được yêu cầu. Vui lòng thử lại.
wujia_portal_exam,team,js_literal,custom/wujia_portal_exam/static/src/js/portal_exam_wizard.js,507,Có lỗi kết nối. Vui lòng thử lại.
wujia_portal_exam,team,py_literal,custom/wujia_portal_exam/controllers/portal.py,47,Thứ 2
wujia_portal_exam,team,py_literal,custom/wujia_portal_exam/controllers/portal.py,47,Thứ 3
wujia_portal_exam,team,py_literal,custom/wujia_portal_exam/controllers/portal.py,47,Thứ 4
wujia_portal_exam,team,py_literal,custom/wujia_portal_exam/controllers/portal.py,47,Thứ 5
wujia_portal_exam,team,py_literal,custom/wujia_portal_exam/controllers/portal.py,47,Thứ 6
wujia_portal_exam,team,py_literal,custom/wujia_portal_exam/controllers/portal.py,47,Thứ 7
wujia_portal_exam,team,py_literal,custom/wujia_portal_exam/controllers/portal.py,47,Chủ nhật
wujia_portal_exam,team,py_literal,custom/wujia_portal_exam/controllers/portal.py,146,Đã đóng
wujia_portal_exam,team,py_literal,custom/wujia_portal_exam/controllers/portal.py,146,Hết hạn
wujia_portal_exam,team,py_literal,custom/wujia_portal_exam/controllers/portal.py,146,Hết chỗ
wujia_portal_exam,team,py_literal,custom/wujia_portal_exam/controllers/portal.py,130,Đã công bố
wujia_portal_exam,team,py_literal,custom/wujia_portal_exam/controllers/portal.py,491,Phiếu đang chờ {brand} xác nhận.
wujia_portal_exam,team,py_literal,custom/wujia_portal_exam/controllers/portal.py,492,Yêu cầu đã được gửi đến {brand}.
wujia_portal_exam,team,py_literal,custom/wujia_portal_exam/controllers/portal.py,493,Portal chưa hiển thị kết quả cho đến khi phiếu được xác nhận và công bố.
wujia_portal_exam,team,py_literal,custom/wujia_portal_exam/controllers/portal.py,123,Chưa công bố
wujia_portal_exam,team,py_gettext,custom/wujia_portal_exam/controllers/portal.py,141,Mỗi phiếu được đăng ký tối đa %d người.
wujia_portal_exam,team,py_gettext,custom/wujia_portal_exam/controllers/portal.py,142,Chọn khóa thi để xem giới hạn người mỗi phiếu.
wujia_portal_exam,team,py_literal,custom/wujia_portal_exam/controllers/portal.py,165,Tháng %d %d
wujia_portal_exam,team,py_literal,custom/wujia_portal_exam/controllers/portal.py,196,%d kỳ thi • Trong %d ngày tới
wujia_portal_exam,team,py_literal,custom/wujia_portal_exam/controllers/portal.py,411,Có kết quả
wujia_portal_exam,team,py_literal,custom/wujia_portal_exam/controllers/portal.py,414,%d nhân sự
wujia_portal_exam,team,py_literal,custom/wujia_portal_exam/controllers/portal.py,430,%d nhân sự
wujia_portal_exam,team,py_literal,custom/wujia_portal_exam/controllers/portal.py,463,Có kết quả
wujia_portal_exam,team,py_literal,custom/wujia_portal_exam/controllers/portal.py,474,%d nhân sự%s
wujia_portal_exam,team,py_literal,custom/wujia_portal_exam/controllers/portal.py,498,Thông tin phiếu đã được {brand} xác nhận.
wujia_portal_exam,team,py_literal,custom/wujia_portal_exam/controllers/portal.py,530,%02d người
wujia_portal_exam,team,py_literal,custom/wujia_portal_exam/controllers/portal.py,127,%d Đạt
wujia_portal_exam,team,py_literal,custom/wujia_portal_exam/controllers/portal.py,129,%d Không đạt
wujia_portal_exam,team,py_literal,custom/wujia_portal_exam/controllers/portal.py,244,bản ghi
wujia_portal_exam,team,py_literal,custom/wujia_portal_exam/controllers/portal.py,274,Còn lịch
wujia_portal_exam,team,py_literal,custom/wujia_portal_exam/controllers/portal.py,297,Chưa có khóa thi
wujia_portal_exam,team,py_literal,custom/wujia_portal_exam/controllers/portal.py,328,Vui lòng chọn cửa hàng trước khi thao tác.
wujia_portal_exam,team,py_literal,custom/wujia_portal_exam/controllers/portal.py,332,Khóa thi không hợp lệ.
wujia_portal_exam,team,py_literal,custom/wujia_portal_exam/controllers/portal.py,343,Vui lòng chọn cửa hàng trước khi thao tác.
wujia_portal_exam,team,py_literal,custom/wujia_portal_exam/controllers/portal.py,348,Lịch thi không hợp lệ.
wujia_portal_exam,team,py_literal,custom/wujia_portal_exam/controllers/portal.py,359,Vui lòng chọn cửa hàng trước khi thao tác.
wujia_portal_exam,team,py_literal,custom/wujia_portal_exam/controllers/portal.py,427,%d đạt
wujia_portal_exam,team,py_literal,custom/wujia_portal_exam/controllers/portal.py,429,%d không đạt
wujia_portal_exam,team,py_literal,custom/wujia_portal_exam/controllers/portal.py,473,Trung tâm đào tạo {brand}
wujia_portal_exam,team,py_literal,custom/wujia_portal_exam/controllers/portal.py,500,Kết quả đã được công bố.
wujia_portal_exam,team,py_literal,custom/wujia_portal_exam/controllers/portal.py,501,Trang hiển thị giá trị kết quả mới nhất theo từng người.
wujia_portal_exam,team,py_literal,custom/wujia_portal_exam/controllers/portal.py,503,{brand} đã xác nhận danh sách đăng ký.
wujia_portal_exam,team,py_literal,custom/wujia_portal_exam/controllers/portal.py,504,Kết quả sẽ xuất hiện trên chính danh sách người tham gia sau khi công bố.
wujia_portal_exam,team,py_literal,custom/wujia_portal_exam/controllers/portal.py,508,Phiếu đã bị từ chối.
wujia_portal_exam,team,py_literal,custom/wujia_portal_exam/controllers/portal.py,510,Cửa hàng chỉ có thể xem lý do; MVP không sửa hoặc gửi lại từ phiếu này.
wujia_portal_exam,team,py_literal,custom/wujia_portal_exam/controllers/portal.py,514,Phiếu đã bị hủy.
wujia_portal_exam,team,py_literal,custom/wujia_portal_exam/controllers/portal.py,516,Phiếu không tham gia công bố kết quả và không có nút hủy trên portal.
wujia_portal_exam,team,py_literal,custom/wujia_portal_exam/controllers/portal.py,51,Chờ duyệt
wujia_portal_exam,team,py_literal,custom/wujia_portal_exam/controllers/portal.py,52,Đã đăng ký
wujia_portal_exam,team,py_literal,custom/wujia_portal_exam/controllers/portal.py,53,Từ chối
wujia_portal_exam,team,py_literal,custom/wujia_portal_exam/controllers/portal.py,54,Đã hủy
wujia_portal_exam,team,py_literal,custom/wujia_portal_exam/controllers/portal.py,59,Chờ xác nhận
wujia_portal_exam,team,py_literal,custom/wujia_portal_exam/controllers/portal.py,60,Đã đăng ký
wujia_portal_exam,team,py_literal,custom/wujia_portal_exam/controllers/portal.py,61,Từ chối
wujia_portal_exam,team,py_literal,custom/wujia_portal_exam/controllers/portal.py,62,Đã hủy
wujia_portal_exam,team,py_literal,custom/wujia_portal_exam/controllers/portal.py,67,Đã công bố
wujia_portal_exam,team,py_literal,custom/wujia_portal_exam/controllers/portal.py,68,Chưa công bố
wujia_portal_exam,team,py_literal,custom/wujia_portal_exam/controllers/portal.py,69,Chưa có
wujia_portal_exam,team,py_literal,custom/wujia_portal_exam/controllers/portal.py,70,Không áp dụng
wujia_portal_exam,team,py_literal,custom/wujia_portal_exam/controllers/portal.py,275,Hết chỗ
wujia_portal_exam,team,py_literal,custom/wujia_portal_exam/controllers/portal.py,275,Đã đóng
wujia_portal_exam,team,py_literal,custom/wujia_portal_exam/controllers/portal.py,509,Lý do: %s
wujia_portal_exam,team,py_literal,custom/wujia_portal_exam/controllers/portal.py,515,Lý do: %s
wujia_portal_exam,team,py_literal,custom/wujia_portal_exam/controllers/portal.py,178,Còn %d chỗ
wujia_portal_exam,team,py_literal,custom/wujia_portal_exam/controllers/portal.py,310,Chưa có khóa thi
wujia_portal_exam,team,py_literal,custom/wujia_portal_exam/controllers/portal.py,509,Không có.
wujia_portal_exam,team,py_literal,custom/wujia_portal_exam/controllers/portal.py,515,Không có.
wujia_portal_exam,team,qweb_attr,custom/wujia_portal_exam/views/bottomnav_inherit.xml,8,"name=""Wujia Mobile — sheet Thêm: Đăng ký thi"""
wujia_portal_exam,team,qweb_text,custom/wujia_portal_exam/views/bottomnav_inherit.xml,13,Đăng ký thi
wujia_portal_exam,team,qweb_text,custom/wujia_portal_exam/views/bottomnav_inherit.xml,14,"Xem lịch thi, đăng ký và kết quả"
wujia_portal_exam,team,qweb_text,custom/wujia_portal_exam/views/portal_exam.xml,8,Lịch thi
wujia_portal_exam,team,qweb_text,custom/wujia_portal_exam/views/portal_exam.xml,25,Portal / Đào tạo / Đăng ký thi
wujia_portal_exam,team,qweb_text,custom/wujia_portal_exam/views/portal_exam.xml,26,Đăng ký thi
wujia_portal_exam,team,qweb_expr,custom/wujia_portal_exam/views/portal_exam.xml,28,"t-value=""'Đăng ký mới'"""
wujia_portal_exam,team,qweb_expr,custom/wujia_portal_exam/views/portal_exam.xml,40,"t-value=""{'name': 'q', 'value': f_q or '', 'placeholder': 'Tìm mã phiếu, khóa thi...'}"""
wujia_portal_exam,team,qweb_expr,custom/wujia_portal_exam/views/portal_exam.xml,52,"t-value=""[{'name': 'state', 'value': f_state, 'label': 'Trạng thái', 'all_label': 'Trạng thái', 'options': [(st[0], st[1][0]) for st in pc_r"
wujia_portal_exam,team,qweb_text,custom/wujia_portal_exam/views/portal_exam.xml,66,Lịch sử đăng ký
wujia_portal_exam,team,qweb_text,custom/wujia_portal_exam/views/portal_exam.xml,67,Theo dõi phiếu đăng ký và kết quả thi của cửa hàng đang thao tác
wujia_portal_exam,team,qweb_text,custom/wujia_portal_exam/views/portal_exam.xml,80,Chưa có phiếu đăng ký thi
wujia_portal_exam,team,qweb_text,custom/wujia_portal_exam/views/portal_exam.xml,81,"Bấm ""Đăng ký mới"" để tạo phiếu đầu tiên."
wujia_portal_exam,team,qweb_text,custom/wujia_portal_exam/views/portal_exam.xml,91,Mã phiếu
wujia_portal_exam,team,qweb_text,custom/wujia_portal_exam/views/portal_exam.xml,92,Khóa thi
wujia_portal_exam,team,qweb_text,custom/wujia_portal_exam/views/portal_exam.xml,93,Ngày & giờ thi
wujia_portal_exam,team,qweb_text,custom/wujia_portal_exam/views/portal_exam.xml,94,Địa điểm
wujia_portal_exam,team,qweb_text,custom/wujia_portal_exam/views/portal_exam.xml,95,Số người
wujia_portal_exam,team,qweb_text,custom/wujia_portal_exam/views/portal_exam.xml,96,Trạng thái đăng ký
wujia_portal_exam,team,qweb_text,custom/wujia_portal_exam/views/portal_exam.xml,97,Kết quả
wujia_portal_exam,team,qweb_text,custom/wujia_portal_exam/views/portal_exam.xml,98,Thao tác
wujia_portal_exam,team,qweb_text,custom/wujia_portal_exam/views/portal_exam.xml,117,Xem chi tiết
wujia_portal_exam,team,qweb_text,custom/wujia_portal_exam/views/portal_exam.xml,131,Đăng ký thi
wujia_portal_exam,team,qweb_text,custom/wujia_portal_exam/views/portal_exam.xml,133,đăng ký trong cửa hàng hiện tại
wujia_portal_exam,team,qweb_text,custom/wujia_portal_exam/views/portal_exam.xml,161,Chưa có đăng ký thi
wujia_portal_exam,team,qweb_text,custom/wujia_portal_exam/views/portal_exam.xml,162,Hiện chưa có đăng ký nào để hiển thị.
wujia_portal_exam,team,qweb_text,custom/wujia_portal_exam/views/portal_exam.xml,163,Tạo đăng ký mới để bắt đầu.
wujia_portal_exam,team,qweb_text,custom/wujia_portal_exam/views/portal_exam.xml,165,Đăng ký mới
wujia_portal_exam,team,qweb_text,custom/wujia_portal_exam/views/portal_exam.xml,180,Lịch thi
wujia_portal_exam,team,qweb_text,custom/wujia_portal_exam/views/portal_exam.xml,206,Đăng ký mới
wujia_portal_exam,team,qweb_text,custom/wujia_portal_exam/views/portal_exam.xml,215,Đăng ký thi
wujia_portal_exam,team,qweb_text,custom/wujia_portal_exam/views/portal_exam.xml,226,Đăng ký thi
wujia_portal_exam,team,qweb_text,custom/wujia_portal_exam/views/portal_exam.xml,227,Portal / Đào tạo / Đăng ký thi / Đăng ký mới
wujia_portal_exam,team,qweb_text,custom/wujia_portal_exam/views/portal_exam.xml,232,Quay lại
wujia_portal_exam,team,qweb_text,custom/wujia_portal_exam/views/portal_exam.xml,242,Thông tin đăng ký
wujia_portal_exam,team,qweb_text,custom/wujia_portal_exam/views/portal_exam.xml,243,"Chọn khóa thi, lịch thi và nhập người tham gia."
wujia_portal_exam,team,qweb_text,custom/wujia_portal_exam/views/portal_exam.xml,250,Khóa thi *
wujia_portal_exam,team,qweb_text,custom/wujia_portal_exam/views/portal_exam.xml,268,Chọn lịch thi
wujia_portal_exam,team,qweb_text,custom/wujia_portal_exam/views/portal_exam.xml,269,"Chọn một ngày có lịch, sau đó chọn khung giờ còn chỗ."
wujia_portal_exam,team,qweb_attr,custom/wujia_portal_exam/views/portal_exam.xml,283,"aria-label=""Tháng trước"""
wujia_portal_exam,team,qweb_attr,custom/wujia_portal_exam/views/portal_exam.xml,284,"aria-label=""Tháng sau"""
wujia_portal_exam,team,qweb_text,custom/wujia_portal_exam/views/portal_exam.xml,289,Còn chỗ
wujia_portal_exam,team,qweb_text,custom/wujia_portal_exam/views/portal_exam.xml,292,Không thể đăng ký
wujia_portal_exam,team,qweb_text,custom/wujia_portal_exam/views/portal_exam.xml,295,Không có lịch
wujia_portal_exam,team,qweb_text,custom/wujia_portal_exam/views/portal_exam.xml,331,Tháng này chưa có lịch thi
wujia_portal_exam,team,qweb_text,custom/wujia_portal_exam/views/portal_exam.xml,332,Hãy chuyển sang tháng khác.
wujia_portal_exam,team,qweb_text,custom/wujia_portal_exam/views/portal_exam.xml,339,Khung giờ ngày
wujia_portal_exam,team,qweb_text,custom/wujia_portal_exam/views/portal_exam.xml,340,· giờ địa phương
wujia_portal_exam,team,qweb_text,custom/wujia_portal_exam/views/portal_exam.xml,350,Chọn một ngày có lịch để xem khung giờ.
wujia_portal_exam,team,qweb_text,custom/wujia_portal_exam/views/portal_exam.xml,352,Chọn ngày khác
wujia_portal_exam,team,qweb_text,custom/wujia_portal_exam/views/portal_exam.xml,354,Hạn đăng ký:
wujia_portal_exam,team,qweb_text,custom/wujia_portal_exam/views/portal_exam.xml,362,Ca thi không còn đủ 2 chỗ.
wujia_portal_exam,team,qweb_text,custom/wujia_portal_exam/views/portal_exam.xml,363,Danh sách người và ảnh vẫn được giữ lại.
wujia_portal_exam,team,qweb_text,custom/wujia_portal_exam/views/portal_exam.xml,366,Chọn khung giờ khác
wujia_portal_exam,team,qweb_text,custom/wujia_portal_exam/views/portal_exam.xml,372,Đã gửi yêu cầu đăng ký
wujia_portal_exam,team,qweb_text,custom/wujia_portal_exam/views/portal_exam.xml,373,Vui lòng chờ {brand} xác nhận.
wujia_portal_exam,team,qweb_text,custom/wujia_portal_exam/views/portal_exam.xml,376,Xem chi tiết
wujia_portal_exam,team,qweb_text,custom/wujia_portal_exam/views/portal_exam.xml,382,Người tham gia
wujia_portal_exam,team,qweb_text,custom/wujia_portal_exam/views/portal_exam.xml,383,Nhập trực tiếp thông tin của từng người dự thi.
wujia_portal_exam,team,qweb_text,custom/wujia_portal_exam/views/portal_exam.xml,387,Ghi chú (không bắt buộc)
wujia_portal_exam,team,qweb_text,custom/wujia_portal_exam/views/portal_exam.xml,394,Thêm người
wujia_portal_exam,team,qweb_text,custom/wujia_portal_exam/views/portal_exam.xml,403,Ảnh nhân viên
wujia_portal_exam,team,qweb_text,custom/wujia_portal_exam/views/portal_exam.xml,404,Họ và tên
wujia_portal_exam,team,qweb_text,custom/wujia_portal_exam/views/portal_exam.xml,405,Số điện thoại
wujia_portal_exam,team,qweb_text,custom/wujia_portal_exam/views/portal_exam.xml,406,Năm sinh
wujia_portal_exam,team,qweb_text,custom/wujia_portal_exam/views/portal_exam.xml,407,Chức vụ
wujia_portal_exam,team,qweb_text,custom/wujia_portal_exam/views/portal_exam.xml,408,Thao tác
wujia_portal_exam,team,qweb_text,custom/wujia_portal_exam/views/portal_exam.xml,415,"Chưa có người tham gia. Bấm ""Thêm người"" để nhập."
wujia_portal_exam,team,qweb_text,custom/wujia_portal_exam/views/portal_exam.xml,425,Không đóng hoặc gửi lại biểu mẫu.
wujia_portal_exam,team,qweb_text,custom/wujia_portal_exam/views/portal_exam.xml,427,Kiểm tra thông tin
wujia_portal_exam,team,qweb_text,custom/wujia_portal_exam/views/portal_exam.xml,434,Tóm tắt đăng ký
wujia_portal_exam,team,qweb_text,custom/wujia_portal_exam/views/portal_exam.xml,435,Thông tin sẽ được gửi để {brand} xác nhận.
wujia_portal_exam,team,qweb_text,custom/wujia_portal_exam/views/portal_exam.xml,444,Khóa thi
wujia_portal_exam,team,qweb_text,custom/wujia_portal_exam/views/portal_exam.xml,448,Ngày & giờ thi
wujia_portal_exam,team,qweb_text,custom/wujia_portal_exam/views/portal_exam.xml,452,Địa điểm
wujia_portal_exam,team,qweb_text,custom/wujia_portal_exam/views/portal_exam.xml,456,Hạn đăng ký
wujia_portal_exam,team,qweb_text,custom/wujia_portal_exam/views/portal_exam.xml,460,Cửa hàng
wujia_portal_exam,team,qweb_text,custom/wujia_portal_exam/views/portal_exam.xml,467,Giới hạn mỗi phiếu
wujia_portal_exam,team,qweb_text,custom/wujia_portal_exam/views/portal_exam.xml,471,Chỗ còn lại của ca
wujia_portal_exam,team,qweb_text,custom/wujia_portal_exam/views/portal_exam.xml,482,Số chỗ và trạng thái lịch sẽ được
wujia_portal_exam,team,qweb_text,custom/wujia_portal_exam/views/portal_exam.xml,483,kiểm tra lại khi gửi yêu cầu.
wujia_portal_exam,team,qweb_text,custom/wujia_portal_exam/views/portal_exam.xml,484,Dữ liệu đã nhập được giữ lại nếu có lỗi.
wujia_portal_exam,team,qweb_attr,custom/wujia_portal_exam/views/portal_exam.xml,494,"aria-label=""Thêm người đăng ký"""
wujia_portal_exam,team,qweb_attr,custom/wujia_portal_exam/views/portal_exam.xml,495,"aria-label=""Đóng"""
wujia_portal_exam,team,qweb_text,custom/wujia_portal_exam/views/portal_exam.xml,498,Thêm người đăng ký
wujia_portal_exam,team,qweb_text,custom/wujia_portal_exam/views/portal_exam.xml,499,Nhập đúng thông tin người sẽ tham gia kỳ thi.
wujia_portal_exam,team,qweb_text,custom/wujia_portal_exam/views/portal_exam.xml,503,Họ và tên *
wujia_portal_exam,team,qweb_attr,custom/wujia_portal_exam/views/portal_exam.xml,505,"placeholder=""Nguyễn Văn An"""
wujia_portal_exam,team,qweb_text,custom/wujia_portal_exam/views/portal_exam.xml,508,Số điện thoại *
wujia_portal_exam,team,qweb_text,custom/wujia_portal_exam/views/portal_exam.xml,512,Số điện thoại không hợp lệ (vd 0901234567).
wujia_portal_exam,team,qweb_text,custom/wujia_portal_exam/views/portal_exam.xml,515,Năm sinh
wujia_portal_exam,team,qweb_text,custom/wujia_portal_exam/views/portal_exam.xml,520,Chức vụ
wujia_portal_exam,team,qweb_attr,custom/wujia_portal_exam/views/portal_exam.xml,522,"placeholder=""Pha chế"""
wujia_portal_exam,team,qweb_text,custom/wujia_portal_exam/views/portal_exam.xml,525,Tên và số điện thoại là bắt buộc.
wujia_portal_exam,team,qweb_text,custom/wujia_portal_exam/views/portal_exam.xml,527,Ảnh nhân viên
wujia_portal_exam,team,qweb_text,custom/wujia_portal_exam/views/portal_exam.xml,531,Ảnh xem trước
wujia_portal_exam,team,qweb_text,custom/wujia_portal_exam/views/portal_exam.xml,534,Ảnh đã được chọn
wujia_portal_exam,team,qweb_text,custom/wujia_portal_exam/views/portal_exam.xml,537,Thay ảnh
wujia_portal_exam,team,qweb_text,custom/wujia_portal_exam/views/portal_exam.xml,538,Xóa ảnh
wujia_portal_exam,team,qweb_text,custom/wujia_portal_exam/views/portal_exam.xml,540,Hoặc kéo thả ảnh mới
wujia_portal_exam,team,qweb_text,custom/wujia_portal_exam/views/portal_exam.xml,541,"JPG, PNG · giới hạn theo hệ thống"
wujia_portal_exam,team,qweb_text,custom/wujia_portal_exam/views/portal_exam.xml,546,Ảnh không bắt buộc. Có thể thay hoặc xóa trước khi gửi yêu cầu.
wujia_portal_exam,team,qweb_text,custom/wujia_portal_exam/views/portal_exam.xml,551,Thông tin được lưu cho lần đăng ký này.
wujia_portal_exam,team,qweb_text,custom/wujia_portal_exam/views/portal_exam.xml,552,Hãy kiểm tra họ tên và số điện thoại trước khi thêm.
wujia_portal_exam,team,qweb_text,custom/wujia_portal_exam/views/portal_exam.xml,559,Hủy
wujia_portal_exam,team,qweb_text,custom/wujia_portal_exam/views/portal_exam.xml,561,Thêm người
wujia_portal_exam,team,qweb_attr,custom/wujia_portal_exam/views/portal_exam.xml,569,"aria-label=""Gửi yêu cầu đăng ký"""
wujia_portal_exam,team,qweb_attr,custom/wujia_portal_exam/views/portal_exam.xml,570,"aria-label=""Đóng"""
wujia_portal_exam,team,qweb_text,custom/wujia_portal_exam/views/portal_exam.xml,573,Gửi yêu cầu đăng ký
wujia_portal_exam,team,qweb_text,custom/wujia_portal_exam/views/portal_exam.xml,574,Kiểm tra lần cuối trước khi gửi yêu cầu đến {brand} xác nhận.
wujia_portal_exam,team,qweb_text,custom/wujia_portal_exam/views/portal_exam.xml,577,Thông tin lịch thi
wujia_portal_exam,team,qweb_text,custom/wujia_portal_exam/views/portal_exam.xml,580,Khóa thi
wujia_portal_exam,team,qweb_text,custom/wujia_portal_exam/views/portal_exam.xml,584,Ngày & giờ
wujia_portal_exam,team,qweb_text,custom/wujia_portal_exam/views/portal_exam.xml,588,Địa điểm
wujia_portal_exam,team,qweb_text,custom/wujia_portal_exam/views/portal_exam.xml,592,Hạn đăng ký
wujia_portal_exam,team,qweb_text,custom/wujia_portal_exam/views/portal_exam.xml,598,Người tham gia
wujia_portal_exam,team,qweb_text,custom/wujia_portal_exam/views/portal_exam.xml,609,Ảnh
wujia_portal_exam,team,qweb_text,custom/wujia_portal_exam/views/portal_exam.xml,610,Họ và tên
wujia_portal_exam,team,qweb_text,custom/wujia_portal_exam/views/portal_exam.xml,611,Số điện thoại
wujia_portal_exam,team,qweb_text,custom/wujia_portal_exam/views/portal_exam.xml,612,Năm sinh
wujia_portal_exam,team,qweb_text,custom/wujia_portal_exam/views/portal_exam.xml,613,Chức vụ
wujia_portal_exam,team,qweb_text,custom/wujia_portal_exam/views/portal_exam.xml,621,Ghi chú
wujia_portal_exam,team,qweb_text,custom/wujia_portal_exam/views/portal_exam.xml,627,Số chỗ và trạng thái lịch sẽ được kiểm tra lại khi gửi.
wujia_portal_exam,team,qweb_text,custom/wujia_portal_exam/views/portal_exam.xml,628,"Sau khi gửi, phiếu ở trạng thái Chờ xác nhận."
wujia_portal_exam,team,qweb_text,custom/wujia_portal_exam/views/portal_exam.xml,635,Quay lại chỉnh sửa
wujia_portal_exam,team,qweb_text,custom/wujia_portal_exam/views/portal_exam.xml,637,Gửi yêu cầu
wujia_portal_exam,team,qweb_attr,custom/wujia_portal_exam/views/portal_exam.xml,649,"aria-label=""Quay lại"""
wujia_portal_exam,team,qweb_text,custom/wujia_portal_exam/views/portal_exam.xml,653,Chọn khóa thi
wujia_portal_exam,team,qweb_text,custom/wujia_portal_exam/views/portal_exam.xml,654,Chọn khóa còn lịch để tiếp tục
wujia_portal_exam,team,qweb_text,custom/wujia_portal_exam/views/portal_exam.xml,656,Bước 1/4
wujia_portal_exam,team,qweb_text,custom/wujia_portal_exam/views/portal_exam.xml,660,Tất cả
wujia_portal_exam,team,qweb_text,custom/wujia_portal_exam/views/portal_exam.xml,662,Còn lịch
wujia_portal_exam,team,qweb_text,custom/wujia_portal_exam/views/portal_exam.xml,664,Đã đóng
wujia_portal_exam,team,qweb_text,custom/wujia_portal_exam/views/portal_exam.xml,689,Chọn
wujia_portal_exam,team,qweb_attr,custom/wujia_portal_exam/views/portal_exam.xml,700,"aria-label=""Quay lại"""
wujia_portal_exam,team,qweb_text,custom/wujia_portal_exam/views/portal_exam.xml,704,Chọn lịch thi
wujia_portal_exam,team,qweb_text,custom/wujia_portal_exam/views/portal_exam.xml,705,Chọn ngày có lịch trong 60 ngày tiếp theo
wujia_portal_exam,team,qweb_text,custom/wujia_portal_exam/views/portal_exam.xml,707,Bước 2/4
wujia_portal_exam,team,qweb_text,custom/wujia_portal_exam/views/portal_exam.xml,721,Đã chọn
wujia_portal_exam,team,qweb_text,custom/wujia_portal_exam/views/portal_exam.xml,726,Còn chỗ
wujia_portal_exam,team,qweb_text,custom/wujia_portal_exam/views/portal_exam.xml,727,Hết chỗ
wujia_portal_exam,team,qweb_text,custom/wujia_portal_exam/views/portal_exam.xml,728,Không lịch
wujia_portal_exam,team,qweb_attr,custom/wujia_portal_exam/views/portal_exam.xml,731,"aria-label=""Tháng trước"""
wujia_portal_exam,team,qweb_attr,custom/wujia_portal_exam/views/portal_exam.xml,735,"aria-label=""Tháng sau"""
wujia_portal_exam,team,qweb_text,custom/wujia_portal_exam/views/portal_exam.xml,766,Chọn ngày còn chỗ để xem khung giờ thi.
wujia_portal_exam,team,qweb_attr,custom/wujia_portal_exam/views/portal_exam.xml,774,"aria-label=""Quay lại"""
wujia_portal_exam,team,qweb_text,custom/wujia_portal_exam/views/portal_exam.xml,778,Nhập nhân sự
wujia_portal_exam,team,qweb_text,custom/wujia_portal_exam/views/portal_exam.xml,779,Điền thông tin người tham gia thi
wujia_portal_exam,team,qweb_text,custom/wujia_portal_exam/views/portal_exam.xml,781,Bước 3/4
wujia_portal_exam,team,qweb_text,custom/wujia_portal_exam/views/portal_exam.xml,793,"Thứ 5, 02/07/2026 • 08:20"
wujia_portal_exam,team,qweb_text,custom/wujia_portal_exam/views/portal_exam.xml,795,Đã chọn
wujia_portal_exam,team,qweb_text,custom/wujia_portal_exam/views/portal_exam.xml,799,Danh sách nhân sự
wujia_portal_exam,team,qweb_text,custom/wujia_portal_exam/views/portal_exam.xml,809,Nhân sự 1
wujia_portal_exam,team,qweb_text,custom/wujia_portal_exam/views/portal_exam.xml,810,Bắt buộc
wujia_portal_exam,team,qweb_attr,custom/wujia_portal_exam/views/portal_exam.xml,811,"aria-label=""Xóa nhân sự"""
wujia_portal_exam,team,qweb_attr,custom/wujia_portal_exam/views/portal_exam.xml,816,"placeholder=""Họ và tên"""
wujia_portal_exam,team,qweb_attr,custom/wujia_portal_exam/views/portal_exam.xml,817,"placeholder=""Số điện thoại (vd 0901234567)"""
wujia_portal_exam,team,qweb_attr,custom/wujia_portal_exam/views/portal_exam.xml,819,"placeholder=""Năm sinh"""
wujia_portal_exam,team,qweb_attr,custom/wujia_portal_exam/views/portal_exam.xml,820,"placeholder=""Chức vụ"""
wujia_portal_exam,team,qweb_text,custom/wujia_portal_exam/views/portal_exam.xml,824,Thêm ảnh (tùy chọn)
wujia_portal_exam,team,qweb_text,custom/wujia_portal_exam/views/portal_exam.xml,828,Thông tin dùng để ghi nhận kết quả thi.
wujia_portal_exam,team,qweb_text,custom/wujia_portal_exam/views/portal_exam.xml,835,Thêm người
wujia_portal_exam,team,qweb_text,custom/wujia_portal_exam/views/portal_exam.xml,837,Tiếp tục
wujia_portal_exam,team,qweb_attr,custom/wujia_portal_exam/views/portal_exam.xml,844,"aria-label=""Quay lại"""
wujia_portal_exam,team,qweb_text,custom/wujia_portal_exam/views/portal_exam.xml,848,Xác nhận đăng ký
wujia_portal_exam,team,qweb_text,custom/wujia_portal_exam/views/portal_exam.xml,849,Kiểm tra trước khi gửi yêu cầu
wujia_portal_exam,team,qweb_text,custom/wujia_portal_exam/views/portal_exam.xml,851,Bước 4/4
wujia_portal_exam,team,qweb_text,custom/wujia_portal_exam/views/portal_exam.xml,858,Thông tin lịch thi
wujia_portal_exam,team,qweb_text,custom/wujia_portal_exam/views/portal_exam.xml,864,Khóa thi
wujia_portal_exam,team,qweb_text,custom/wujia_portal_exam/views/portal_exam.xml,868,Ngày thi
wujia_portal_exam,team,qweb_text,custom/wujia_portal_exam/views/portal_exam.xml,869,"Thứ 5, 02/07/2026"
wujia_portal_exam,team,qweb_text,custom/wujia_portal_exam/views/portal_exam.xml,872,Khung giờ
wujia_portal_exam,team,qweb_text,custom/wujia_portal_exam/views/portal_exam.xml,876,Địa điểm
wujia_portal_exam,team,qweb_text,custom/wujia_portal_exam/views/portal_exam.xml,877,Trung tâm đào tạo {brand}
wujia_portal_exam,team,qweb_text,custom/wujia_portal_exam/views/portal_exam.xml,886,Nhân sự tham gia
wujia_portal_exam,team,qweb_text,custom/wujia_portal_exam/views/portal_exam.xml,903,Quay lại
wujia_portal_exam,team,qweb_text,custom/wujia_portal_exam/views/portal_exam.xml,904,Xác nhận đăng ký
wujia_portal_exam,team,qweb_text,custom/wujia_portal_exam/views/portal_exam.xml,912,Chọn khung giờ
wujia_portal_exam,team,qweb_text,custom/wujia_portal_exam/views/portal_exam.xml,913,"Thứ 5, 02/07/2026 • Đăng ký thi lại"
wujia_portal_exam,team,qweb_text,custom/wujia_portal_exam/views/portal_exam.xml,917,Đang tải khung giờ…
wujia_portal_exam,team,qweb_text,custom/wujia_portal_exam/views/portal_exam.xml,920,Đóng
wujia_portal_exam,team,qweb_text,custom/wujia_portal_exam/views/portal_exam.xml,921,Xác nhận khung giờ
wujia_portal_exam,team,qweb_text,custom/wujia_portal_exam/views/portal_exam.xml,932,Kết quả đăng ký
wujia_portal_exam,team,qweb_expr,custom/wujia_portal_exam/views/portal_exam.xml,939,"t-value=""pc_publish_states.get(pc_detail['publish_state'], ('Chưa có', 'wj-status-badge--neutral'))"""
wujia_portal_exam,team,qweb_text,custom/wujia_portal_exam/views/portal_exam.xml,942,Chi tiết đăng ký thi
wujia_portal_exam,team,qweb_text,custom/wujia_portal_exam/views/portal_exam.xml,943,Portal / Đào tạo / Đăng ký thi /
wujia_portal_exam,team,qweb_text,custom/wujia_portal_exam/views/portal_exam.xml,953,Quay lại
wujia_portal_exam,team,qweb_text,custom/wujia_portal_exam/views/portal_exam.xml,960,Thông tin đăng ký
wujia_portal_exam,team,qweb_text,custom/wujia_portal_exam/views/portal_exam.xml,973,Mã phiếu
wujia_portal_exam,team,qweb_text,custom/wujia_portal_exam/views/portal_exam.xml,977,Khóa thi
wujia_portal_exam,team,qweb_text,custom/wujia_portal_exam/views/portal_exam.xml,981,Ngày & giờ thi
wujia_portal_exam,team,qweb_text,custom/wujia_portal_exam/views/portal_exam.xml,985,Địa điểm
wujia_portal_exam,team,qweb_text,custom/wujia_portal_exam/views/portal_exam.xml,989,Cửa hàng
wujia_portal_exam,team,qweb_text,custom/wujia_portal_exam/views/portal_exam.xml,993,Người đăng ký
wujia_portal_exam,team,qweb_text,custom/wujia_portal_exam/views/portal_exam.xml,997,Ngày nộp phiếu
wujia_portal_exam,team,qweb_text,custom/wujia_portal_exam/views/portal_exam.xml,1001,Người tham gia
wujia_portal_exam,team,qweb_text,custom/wujia_portal_exam/views/portal_exam.xml,1008,Kết quả thi
wujia_portal_exam,team,qweb_text,custom/wujia_portal_exam/views/portal_exam.xml,1009,Kết quả được công bố theo từng người đã đăng ký.
wujia_portal_exam,team,qweb_text,custom/wujia_portal_exam/views/portal_exam.xml,1020,Chưa có người dự thi
wujia_portal_exam,team,qweb_text,custom/wujia_portal_exam/views/portal_exam.xml,1025,Ảnh nhân viên
wujia_portal_exam,team,qweb_text,custom/wujia_portal_exam/views/portal_exam.xml,1026,Họ và tên
wujia_portal_exam,team,qweb_text,custom/wujia_portal_exam/views/portal_exam.xml,1027,Số điện thoại
wujia_portal_exam,team,qweb_text,custom/wujia_portal_exam/views/portal_exam.xml,1028,Năm sinh
wujia_portal_exam,team,qweb_text,custom/wujia_portal_exam/views/portal_exam.xml,1029,Chức vụ
wujia_portal_exam,team,qweb_text,custom/wujia_portal_exam/views/portal_exam.xml,1030,Kết quả
wujia_portal_exam,team,qweb_text,custom/wujia_portal_exam/views/portal_exam.xml,1031,Ghi chú kết quả
wujia_portal_exam,team,qweb_text,custom/wujia_portal_exam/views/portal_exam.xml,1047,Đạt
wujia_portal_exam,team,qweb_text,custom/wujia_portal_exam/views/portal_exam.xml,1050,Không đạt
wujia_portal_exam,team,qweb_text,custom/wujia_portal_exam/views/portal_exam.xml,1053,Chưa có kết quả
wujia_portal_exam,team,qweb_text,custom/wujia_portal_exam/views/portal_exam.xml,1083,Chi tiết đăng ký
wujia_portal_exam,team,qweb_expr,custom/wujia_portal_exam/views/portal_exam.xml,1115,"t-out=""reg_view['state'] == 'rejected' and 'Lý do từ chối: ' or 'Lý do hủy: '"""
wujia_portal_exam,team,qweb_text,custom/wujia_portal_exam/views/portal_exam.xml,1121,Danh sách nhân sự
wujia_portal_exam,team,qweb_expr,custom/wujia_portal_exam/views/portal_exam.xml,1141,"t-out=""p['result'] == 'passed' and 'Đạt' or 'Không đạt'"""
wujia_portal_exam,team,qweb_text,custom/wujia_portal_exam/views/portal_exam.xml,1143,Chờ kết quả
wujia_portal_exam,team,qweb_text,custom/wujia_portal_exam/views/portal_exam.xml,1153,Ghi chú kết quả
wujia_portal_exam,team,qweb_text,custom/wujia_portal_exam/views/portal_exam.xml,1164,Người không đạt có thể đăng ký thi lại khi có lịch mở.
wujia_portal_exam,team,qweb_text,custom/wujia_portal_exam/views/portal_exam.xml,1169,Đăng ký thi mới
wujia_portal_exam,team,qweb_attr,custom/wujia_portal_exam/views/sidenav_inherit.xml,9,"name=""Wujia Sidenav — Đăng ký thi"""
wujia_portal_exam,team,qweb_text,custom/wujia_portal_exam/views/sidenav_inherit.xml,16,Đăng ký thi
wujia_portal_info_request,team,py_literal,custom/wujia_portal_info_request/__manifest__.py,5,Màn portal gửi yêu cầu cập nhật thông tin cửa hàng (nghiệp vụ ở wujia_info_request).
wujia_portal_info_request,team,test,custom/wujia_portal_info_request/tests/test_info_request_portal_f8.py,40,không hỗ trợ
wujia_portal_info_request,team,test,custom/wujia_portal_info_request/tests/test_info_request_errors_f1.py,39,Không thể gửi yêu cầu
wujia_portal_info_request,team,test,custom/wujia_portal_info_request/tests/test_info_request_errors_f1.py,44,F1 luật nghiệp vụ
wujia_portal_info_request,team,test,custom/wujia_portal_info_request/tests/test_info_request_errors_f1.py,42,F1 luật nghiệp vụ
wujia_portal_info_request,team,py_literal,custom/wujia_portal_info_request/controllers/portal.py,41,Địa chỉ
wujia_portal_info_request,team,py_literal,custom/wujia_portal_info_request/controllers/portal.py,42,Số điện thoại
wujia_portal_info_request,team,py_literal,custom/wujia_portal_info_request/controllers/portal.py,44,Tên chủ cửa hàng
wujia_portal_info_request,team,py_literal,custom/wujia_portal_info_request/controllers/portal.py,45,Thông tin ngân hàng
wujia_portal_info_request,team,py_literal,custom/wujia_portal_info_request/controllers/portal.py,46,Người đại diện
wujia_portal_info_request,team,py_literal,custom/wujia_portal_info_request/controllers/portal.py,47,Khác
wujia_portal_info_request,team,py_literal,custom/wujia_portal_info_request/controllers/portal.py,86,yêu cầu
wujia_portal_info_request,team,py_literal,custom/wujia_portal_info_request/controllers/portal.py,52,Nháp
wujia_portal_info_request,team,py_literal,custom/wujia_portal_info_request/controllers/portal.py,53,Đã gửi
wujia_portal_info_request,team,py_literal,custom/wujia_portal_info_request/controllers/portal.py,54,Đang xem
wujia_portal_info_request,team,py_literal,custom/wujia_portal_info_request/controllers/portal.py,55,Đã duyệt
wujia_portal_info_request,team,py_literal,custom/wujia_portal_info_request/controllers/portal.py,56,Từ chối
wujia_portal_info_request,team,py_gettext,custom/wujia_portal_info_request/controllers/portal.py,210,Cửa hàng không truy cập được.
wujia_portal_info_request,team,py_gettext,custom/wujia_portal_info_request/controllers/portal.py,214,Loại thông tin không hợp lệ.
wujia_portal_info_request,team,py_gettext,custom/wujia_portal_info_request/controllers/portal.py,218,Vui lòng nhập giá trị mới.
wujia_portal_info_request,team,py_gettext,custom/wujia_portal_info_request/controllers/portal.py,222,Khi chọn 'Khác' phải nhập tên field.
wujia_portal_info_request,team,py_gettext,custom/wujia_portal_info_request/controllers/portal.py,112,Chỉ Owner / Manager mới được tạo yêu cầu cập nhật thông tin.
wujia_portal_info_request,team,py_gettext,custom/wujia_portal_info_request/controllers/portal.py,208,Cửa hàng không hợp lệ.
wujia_portal_info_request,team,py_gettext,custom/wujia_portal_info_request/controllers/portal.py,136,Không thể gửi yêu cầu. Vui lòng kiểm tra lại thông tin và thử lại.
wujia_portal_info_request,team,qweb_text,custom/wujia_portal_info_request/views/portal_info_request_list.xml,7,Yêu cầu cập nhật thông tin
wujia_portal_info_request,team,qweb_text,custom/wujia_portal_info_request/views/portal_info_request_list.xml,16,Yêu cầu cập nhật thông tin
wujia_portal_info_request,team,qweb_text,custom/wujia_portal_info_request/views/portal_info_request_list.xml,23,Cập nhật thông tin
wujia_portal_info_request,team,qweb_text,custom/wujia_portal_info_request/views/portal_info_request_list.xml,28,Bạn chưa được gán vào cửa hàng nào.
wujia_portal_info_request,team,qweb_expr,custom/wujia_portal_info_request/views/portal_info_request_list.xml,45,"t-value=""[{'name': 'state', 'value': state, 'label': 'Trạng thái', 'all_label': 'Tất cả trạng thái', 'options': [(kv[0], kv[1][0]) for kv in"
wujia_portal_info_request,team,qweb_text,custom/wujia_portal_info_request/views/portal_info_request_list.xml,55,Danh sách yêu cầu
wujia_portal_info_request,team,qweb_text,custom/wujia_portal_info_request/views/portal_info_request_list.xml,61,kết quả
wujia_portal_info_request,team,qweb_text,custom/wujia_portal_info_request/views/portal_info_request_list.xml,71,Chưa có yêu cầu nào.
wujia_portal_info_request,team,qweb_text,custom/wujia_portal_info_request/views/portal_info_request_list.xml,71,Tạo yêu cầu đầu tiên
wujia_portal_info_request,team,qweb_text,custom/wujia_portal_info_request/views/portal_info_request_list.xml,76,Mã
wujia_portal_info_request,team,qweb_text,custom/wujia_portal_info_request/views/portal_info_request_list.xml,77,Ngày tạo
wujia_portal_info_request,team,qweb_text,custom/wujia_portal_info_request/views/portal_info_request_list.xml,78,Cửa hàng
wujia_portal_info_request,team,qweb_text,custom/wujia_portal_info_request/views/portal_info_request_list.xml,79,Loại
wujia_portal_info_request,team,qweb_text,custom/wujia_portal_info_request/views/portal_info_request_list.xml,80,Giá trị mới
wujia_portal_info_request,team,qweb_text,custom/wujia_portal_info_request/views/portal_info_request_list.xml,81,Mức độ
wujia_portal_info_request,team,qweb_text,custom/wujia_portal_info_request/views/portal_info_request_list.xml,82,Trạng thái
wujia_portal_info_request,team,qweb_text,custom/wujia_portal_info_request/views/portal_info_request_list.xml,94,Khẩn
wujia_portal_info_request,team,qweb_text,custom/wujia_portal_info_request/views/portal_info_request_list.xml,95,Bình thường
wujia_portal_info_request,team,qweb_attr,custom/wujia_portal_info_request/views/portal_info_request_list.xml,104,"aria-label=""Xem chi tiết yêu cầu"""
wujia_portal_info_request,team,qweb_attr,custom/wujia_portal_info_request/views/portal_info_request_list.xml,104,"title=""Xem chi tiết yêu cầu"""
wujia_portal_info_request,team,qweb_text,custom/wujia_portal_info_request/views/portal_info_request_detail.xml,7,Chi tiết yêu cầu
wujia_portal_info_request,team,qweb_text,custom/wujia_portal_info_request/views/portal_info_request_detail.xml,12,Yêu cầu cập nhật thông tin / Chi tiết yêu cầu
wujia_portal_info_request,team,qweb_text,custom/wujia_portal_info_request/views/portal_info_request_detail.xml,19,Chi tiết yêu cầu
wujia_portal_info_request,team,qweb_text,custom/wujia_portal_info_request/views/portal_info_request_detail.xml,27,Yêu cầu đã được tạo.
wujia_portal_info_request,team,qweb_text,custom/wujia_portal_info_request/views/portal_info_request_detail.xml,28,Yêu cầu đã được huỷ.
wujia_portal_info_request,team,qweb_text,custom/wujia_portal_info_request/views/portal_info_request_detail.xml,37,Cửa hàng
wujia_portal_info_request,team,qweb_text,custom/wujia_portal_info_request/views/portal_info_request_detail.xml,41,Loại thông tin
wujia_portal_info_request,team,qweb_text,custom/wujia_portal_info_request/views/portal_info_request_detail.xml,51,Người tạo
wujia_portal_info_request,team,qweb_text,custom/wujia_portal_info_request/views/portal_info_request_detail.xml,55,Mức độ
wujia_portal_info_request,team,qweb_text,custom/wujia_portal_info_request/views/portal_info_request_detail.xml,57,Khẩn
wujia_portal_info_request,team,qweb_text,custom/wujia_portal_info_request/views/portal_info_request_detail.xml,58,Bình thường
wujia_portal_info_request,team,qweb_text,custom/wujia_portal_info_request/views/portal_info_request_detail.xml,62,Ngày tạo
wujia_portal_info_request,team,qweb_text,custom/wujia_portal_info_request/views/portal_info_request_detail.xml,66,Ngày gửi
wujia_portal_info_request,team,qweb_text,custom/wujia_portal_info_request/views/portal_info_request_detail.xml,71,Giá trị cũ
wujia_portal_info_request,team,qweb_text,custom/wujia_portal_info_request/views/portal_info_request_detail.xml,76,Giá trị mới
wujia_portal_info_request,team,qweb_text,custom/wujia_portal_info_request/views/portal_info_request_detail.xml,81,Ghi chú
wujia_portal_info_request,team,qweb_text,custom/wujia_portal_info_request/views/portal_info_request_detail.xml,87,Minh chứng
wujia_portal_info_request,team,qweb_text,custom/wujia_portal_info_request/views/portal_info_request_detail.xml,100,Lý do từ chối
wujia_portal_info_request,team,qweb_text,custom/wujia_portal_info_request/views/portal_info_request_detail.xml,106,Người duyệt
wujia_portal_info_request,team,qweb_attr,custom/wujia_portal_info_request/views/portal_info_request_detail.xml,126,"onclick=""return confirm('Huỷ yêu cầu này?');"""
wujia_portal_info_request,team,qweb_text,custom/wujia_portal_info_request/views/portal_info_request_detail.xml,127,Huỷ yêu cầu
wujia_portal_info_request,team,qweb_text,custom/wujia_portal_info_request/views/portal_info_request_form.xml,7,Tạo yêu cầu cập nhật thông tin
wujia_portal_info_request,team,qweb_text,custom/wujia_portal_info_request/views/portal_info_request_form.xml,12,Yêu cầu cập nhật thông tin / Tạo yêu cầu
wujia_portal_info_request,team,qweb_text,custom/wujia_portal_info_request/views/portal_info_request_form.xml,13,Tạo yêu cầu cập nhật thông tin
wujia_portal_info_request,team,qweb_text,custom/wujia_portal_info_request/views/portal_info_request_form.xml,19,Tạo yêu cầu
wujia_portal_info_request,team,qweb_text,custom/wujia_portal_info_request/views/portal_info_request_form.xml,34,Cửa hàng
wujia_portal_info_request,team,qweb_text,custom/wujia_portal_info_request/views/portal_info_request_form.xml,37,— Chọn cửa hàng —
wujia_portal_info_request,team,qweb_text,custom/wujia_portal_info_request/views/portal_info_request_form.xml,46,Loại thông tin
wujia_portal_info_request,team,qweb_text,custom/wujia_portal_info_request/views/portal_info_request_form.xml,49,— Chọn loại —
wujia_portal_info_request,team,qweb_text,custom/wujia_portal_info_request/views/portal_info_request_form.xml,60,"Tên field kỹ thuật (khi chọn ""Khác"")"
wujia_portal_info_request,team,qweb_text,custom/wujia_portal_info_request/views/portal_info_request_form.xml,67,Mức độ
wujia_portal_info_request,team,qweb_text,custom/wujia_portal_info_request/views/portal_info_request_form.xml,70,Bình thường
wujia_portal_info_request,team,qweb_text,custom/wujia_portal_info_request/views/portal_info_request_form.xml,74,Khẩn
wujia_portal_info_request,team,qweb_text,custom/wujia_portal_info_request/views/portal_info_request_form.xml,81,Giá trị hiện tại
wujia_portal_info_request,team,qweb_attr,custom/wujia_portal_info_request/views/portal_info_request_form.xml,85,"placeholder=""Chọn cửa hàng + loại thông tin để xem giá trị hiện tại..."""
wujia_portal_info_request,team,qweb_text,custom/wujia_portal_info_request/views/portal_info_request_form.xml,89,Giá trị mới
wujia_portal_info_request,team,qweb_attr,custom/wujia_portal_info_request/views/portal_info_request_form.xml,93,"placeholder=""Nhập giá trị mới cần cập nhật..."""
wujia_portal_info_request,team,qweb_text,custom/wujia_portal_info_request/views/portal_info_request_form.xml,97,Ghi chú
wujia_portal_info_request,team,qweb_attr,custom/wujia_portal_info_request/views/portal_info_request_form.xml,100,"placeholder=""Lý do, ngữ cảnh thêm cho HQ duyệt..."""
wujia_portal_info_request,team,qweb_text,custom/wujia_portal_info_request/views/portal_info_request_form.xml,104,Minh chứng (tuỳ chọn)
wujia_portal_info_request,team,qweb_text,custom/wujia_portal_info_request/views/portal_info_request_form.xml,107,"PDF / JPG / PNG, tối đa 5MB/file, tối đa 6 file."
wujia_portal_info_request,team,qweb_text,custom/wujia_portal_info_request/views/portal_info_request_form.xml,112,Hủy
wujia_portal_info_request,team,qweb_text,custom/wujia_portal_info_request/views/portal_info_request_form.xml,114,Lưu nháp
wujia_portal_info_request,team,qweb_text,custom/wujia_portal_info_request/views/portal_info_request_form.xml,116,Gửi yêu cầu
wujia_portal_info_request,team,qweb_text,custom/wujia_portal_info_request/views/portal_info_request_form.xml,123,// (function () { function onChange() { var fid = document.getElementById('info-franchise-id').value; var rt = document.getElementById('info
wujia_portal_inspection,Thái,py_literal,custom/wujia_portal_inspection/__manifest__.py,3,Wujia Portal — Inspection (Khảo sát)
wujia_portal_inspection,Thái,py_literal,custom/wujia_portal_inspection/__manifest__.py,6,Giao diện xem phiếu khảo sát đánh giá cửa hàng nhượng quyền
wujia_portal_inspection,Thái,js_literal,custom/wujia_portal_inspection/static/src/js/portal_inspection_detail.js,215,Vui lòng nhập ghi chú hoặc tải lên ảnh minh chứng trước khi gửi phản hồi!
wujia_portal_inspection,Thái,js_literal,custom/wujia_portal_inspection/static/src/js/portal_inspection_detail.js,224,"<span class=""spinner-border spinner-border-sm me-2"" role=""status"" aria-hidden=""true""></span> Đang gửi..."
wujia_portal_inspection,Thái,js_literal,custom/wujia_portal_inspection/static/src/js/portal_inspection_detail.js,245,"Phiên đăng nhập hết hạn, vui lòng đăng nhập lại."
wujia_portal_inspection,Thái,js_literal,custom/wujia_portal_inspection/static/src/js/portal_inspection_detail.js,273,"Gửi phản hồi thất bại, vui lòng thử lại."
wujia_portal_inspection,Thái,js_literal,custom/wujia_portal_inspection/static/src/js/portal_inspection_detail.js,298,Tiêu chí này yêu cầu bắt buộc phải chọn ảnh minh chứng!
wujia_portal_inspection,Thái,js_literal,custom/wujia_portal_inspection/static/src/js/portal_inspection_detail.js,304,Vui lòng nhập ghi chú khắc phục hoặc chọn ảnh minh chứng trước khi gửi!
wujia_portal_inspection,Thái,py_literal,custom/wujia_portal_inspection/controllers/portal.py,113,Hoàn thành
wujia_portal_inspection,Thái,py_literal,custom/wujia_portal_inspection/controllers/portal.py,360,DANH MỤC TIÊU CHÍ
wujia_portal_inspection,Thái,py_literal,custom/wujia_portal_inspection/controllers/portal.py,453,Quy chuẩn
wujia_portal_inspection,Thái,py_literal,custom/wujia_portal_inspection/controllers/portal.py,119,Chờ phản hồi
wujia_portal_inspection,Thái,py_literal,custom/wujia_portal_inspection/controllers/portal.py,124,Khảo sát
wujia_portal_inspection,Thái,py_literal,custom/wujia_portal_inspection/controllers/portal.py,459,Đã gửi phản hồi khắc phục thành công!
wujia_portal_inspection,Thái,py_literal,custom/wujia_portal_inspection/controllers/portal.py,125,Khảo sát cửa hàng nhượng quyền
wujia_portal_inspection,Thái,py_literal,custom/wujia_portal_inspection/controllers/portal.py,125,Khảo sát cửa hàng nhượng quyền
wujia_portal_inspection,Thái,py_literal,custom/wujia_portal_inspection/controllers/portal.py,133,Khảo sát cửa hàng
wujia_portal_inspection,Thái,py_literal,custom/wujia_portal_inspection/controllers/portal.py,148,Cửa hàng
wujia_portal_inspection,Thái,py_literal,custom/wujia_portal_inspection/controllers/portal.py,233,DANH MỤC
wujia_portal_inspection,Thái,py_literal,custom/wujia_portal_inspection/controllers/portal.py,403,Thiếu ID tiêu chí.
wujia_portal_inspection,Thái,py_literal,custom/wujia_portal_inspection/controllers/portal.py,408,Tiêu chí không tồn tại.
wujia_portal_inspection,Thái,py_literal,custom/wujia_portal_inspection/controllers/portal.py,437,Tiêu chí này yêu cầu bắt buộc phải có ảnh minh chứng.
wujia_portal_inspection,Thái,py_literal,custom/wujia_portal_inspection/controllers/portal.py,440,Vui lòng nhập ghi chú khắc phục hoặc tải lên ảnh minh chứng trước khi gửi.
wujia_portal_inspection,Thái,py_literal,custom/wujia_portal_inspection/controllers/portal.py,109,Loại
wujia_portal_inspection,Thái,py_literal,custom/wujia_portal_inspection/controllers/portal.py,231,nghiêm trọng
wujia_portal_inspection,Thái,py_literal,custom/wujia_portal_inspection/controllers/portal.py,108,Loại
wujia_portal_inspection,Thái,py_literal,custom/wujia_portal_inspection/controllers/portal.py,108,Hạng
wujia_portal_inspection,Thái,py_literal,custom/wujia_portal_inspection/controllers/portal.py,129,Lần
wujia_portal_inspection,Thái,py_literal,custom/wujia_portal_inspection/controllers/portal.py,231,nghiêm trọng
wujia_portal_inspection,Thái,py_literal,custom/wujia_portal_inspection/controllers/portal.py,231,vi phạm
wujia_portal_inspection,Thái,py_literal,custom/wujia_portal_inspection/controllers/portal.py,231,nghiêm trọng
wujia_portal_inspection,Thái,py_literal,custom/wujia_portal_inspection/controllers/portal.py,252,nghiêm trọng
wujia_portal_inspection,Thái,py_literal,custom/wujia_portal_inspection/controllers/portal.py,283,Tiêu chí kiểm tra
wujia_portal_inspection,Thái,py_literal,custom/wujia_portal_inspection/controllers/portal.py,131,Lần
wujia_portal_inspection,Thái,py_literal,custom/wujia_portal_inspection/controllers/portal.py,252,nghiêm trọng
wujia_portal_inspection,Thái,py_literal,custom/wujia_portal_inspection/controllers/portal.py,282,DANH MỤC
wujia_portal_inspection,Thái,qweb_attr,custom/wujia_portal_inspection/views/portal_inspection_list_templates.xml,19,"placeholder=""Tìm kiếm theo mã phiếu..."""
wujia_portal_inspection,Thái,qweb_text,custom/wujia_portal_inspection/views/portal_inspection_list_templates.xml,23,Đặt lại
wujia_portal_inspection,Thái,qweb_text,custom/wujia_portal_inspection/views/portal_inspection_list_templates.xml,24,Tìm kiếm
wujia_portal_inspection,Thái,qweb_text,custom/wujia_portal_inspection/views/portal_inspection_list_templates.xml,35,Danh sách phiếu khảo sát
wujia_portal_inspection,Thái,qweb_text,custom/wujia_portal_inspection/views/portal_inspection_list_templates.xml,36,Theo dõi kết quả đánh giá chất lượng và khắc phục vi phạm
wujia_portal_inspection,Thái,qweb_text,custom/wujia_portal_inspection/views/portal_inspection_list_templates.xml,42,Tất cả
wujia_portal_inspection,Thái,qweb_text,custom/wujia_portal_inspection/views/portal_inspection_list_templates.xml,47,Chờ phản hồi
wujia_portal_inspection,Thái,qweb_text,custom/wujia_portal_inspection/views/portal_inspection_list_templates.xml,52,Hoàn thành
wujia_portal_inspection,Thái,qweb_text,custom/wujia_portal_inspection/views/portal_inspection_list_templates.xml,63,Không tìm thấy phiếu khảo sát nào
wujia_portal_inspection,Thái,qweb_text,custom/wujia_portal_inspection/views/portal_inspection_list_templates.xml,64,Thử thay đổi từ khóa tìm kiếm hoặc chọn tab khác.
wujia_portal_inspection,Thái,qweb_text,custom/wujia_portal_inspection/views/portal_inspection_list_templates.xml,73,Mã phiếu
wujia_portal_inspection,Thái,qweb_text,custom/wujia_portal_inspection/views/portal_inspection_list_templates.xml,74,Ngày giám sát
wujia_portal_inspection,Thái,qweb_text,custom/wujia_portal_inspection/views/portal_inspection_list_templates.xml,75,Trạng thái
wujia_portal_inspection,Thái,qweb_text,custom/wujia_portal_inspection/views/portal_inspection_list_templates.xml,76,Điểm tổng kết
wujia_portal_inspection,Thái,qweb_text,custom/wujia_portal_inspection/views/portal_inspection_list_templates.xml,77,Thao tác
wujia_portal_inspection,Thái,qweb_text,custom/wujia_portal_inspection/views/portal_inspection_list_templates.xml,108,Xem chi tiết
wujia_portal_inspection,Thái,qweb_attr,custom/wujia_portal_inspection/views/portal_inspection_list_templates.xml,153,"placeholder=""Tìm kiếm theo mã phiếu"""
wujia_portal_inspection,Thái,qweb_text,custom/wujia_portal_inspection/views/portal_inspection_list_templates.xml,161,Tất cả
wujia_portal_inspection,Thái,qweb_text,custom/wujia_portal_inspection/views/portal_inspection_list_templates.xml,166,Chờ phản hồi
wujia_portal_inspection,Thái,qweb_text,custom/wujia_portal_inspection/views/portal_inspection_list_templates.xml,171,Hoàn thành
wujia_portal_inspection,Thái,qweb_text,custom/wujia_portal_inspection/views/portal_inspection_list_templates.xml,181,Không tìm thấy phiếu khảo sát nào
wujia_portal_inspection,Thái,qweb_text,custom/wujia_portal_inspection/views/portal_inspection_list_templates.xml,182,Thử thay đổi từ khóa tìm kiếm hoặc chọn tab khác.
wujia_portal_inspection,Thái,qweb_text,custom/wujia_portal_inspection/views/portal_inspection_list_templates.xml,215,NGÀY GIÁM SÁT
wujia_portal_inspection,Thái,qweb_text,custom/wujia_portal_inspection/views/portal_inspection_list_templates.xml,228,ĐIỂM TỔNG KẾT
wujia_portal_inspection,Thái,qweb_attr,custom/wujia_portal_inspection/views/portal_inspection_list_templates.xml,287,"name=""Wujia Portal — Khảo sát"""
wujia_portal_inspection,Thái,qweb_text,custom/wujia_portal_inspection/views/portal_inspection_list_templates.xml,289,Khảo sát
wujia_portal_inspection,Thái,qweb_expr,custom/wujia_portal_inspection/views/portal_inspection_list_templates.xml,295,"t-value=""'Danh sách phiếu giám sát'"""
wujia_portal_inspection,Thái,qweb_expr,custom/wujia_portal_inspection/views/portal_inspection_list_templates.xml,300,"t-value=""'Khảo sát'"""
wujia_portal_inspection,Thái,qweb_text,custom/wujia_portal_inspection/views/portal_inspection_list_templates.xml,308,Khảo sát & Đánh giá
wujia_portal_inspection,Thái,qweb_text,custom/wujia_portal_inspection/views/portal_inspection_list_templates.xml,309,Portal / Giám sát & Đánh giá / Khảo sát
wujia_portal_inspection,Thái,qweb_attr,custom/wujia_portal_inspection/views/portal_inspection_remediation_templates.xml,6,"name=""Wujia Portal — Phản hồi khắc phục"""
wujia_portal_inspection,Thái,qweb_expr,custom/wujia_portal_inspection/views/portal_inspection_remediation_templates.xml,13,"t-value=""'Phản hồi khắc phục'"""
wujia_portal_inspection,Thái,qweb_expr,custom/wujia_portal_inspection/views/portal_inspection_remediation_templates.xml,19,"t-value=""'Phản hồi khắc phục'"""
wujia_portal_inspection,Thái,qweb_text,custom/wujia_portal_inspection/views/portal_inspection_remediation_templates.xml,29,Phản hồi khắc phục
wujia_portal_inspection,Thái,qweb_text,custom/wujia_portal_inspection/views/portal_inspection_remediation_templates.xml,30,Portal / Giám sát & Đánh giá / Khảo sát / Khắc phục /
wujia_portal_inspection,Thái,qweb_text,custom/wujia_portal_inspection/views/portal_inspection_remediation_templates.xml,37,Quay lại
wujia_portal_inspection,Thái,qweb_text,custom/wujia_portal_inspection/views/portal_inspection_remediation_templates.xml,45,Cập nhật báo cáo khắc phục
wujia_portal_inspection,Thái,qweb_text,custom/wujia_portal_inspection/views/portal_inspection_remediation_templates.xml,46,Vui lòng cung cấp hình ảnh thực tế sau khắc phục và giải trình chi tiết
wujia_portal_inspection,Thái,qweb_text,custom/wujia_portal_inspection/views/portal_inspection_remediation_templates.xml,67,KHÔNG ĐẠT
wujia_portal_inspection,Thái,qweb_text,custom/wujia_portal_inspection/views/portal_inspection_remediation_templates.xml,84,Admin ghi chú:
wujia_portal_inspection,Thái,qweb_text,custom/wujia_portal_inspection/views/portal_inspection_remediation_templates.xml,95,Trước (Thanh tra)
wujia_portal_inspection,Thái,qweb_text,custom/wujia_portal_inspection/views/portal_inspection_remediation_templates.xml,111,Sau (Khắc phục)
wujia_portal_inspection,Thái,qweb_text,custom/wujia_portal_inspection/views/portal_inspection_remediation_templates.xml,124,Tải lên ảnh khắc phục
wujia_portal_inspection,Thái,qweb_text,custom/wujia_portal_inspection/views/portal_inspection_remediation_templates.xml,126,Nhấn vào đây để chọn ảnh
wujia_portal_inspection,Thái,qweb_text,custom/wujia_portal_inspection/views/portal_inspection_remediation_templates.xml,141,Mô tả hành động khắc phục
wujia_portal_inspection,Thái,qweb_attr,custom/wujia_portal_inspection/views/portal_inspection_remediation_templates.xml,146,"placeholder=""Nhập chi tiết quá trình khắc phục..."""
wujia_portal_inspection,Thái,qweb_text,custom/wujia_portal_inspection/views/portal_inspection_remediation_templates.xml,160,THÔNG TIN QUAN TRỌNG
wujia_portal_inspection,Thái,qweb_text,custom/wujia_portal_inspection/views/portal_inspection_remediation_templates.xml,163,Phản hồi của bạn sẽ được gửi trực tiếp đến bộ phận QC duyệt chất lượng. Vui lòng gửi ảnh chụp rõ nét và giải trình đầy đủ.
wujia_portal_inspection,Thái,qweb_text,custom/wujia_portal_inspection/views/portal_inspection_remediation_templates.xml,174,Hủy
wujia_portal_inspection,Thái,qweb_text,custom/wujia_portal_inspection/views/portal_inspection_remediation_templates.xml,176,Gửi phản hồi
wujia_portal_inspection,Thái,qweb_text,custom/wujia_portal_inspection/views/portal_inspection_remediation_templates.xml,197,KHÔNG ĐẠT
wujia_portal_inspection,Thái,qweb_text,custom/wujia_portal_inspection/views/portal_inspection_remediation_templates.xml,216,Ghi chú vi phạm từ Admin:
wujia_portal_inspection,Thái,qweb_text,custom/wujia_portal_inspection/views/portal_inspection_remediation_templates.xml,227,Trước (Thanh tra)
wujia_portal_inspection,Thái,qweb_text,custom/wujia_portal_inspection/views/portal_inspection_remediation_templates.xml,241,Sau (Khắc phục)
wujia_portal_inspection,Thái,qweb_text,custom/wujia_portal_inspection/views/portal_inspection_remediation_templates.xml,257,Tải lên ảnh khắc phục
wujia_portal_inspection,Thái,qweb_text,custom/wujia_portal_inspection/views/portal_inspection_remediation_templates.xml,258,Nhấn hoặc kéo thả ảnh vào đây
wujia_portal_inspection,Thái,qweb_text,custom/wujia_portal_inspection/views/portal_inspection_remediation_templates.xml,269,Mô tả hành động khắc phục
wujia_portal_inspection,Thái,qweb_attr,custom/wujia_portal_inspection/views/portal_inspection_remediation_templates.xml,274,"placeholder=""VD: Đã vệ sinh sạch sẽ khu vực cửa kính vào lúc 10:30..."""
wujia_portal_inspection,Thái,qweb_text,custom/wujia_portal_inspection/views/portal_inspection_remediation_templates.xml,285,THÔNG TIN QUAN TRỌNG
wujia_portal_inspection,Thái,qweb_text,custom/wujia_portal_inspection/views/portal_inspection_remediation_templates.xml,288,Phản hồi của bạn sẽ được gửi đến bộ phận kiểm soát chất lượng (QC) để thẩm định lại. Vui lòng đảm bảo hình ảnh rõ nét và mô tả chi tiết để đ
wujia_portal_inspection,Thái,qweb_text,custom/wujia_portal_inspection/views/portal_inspection_remediation_templates.xml,300,Gửi phản hồi
wujia_portal_inspection,Thái,qweb_attr,custom/wujia_portal_inspection/views/portal_inspection_detail_templates.xml,4,"name=""Wujia Portal — Chi tiết phiếu khảo sát"""
wujia_portal_inspection,Thái,qweb_expr,custom/wujia_portal_inspection/views/portal_inspection_detail_templates.xml,11,"t-value=""'Chi tiết giám sát'"""
wujia_portal_inspection,Thái,qweb_expr,custom/wujia_portal_inspection/views/portal_inspection_detail_templates.xml,17,"t-value=""'Chi tiết giám sát'"""
wujia_portal_inspection,Thái,qweb_text,custom/wujia_portal_inspection/views/portal_inspection_detail_templates.xml,26,Chi tiết giám sát
wujia_portal_inspection,Thái,qweb_text,custom/wujia_portal_inspection/views/portal_inspection_detail_templates.xml,27,Portal / Giám sát & Đánh giá / Khảo sát /
wujia_portal_inspection,Thái,qweb_text,custom/wujia_portal_inspection/views/portal_inspection_detail_templates.xml,33,Quay lại
wujia_portal_inspection,Thái,qweb_text,custom/wujia_portal_inspection/views/portal_inspection_detail_templates.xml,49,Điểm tổng kết
wujia_portal_inspection,Thái,qweb_text,custom/wujia_portal_inspection/views/portal_inspection_detail_templates.xml,63,Xếp hạng
wujia_portal_inspection,Thái,qweb_text,custom/wujia_portal_inspection/views/portal_inspection_detail_templates.xml,64,LOẠI
wujia_portal_inspection,Thái,qweb_text,custom/wujia_portal_inspection/views/portal_inspection_detail_templates.xml,77,Mã tiệm
wujia_portal_inspection,Thái,qweb_text,custom/wujia_portal_inspection/views/portal_inspection_detail_templates.xml,92,Ngày giám sát
wujia_portal_inspection,Thái,qweb_text,custom/wujia_portal_inspection/views/portal_inspection_detail_templates.xml,105,Kết quả đánh giá chi tiết
wujia_portal_inspection,Thái,qweb_text,custom/wujia_portal_inspection/views/portal_inspection_detail_templates.xml,106,Xem chi tiết đánh giá hoặc kết quả bài kiểm tra lý thuyết
wujia_portal_inspection,Thái,qweb_text,custom/wujia_portal_inspection/views/portal_inspection_detail_templates.xml,112,Kết quả đánh giá
wujia_portal_inspection,Thái,qweb_text,custom/wujia_portal_inspection/views/portal_inspection_detail_templates.xml,114,Bài kiểm tra
wujia_portal_inspection,Thái,qweb_text,custom/wujia_portal_inspection/views/portal_inspection_detail_templates.xml,122,Phân bổ kết quả
wujia_portal_inspection,Thái,qweb_text,custom/wujia_portal_inspection/views/portal_inspection_detail_templates.xml,168,đ
wujia_portal_inspection,Thái,qweb_text,custom/wujia_portal_inspection/views/portal_inspection_detail_templates.xml,170,0đ
wujia_portal_inspection,Thái,qweb_text,custom/wujia_portal_inspection/views/portal_inspection_detail_templates.xml,177,đ
wujia_portal_inspection,Thái,qweb_text,custom/wujia_portal_inspection/views/portal_inspection_detail_templates.xml,201,ĐẠT
wujia_portal_inspection,Thái,qweb_text,custom/wujia_portal_inspection/views/portal_inspection_detail_templates.xml,206,HOÀN THÀNH
wujia_portal_inspection,Thái,qweb_text,custom/wujia_portal_inspection/views/portal_inspection_detail_templates.xml,210,ĐÃ PHẢN HỒI
wujia_portal_inspection,Thái,qweb_text,custom/wujia_portal_inspection/views/portal_inspection_detail_templates.xml,213,CẦN PHẢN HỒI
wujia_portal_inspection,Thái,qweb_text,custom/wujia_portal_inspection/views/portal_inspection_detail_templates.xml,231,MINH CHỨNG LỖI (THANH TRA)
wujia_portal_inspection,Thái,qweb_expr,custom/wujia_portal_inspection/views/portal_inspection_detail_templates.xml,236,"t-out=""l.get('note') or 'Có lỗi vi phạm cần đăng hình ảnh/ghi chú khắc phục.'"""
wujia_portal_inspection,Thái,qweb_text,custom/wujia_portal_inspection/views/portal_inspection_detail_templates.xml,245,Gửi phản hồi
wujia_portal_inspection,Thái,qweb_text,custom/wujia_portal_inspection/views/portal_inspection_detail_templates.xml,273,PHẢN HỒI KHẮC PHỤC (CỬA HÀNG)
wujia_portal_inspection,Thái,qweb_expr,custom/wujia_portal_inspection/views/portal_inspection_detail_templates.xml,278,"t-out=""l.get('remediation_note') or 'Đã đính kèm ảnh khắc phục.'"""
wujia_portal_inspection,Thái,qweb_attr,custom/wujia_portal_inspection/views/portal_inspection_detail_templates.xml,287,"title=""Sửa phản hồi"""
wujia_portal_inspection,Thái,qweb_text,custom/wujia_portal_inspection/views/portal_inspection_detail_templates.xml,308,Không có bài thi lý thuyết
wujia_portal_inspection,Thái,qweb_text,custom/wujia_portal_inspection/views/portal_inspection_detail_templates.xml,309,Phiếu khảo sát này không bao gồm bài thi lý thuyết.
wujia_portal_inspection,Thái,qweb_text,custom/wujia_portal_inspection/views/portal_inspection_detail_templates.xml,322,Câu
wujia_portal_inspection,Thái,qweb_text,custom/wujia_portal_inspection/views/portal_inspection_detail_templates.xml,326,ĐÚNG
wujia_portal_inspection,Thái,qweb_text,custom/wujia_portal_inspection/views/portal_inspection_detail_templates.xml,341,Đáp án đã điền:
wujia_portal_inspection,Thái,qweb_expr,custom/wujia_portal_inspection/views/portal_inspection_detail_templates.xml,345,"t-out=""(q_line.answer or '').strip() or 'Bỏ trống'"""
wujia_portal_inspection,Thái,qweb_text,custom/wujia_portal_inspection/views/portal_inspection_detail_templates.xml,367,TỔNG ĐIỂM KIỂM TRA
wujia_portal_inspection,Thái,qweb_text,custom/wujia_portal_inspection/views/portal_inspection_detail_templates.xml,406,Mã tiệm:
wujia_portal_inspection,Thái,qweb_text,custom/wujia_portal_inspection/views/portal_inspection_detail_templates.xml,410,Ngày:
wujia_portal_inspection,Thái,qweb_text,custom/wujia_portal_inspection/views/portal_inspection_detail_templates.xml,415,XẾP HẠNG
wujia_portal_inspection,Thái,qweb_text,custom/wujia_portal_inspection/views/portal_inspection_detail_templates.xml,426,Kết quả đánh giá
wujia_portal_inspection,Thái,qweb_text,custom/wujia_portal_inspection/views/portal_inspection_detail_templates.xml,431,Bài kiểm tra
wujia_portal_inspection,Thái,qweb_text,custom/wujia_portal_inspection/views/portal_inspection_detail_templates.xml,440,Phân bổ kết quả
wujia_portal_inspection,Thái,qweb_text,custom/wujia_portal_inspection/views/portal_inspection_detail_templates.xml,482,đ
wujia_portal_inspection,Thái,qweb_text,custom/wujia_portal_inspection/views/portal_inspection_detail_templates.xml,484,0đ
wujia_portal_inspection,Thái,qweb_text,custom/wujia_portal_inspection/views/portal_inspection_detail_templates.xml,491,đ
wujia_portal_inspection,Thái,qweb_text,custom/wujia_portal_inspection/views/portal_inspection_detail_templates.xml,511,ĐẠT
wujia_portal_inspection,Thái,qweb_text,custom/wujia_portal_inspection/views/portal_inspection_detail_templates.xml,516,HOÀN THÀNH
wujia_portal_inspection,Thái,qweb_text,custom/wujia_portal_inspection/views/portal_inspection_detail_templates.xml,520,ĐÃ PHẢN HỒI
wujia_portal_inspection,Thái,qweb_text,custom/wujia_portal_inspection/views/portal_inspection_detail_templates.xml,522,CẦN PHẢN HỒI
wujia_portal_inspection,Thái,qweb_text,custom/wujia_portal_inspection/views/portal_inspection_detail_templates.xml,543,Minh chứng lỗi:
wujia_portal_inspection,Thái,qweb_expr,custom/wujia_portal_inspection/views/portal_inspection_detail_templates.xml,547,"t-out=""l.get('note') or 'Có lỗi vi phạm cần đăng hình ảnh/ghi chú khắc phục.'"""
wujia_portal_inspection,Thái,qweb_text,custom/wujia_portal_inspection/views/portal_inspection_detail_templates.xml,555,Gửi phản hồi cho lỗi này
wujia_portal_inspection,Thái,qweb_text,custom/wujia_portal_inspection/views/portal_inspection_detail_templates.xml,583,Phản hồi khắc phục:
wujia_portal_inspection,Thái,qweb_expr,custom/wujia_portal_inspection/views/portal_inspection_detail_templates.xml,587,"t-out=""l.get('remediation_note') or 'Đã đính kèm ảnh khắc phục.'"""
wujia_portal_inspection,Thái,qweb_attr,custom/wujia_portal_inspection/views/portal_inspection_detail_templates.xml,596,"title=""Sửa phản hồi"""
wujia_portal_inspection,Thái,qweb_text,custom/wujia_portal_inspection/views/portal_inspection_detail_templates.xml,618,Không có bài thi lý thuyết
wujia_portal_inspection,Thái,qweb_text,custom/wujia_portal_inspection/views/portal_inspection_detail_templates.xml,620,Phiếu khảo sát này không bao gồm bài thi lý thuyết.
wujia_portal_inspection,Thái,qweb_text,custom/wujia_portal_inspection/views/portal_inspection_detail_templates.xml,631,Câu
wujia_portal_inspection,Thái,qweb_text,custom/wujia_portal_inspection/views/portal_inspection_detail_templates.xml,636,ĐÚNG
wujia_portal_inspection,Thái,qweb_text,custom/wujia_portal_inspection/views/portal_inspection_detail_templates.xml,653,Đáp án đã điền:
wujia_portal_inspection,Thái,qweb_expr,custom/wujia_portal_inspection/views/portal_inspection_detail_templates.xml,656,"t-out=""(q_line.answer or '').strip() or 'Bỏ trống'"""
wujia_portal_inspection,Thái,qweb_text,custom/wujia_portal_inspection/views/portal_inspection_detail_templates.xml,679,Có
wujia_portal_inspection,Thái,qweb_text,custom/wujia_portal_inspection/views/portal_inspection_detail_templates.xml,679,mục chưa phản hồi
wujia_portal_inspection,Thái,qweb_text,custom/wujia_portal_inspection/views/portal_inspection_success_templates.xml,13,Gửi phản hồi thành công!
wujia_portal_inspection,Thái,qweb_text,custom/wujia_portal_inspection/views/portal_inspection_success_templates.xml,16,Cảm ơn bạn đã gửi phản hồi. Chúng tôi đã ghi nhận thông tin và sẽ phản hồi kết quả sớm nhất.
wujia_portal_inspection,Thái,qweb_text,custom/wujia_portal_inspection/views/portal_inspection_success_templates.xml,24,Thông tin phản hồi
wujia_portal_inspection,Thái,qweb_text,custom/wujia_portal_inspection/views/portal_inspection_success_templates.xml,28,Mã tiệm:
wujia_portal_inspection,Thái,qweb_text,custom/wujia_portal_inspection/views/portal_inspection_success_templates.xml,35,Hạng mục:
wujia_portal_inspection,Thái,qweb_expr,custom/wujia_portal_inspection/views/portal_inspection_success_templates.xml,37,"t-out=""modal_data.get('category_name') if modal_data else 'Kiểm tra vệ sinh'"""
wujia_portal_inspection,Thái,qweb_text,custom/wujia_portal_inspection/views/portal_inspection_success_templates.xml,42,Thời gian:
wujia_portal_inspection,Thái,qweb_text,custom/wujia_portal_inspection/views/portal_inspection_success_templates.xml,53,Về danh sách phiếu
wujia_portal_inspection,Thái,qweb_text,custom/wujia_portal_inspection/views/portal_inspection_success_templates.xml,57,Xem lại phản hồi
wujia_portal_inspection,Thái,qweb_text,custom/wujia_portal_inspection/views/portal_inspection_success_templates.xml,78,Cảnh báo thông tin
wujia_portal_inspection,Thái,qweb_text,custom/wujia_portal_inspection/views/portal_inspection_success_templates.xml,79,Vui lòng nhập ghi chú hoặc tải lên ảnh minh chứng trước khi gửi phản hồi!
wujia_portal_inspection,Thái,qweb_text,custom/wujia_portal_inspection/views/portal_inspection_success_templates.xml,84,Tự động đóng sau
wujia_portal_inspection,Thái,qweb_text,custom/wujia_portal_inspection/views/portal_inspection_success_templates.xml,90,Đã hiểu
wujia_portal_inspection,Thái,qweb_attr,custom/wujia_portal_inspection/views/sidenav_inherit.xml,8,"name=""Wujia PC Sidenav — Khảo sát"""
wujia_portal_inspection,Thái,qweb_text,custom/wujia_portal_inspection/views/sidenav_inherit.xml,17,Khảo sát
wujia_portal_inspection,Thái,qweb_attr,custom/wujia_portal_inspection/views/sidenav_inherit.xml,27,"name=""Wujia Mobile BottomSheet — Khảo sát"""
wujia_portal_inspection,Thái,qweb_text,custom/wujia_portal_inspection/views/sidenav_inherit.xml,32,Khảo sát
wujia_portal_inspection,Thái,qweb_text,custom/wujia_portal_inspection/views/sidenav_inherit.xml,33,Xem kết quả đánh giá & khảo sát cửa hàng
wujia_portal_knowledge,team,py_literal,custom/wujia_portal_knowledge/__manifest__.py,5,Màn portal thư viện kiến thức (nghiệp vụ ở wujia_knowledge).
wujia_portal_knowledge,team,test,custom/wujia_portal_knowledge/tests/test_f5_nav_item.py,23,"<t t-set=""ni_label"">Kiến thức</t>"
wujia_portal_knowledge,team,test,custom/wujia_portal_knowledge/tests/test_portal_knowledge.py,46,Danh mục đã chọn không còn khả dụng.
wujia_portal_knowledge,team,test,custom/wujia_portal_knowledge/tests/test_portal_knowledge.py,51,Thẻ đã chọn không còn khả dụng.
wujia_portal_knowledge,team,test,custom/wujia_portal_knowledge/tests/test_portal_knowledge.py,58,Danh mục đã chọn không còn khả dụng.
wujia_portal_knowledge,team,test,custom/wujia_portal_knowledge/tests/test_portal_knowledge.py,64,không còn khả dụng
wujia_portal_knowledge,team,test,custom/wujia_portal_knowledge/tests/test_portal_knowledge.py,67,Đã gỡ
wujia_portal_knowledge,team,test,custom/wujia_portal_knowledge/tests/test_portal_knowledge.py,71,Bài viết không tồn tại hoặc không còn khả dụng.
wujia_portal_knowledge,team,test,custom/wujia_portal_knowledge/tests/test_portal_knowledge.py,72,Đã gỡ
wujia_portal_knowledge,team,test,custom/wujia_portal_knowledge/tests/test_portal_knowledge.py,75,Đã gỡ 2
wujia_portal_knowledge,team,test,custom/wujia_portal_knowledge/tests/test_portal_knowledge.py,79,Bài viết không tồn tại hoặc không còn khả dụng.
wujia_portal_knowledge,team,test,custom/wujia_portal_knowledge/tests/test_portal_knowledge.py,82,/portal/knowledge?keyword=Tóm+tắt+cho+bài+Checklist
wujia_portal_knowledge,team,test,custom/wujia_portal_knowledge/tests/test_portal_knowledge.py,87,/portal/knowledge?keyword=Nội+dung+chi+tiết
wujia_portal_knowledge,team,test,custom/wujia_portal_knowledge/tests/test_portal_knowledge.py,94,Chưa có bài viết
wujia_portal_knowledge,team,test,custom/wujia_portal_knowledge/tests/test_portal_knowledge.py,110,Bài khác
wujia_portal_knowledge,team,test,custom/wujia_portal_knowledge/tests/test_portal_knowledge.py,139,F9 Bài vừa đăng
wujia_portal_knowledge,team,test,custom/wujia_portal_knowledge/tests/test_portal_knowledge.py,140,F9 Bài hẹn giờ
wujia_portal_knowledge,team,py_literal,custom/wujia_portal_knowledge/controllers/portal.py,48,"Knowledge filter không hợp lệ (category_id=%r, tag_id=%r), user %s"
wujia_portal_knowledge,team,py_literal,custom/wujia_portal_knowledge/controllers/portal.py,79,bài viết
wujia_portal_knowledge,team,qweb_text,custom/wujia_portal_knowledge/views/portal_knowledge.xml,9,Danh mục đã chọn không còn khả dụng.
wujia_portal_knowledge,team,qweb_text,custom/wujia_portal_knowledge/views/portal_knowledge.xml,10,Thẻ đã chọn không còn khả dụng.
wujia_portal_knowledge,team,qweb_text,custom/wujia_portal_knowledge/views/portal_knowledge.xml,11,Bài viết không tồn tại hoặc không còn khả dụng.
wujia_portal_knowledge,team,qweb_text,custom/wujia_portal_knowledge/views/portal_knowledge.xml,19,Thư viện kiến thức
wujia_portal_knowledge,team,qweb_text,custom/wujia_portal_knowledge/views/portal_knowledge.xml,30,Kiến thức
wujia_portal_knowledge,team,qweb_expr,custom/wujia_portal_knowledge/views/portal_knowledge.xml,39,"t-value=""{'name': 'keyword', 'value': keyword, 'placeholder': 'Tìm bài viết...'}"""
wujia_portal_knowledge,team,qweb_text,custom/wujia_portal_knowledge/views/portal_knowledge.xml,48,Danh mục
wujia_portal_knowledge,team,qweb_text,custom/wujia_portal_knowledge/views/portal_knowledge.xml,56,Tất cả
wujia_portal_knowledge,team,qweb_expr,custom/wujia_portal_knowledge/views/portal_knowledge.xml,77,"t-value=""current_category.name if current_category else 'Tài liệu mới cập nhật'"""
wujia_portal_knowledge,team,qweb_text,custom/wujia_portal_knowledge/views/portal_knowledge.xml,82,bài viết
wujia_portal_knowledge,team,qweb_text,custom/wujia_portal_knowledge/views/portal_knowledge.xml,92,Chưa có bài viết.
wujia_portal_knowledge,team,qweb_expr,custom/wujia_portal_knowledge/views/portal_knowledge.xml,101,"t-value=""{'mandatory': 'Bắt buộc', 'important': 'Quan trọng', 'new': 'Mới'}.get(art.portal_badge, '')"""
wujia_portal_knowledge,team,qweb_text,custom/wujia_portal_knowledge/views/portal_knowledge.xml,147,Kiến thức
wujia_portal_knowledge,team,qweb_text,custom/wujia_portal_knowledge/views/portal_knowledge.xml,150,bài viết
wujia_portal_knowledge,team,qweb_expr,custom/wujia_portal_knowledge/views/portal_knowledge.xml,157,"t-value=""{'name': 'keyword', 'value': keyword, 'placeholder': 'Tìm kiếm bài viết...'}"""
wujia_portal_knowledge,team,qweb_text,custom/wujia_portal_knowledge/views/portal_knowledge.xml,161,Tất cả
wujia_portal_knowledge,team,qweb_text,custom/wujia_portal_knowledge/views/portal_knowledge.xml,174,Chưa có bài viết
wujia_portal_knowledge,team,qweb_text,custom/wujia_portal_knowledge/views/portal_knowledge.xml,175,Hiện chưa có bài viết nào để hiển thị.
wujia_portal_knowledge,team,qweb_text,custom/wujia_portal_knowledge/views/portal_knowledge.xml,176,Nội dung mới sẽ xuất hiện tại đây khi được cập nhật.
wujia_portal_knowledge,team,qweb_text,custom/wujia_portal_knowledge/views/portal_knowledge.xml,177,Xóa lọc
wujia_portal_knowledge,team,qweb_text,custom/wujia_portal_knowledge/views/portal_knowledge.xml,178,Tải lại
wujia_portal_knowledge,team,qweb_expr,custom/wujia_portal_knowledge/views/portal_knowledge.xml,187,"t-value=""{'mandatory': 'Bắt buộc', 'important': 'Quan trọng', 'new': 'Mới'}"""
wujia_portal_knowledge,team,qweb_text,custom/wujia_portal_knowledge/views/portal_knowledge.xml,192,Bài nổi bật
wujia_portal_knowledge,team,qweb_text,custom/wujia_portal_knowledge/views/portal_knowledge.xml,193,Ưu tiên đọc
wujia_portal_knowledge,team,qweb_text,custom/wujia_portal_knowledge/views/portal_knowledge.xml,207,Cập nhật
wujia_portal_knowledge,team,qweb_text,custom/wujia_portal_knowledge/views/portal_knowledge.xml,217,Mới cập nhật
wujia_portal_knowledge,team,qweb_text,custom/wujia_portal_knowledge/views/portal_knowledge.xml,218,Mới nhất
wujia_portal_knowledge,team,qweb_text,custom/wujia_portal_knowledge/views/portal_knowledge.xml,238,Cập nhật
wujia_portal_knowledge,team,qweb_text,custom/wujia_portal_knowledge/views/portal_knowledge.xml,264,Kiến thức / Chi tiết bài viết
wujia_portal_knowledge,team,qweb_text,custom/wujia_portal_knowledge/views/portal_knowledge.xml,265,Kiến thức
wujia_portal_knowledge,team,qweb_text,custom/wujia_portal_knowledge/views/portal_knowledge.xml,282,lượt xem
wujia_portal_knowledge,team,qweb_text,custom/wujia_portal_knowledge/views/portal_knowledge.xml,293,Bài liên quan
wujia_portal_knowledge,team,qweb_text,custom/wujia_portal_knowledge/views/portal_knowledge.xml,312,Về thư viện
wujia_portal_knowledge,team,qweb_text,custom/wujia_portal_knowledge/views/portal_knowledge.xml,329,Kiến thức
wujia_portal_knowledge,team,qweb_expr,custom/wujia_portal_knowledge/views/portal_knowledge.xml,337,"t-value=""{'mandatory': 'Bắt buộc', 'important': 'Quan trọng', 'new': 'Mới'}"""
wujia_portal_knowledge,team,qweb_text,custom/wujia_portal_knowledge/views/portal_knowledge.xml,348,Cập nhật
wujia_portal_knowledge,team,qweb_text,custom/wujia_portal_knowledge/views/portal_knowledge.xml,352,Nội dung chính
wujia_portal_knowledge,team,qweb_text,custom/wujia_portal_knowledge/views/portal_knowledge.xml,361,Tài liệu đính kèm
wujia_portal_knowledge,team,qweb_attr,custom/wujia_portal_knowledge/views/bottomnav_inherit.xml,8,"name=""Wujia Mobile — sheet Thêm: Kiến thức"""
wujia_portal_knowledge,team,qweb_text,custom/wujia_portal_knowledge/views/bottomnav_inherit.xml,13,Kiến thức
wujia_portal_knowledge,team,qweb_text,custom/wujia_portal_knowledge/views/bottomnav_inherit.xml,14,"Tài liệu vận hành, quy định, hướng dẫn"
wujia_portal_knowledge,team,qweb_attr,custom/wujia_portal_knowledge/views/sidenav_inherit.xml,9,"name=""Wujia Sidenav — Kiến thức"""
wujia_portal_knowledge,team,qweb_text,custom/wujia_portal_knowledge/views/sidenav_inherit.xml,16,Kiến thức
wujia_portal_layout,team,test,custom/wujia_portal_layout/tests/test_e1_home_kpi.py,50,chỉ được 1 khai báo gốc + 1 breakpoint ≤380px
wujia_portal_layout,team,test,custom/wujia_portal_layout/tests/test_e1_home_kpi.py,30,không tìm thấy rule %s
wujia_portal_layout,team,test,custom/wujia_portal_layout/tests/test_e1_home_kpi.py,53,không được nhắm riêng ô nào (BA cấm giảm riêng Công nợ)
wujia_portal_layout,team,test,custom/wujia_portal_layout/tests/test_g2_pc_topbar.py,38,thiếu rule ≥1200: %s
wujia_portal_layout,team,test,custom/wujia_portal_layout/tests/test_g2_pc_topbar.py,86,thiếu rule 992–1199: %s
wujia_portal_layout,team,test,custom/wujia_portal_layout/tests/test_e8_sidebar.py,128,mất _wujiaForceMenuExpanded
wujia_portal_layout,team,test,custom/wujia_portal_layout/tests/test_e8_sidebar.py,155,"aria-label=""Điều hướng chính"""
wujia_portal_layout,team,test,custom/wujia_portal_layout/tests/test_e8_sidebar.py,196,aria-controls trỏ vào id không có
wujia_portal_layout,team,test,custom/wujia_portal_layout/tests/test_f5_frame_routes.py,46,không tìm thấy view nào của khung — sai điều kiện lọc
wujia_portal_layout,team,test,custom/wujia_portal_layout/tests/test_f5_frame_routes.py,52,khung đang biết route Wujia:
wujia_portal_layout,team,test,custom/wujia_portal_layout/tests/test_c8_section_header.py,22,Tiêu đề
wujia_portal_layout,team,test,custom/wujia_portal_layout/tests/test_c8_section_header.py,42,Tiêu đề
wujia_portal_layout,team,test,custom/wujia_portal_layout/tests/test_c8_section_header.py,72,Xem tất cả
wujia_portal_layout,team,test,custom/wujia_portal_layout/tests/test_c8_section_header.py,75,Xem thêm
wujia_portal_layout,team,test,custom/wujia_portal_layout/tests/test_c8_section_header.py,38,<span>3 mục</span>
wujia_portal_layout,team,test,custom/wujia_portal_layout/tests/test_c8_section_header.py,52,"<span id=""m"">3 mục</span>"
wujia_portal_layout,team,test,custom/wujia_portal_layout/tests/test_c8_section_header.py,60,"<span id=""m"">3 mục</span>"
wujia_portal_layout,team,test,custom/wujia_portal_layout/tests/test_c8_section_header.py,81,"<span id=""m"" class=""wj-section-header__meta"">0 sản phẩm</span>"
wujia_portal_layout,team,test,custom/wujia_portal_layout/tests/test_c8_section_header.py,74,Xem thêm
wujia_portal_layout,team,test,custom/wujia_portal_layout/tests/test_g2_mobile_header.py,29,không tìm thấy rule %s
wujia_portal_layout,team,test,custom/wujia_portal_layout/tests/test_g2_mobile_header.py,44,khối @media mobile không đóng ngoặc
wujia_portal_layout,team,test,custom/wujia_portal_layout/tests/test_g2_mobile_header.py,80,"chiều cao header phải do token cấp, không khai lại"
wujia_portal_layout,team,test,custom/wujia_portal_layout/tests/test_g2_mobile_header.py,98,logo phải còn chỗ thở trong header
wujia_portal_layout,team,test,custom/wujia_portal_layout/tests/test_c10_lang.py,51,khách đổi lang không được ghi vào user
wujia_portal_layout,team,test,custom/wujia_portal_layout/tests/test_d5_data_list.py,122,phải có đúng một DataViewport
wujia_portal_layout,team,test,custom/wujia_portal_layout/tests/test_d5_data_list.py,152,rỗng thì KHÔNG render viewport
wujia_portal_layout,team,test,custom/wujia_portal_layout/tests/test_d5_data_list.py,169,Pagination phải NGOÀI DataViewport
wujia_portal_layout,team,test,custom/wujia_portal_layout/tests/test_d5_data_list.py,178,không tìm thấy rule header ở tầng gốc
wujia_portal_layout,team,test,custom/wujia_portal_layout/tests/test_d5_data_list.py,144,bảng-lạ
wujia_portal_layout,team,test,custom/wujia_portal_layout/tests/test_d5_data_list.py,150,"<div class=""wujia-empty-state"">Chưa có dữ liệu</div>"
wujia_portal_layout,team,test,custom/wujia_portal_layout/tests/test_d5_data_list.py,151,<tbody><tr><td>không được render</td></tr></tbody>
wujia_portal_layout,team,test,custom/wujia_portal_layout/tests/test_d5_data_list.py,140,%s không được bọc <table>
wujia_portal_layout,team,test,custom/wujia_portal_layout/tests/test_d5_data_list.py,202,rule cũ còn chạm bảng đã migrate: %s
wujia_portal_layout,team,test,custom/wujia_portal_layout/tests/test_d3_card_header.py,28,Tiêu đề
wujia_portal_layout,team,test,custom/wujia_portal_layout/tests/test_d3_card_header.py,34,phải có ĐÚNG một heading trong CardHeader
wujia_portal_layout,team,test,custom/wujia_portal_layout/tests/test_d3_card_header.py,55,Tiêu đề
wujia_portal_layout,team,test,custom/wujia_portal_layout/tests/test_d3_card_header.py,82,Xem tất cả
wujia_portal_layout,team,test,custom/wujia_portal_layout/tests/test_d3_card_header.py,85,Xem thêm
wujia_portal_layout,team,test,custom/wujia_portal_layout/tests/test_d3_card_header.py,125,Cảnh báo
wujia_portal_layout,team,test,custom/wujia_portal_layout/tests/test_d3_card_header.py,135,Thông tin chính của cửa hàng
wujia_portal_layout,team,test,custom/wujia_portal_layout/tests/test_d3_card_header.py,52,phụ
wujia_portal_layout,team,test,custom/wujia_portal_layout/tests/test_d3_card_header.py,132,Thông tin chính của cửa hàng
wujia_portal_layout,team,test,custom/wujia_portal_layout/tests/test_d3_card_header.py,52,<span>3 mục</span>
wujia_portal_layout,team,test,custom/wujia_portal_layout/tests/test_d3_card_header.py,62,"<span id=""m"">3 mục</span>"
wujia_portal_layout,team,test,custom/wujia_portal_layout/tests/test_d3_card_header.py,70,"<span id=""m"">3 mục</span>"
wujia_portal_layout,team,test,custom/wujia_portal_layout/tests/test_d3_card_header.py,122,Cảnh báo
wujia_portal_layout,team,test,custom/wujia_portal_layout/tests/test_d3_card_header.py,84,Xem thêm
wujia_portal_layout,team,test,custom/wujia_portal_layout/tests/test_e7_page_container.py,82,không thấy template app_layout
wujia_portal_layout,team,test,custom/wujia_portal_layout/tests/test_e7_page_container.py,89,app_layout phải có đúng một PageContainer
wujia_portal_layout,team,test,custom/wujia_portal_layout/tests/test_e7_page_container.py,91,"nội dung route (t-out=""0"") phải là con trực tiếp của PageContainer"
wujia_portal_layout,team,test,custom/wujia_portal_layout/tests/test_e7_page_container.py,93,còn nội dung route nằm ngoài PageContainer
wujia_portal_layout,team,test,custom/wujia_portal_layout/tests/test_e7_page_container.py,127,gutter PC phải lấy từ token
wujia_portal_layout,team,test,custom/wujia_portal_layout/tests/test_e7_page_container.py,129,PageContainer trong suốt (tiêu chí 8)
wujia_portal_layout,team,test,custom/wujia_portal_layout/tests/test_e7_page_container.py,130,không che lỗi tràn bằng overflow
wujia_portal_layout,team,test,custom/wujia_portal_layout/tests/test_e7_page_container.py,141,đáy mobile phải cộng safe area
wujia_portal_layout,team,test,custom/wujia_portal_layout/tests/test_e7_page_container.py,150,thiếu rule đưa content-wrapper về 0
wujia_portal_layout,team,test,custom/wujia_portal_layout/tests/test_e7_page_container.py,199,"fluid là mặc định, không có class riêng"
wujia_portal_layout,team,test,custom/wujia_portal_layout/tests/test_e7_page_container.py,156,còn rule trả lề cho content-wrapper: %s
wujia_portal_layout,team,test,custom/wujia_portal_layout/tests/test_e7_page_container.py,100,%s lọt vào trong PageContainer
wujia_portal_layout,team,test,custom/wujia_portal_layout/tests/test_e5_list_card.py,32,không thấy selector %r
wujia_portal_layout,team,test,custom/wujia_portal_layout/tests/test_e5_list_card.py,52,"<span class=""wj-status-badge wj-status-badge--compact"">Chờ</span>"
wujia_portal_layout,team,test,custom/wujia_portal_layout/tests/test_e5_list_card.py,62,thiếu đúng một hàng head
wujia_portal_layout,team,test,custom/wujia_portal_layout/tests/test_e5_list_card.py,65,thứ tự phải là tên rồi mới tới trạng thái
wujia_portal_layout,team,test,custom/wujia_portal_layout/tests/test_e5_list_card.py,78,Ngày đặt
wujia_portal_layout,team,test,custom/wujia_portal_layout/tests/test_e5_list_card.py,101,component tự bọc thêm lớp vỏ
wujia_portal_layout,team,test,custom/wujia_portal_layout/tests/test_e5_list_card.py,116,header–body phải là 8
wujia_portal_layout,team,test,custom/wujia_portal_layout/tests/test_e5_list_card.py,123,gap hàng phải 6–8
wujia_portal_layout,team,test,custom/wujia_portal_layout/tests/test_e5_list_card.py,198,inline thường không ăn đệm dọc nên vùng chạm không nới được
wujia_portal_layout,team,test,custom/wujia_portal_layout/tests/test_e5_list_card.py,201,thiếu cặp đệm + lề âm cho vùng chạm
wujia_portal_layout,team,test,custom/wujia_portal_layout/tests/test_e5_list_card.py,202,vùng chạm dọc < 44
wujia_portal_layout,team,test,custom/wujia_portal_layout/tests/test_e5_list_card.py,203,lề âm phải bù đúng đệm
wujia_portal_layout,team,test,custom/wujia_portal_layout/tests/test_e5_list_card.py,85,'Lý do rất dài'
wujia_portal_layout,team,test,custom/wujia_portal_layout/tests/test_e5_list_card.py,77,Ngày đặt
wujia_portal_layout,team,test,custom/wujia_portal_layout/tests/test_e5_list_card.py,86,Lý do
wujia_portal_layout,team,test,custom/wujia_portal_layout/tests/test_e5_list_card.py,105,"<button type=""button"">Chọn</button>"
wujia_portal_layout,team,test,custom/wujia_portal_layout/tests/test_e5_list_card.py,132,ruột ListCard giành dáng của CMP-DL-001: %s
wujia_portal_layout,team,test,custom/wujia_portal_layout/tests/test_e5_list_card.py,168,variant %s phải đệm 12 đều bốn phía
wujia_portal_layout,team,test,custom/wujia_portal_layout/tests/test_e5_list_card.py,176,%s tự thêm lề ngang — gutter phải do trang cấp
wujia_portal_layout,team,test,custom/wujia_portal_layout/tests/test_e3_pagination.py,29,bản ghi
wujia_portal_layout,team,test,custom/wujia_portal_layout/tests/test_e3_pagination.py,84,Phân trang
wujia_portal_layout,team,test,custom/wujia_portal_layout/tests/test_e3_pagination.py,125,Hiển thị 1–10 / 30 yêu cầu
wujia_portal_layout,team,test,custom/wujia_portal_layout/tests/test_e3_pagination.py,92,Trang trước
wujia_portal_layout,team,test,custom/wujia_portal_layout/tests/test_e3_pagination.py,122,yêu cầu
wujia_portal_layout,team,test,custom/wujia_portal_layout/tests/test_e3_pagination.py,132,total=%d không được hiện ô page-size
wujia_portal_layout,team,test,custom/wujia_portal_layout/tests/test_fra3_layer_guard.py,19,method của module nghiệp vụ chưa nạp
wujia_portal_layout,team,test,custom/wujia_portal_layout/tests/test_fra3_layer_guard.py,44,ACL ảnh phải đóng khi module nghiệp vụ tắt — xem guard getattr trong portal_profile_avatar
wujia_portal_layout,team,test,custom/wujia_portal_layout/tests/test_e4_filter_bar.py,33,không thấy selector %r
wujia_portal_layout,team,test,custom/wujia_portal_layout/tests/test_e4_filter_bar.py,62,"{'name': 'q', 'value': 'A', 'placeholder': 'Tìm mã'}"
wujia_portal_layout,team,test,custom/wujia_portal_layout/tests/test_e4_filter_bar.py,64,"[{'name': 'state', 'value': 'sale', 'all_label': 'Tất cả trạng thái', 'options': [('draft', 'Nháp'), ('sale', 'Đã xác nhận')]}]"
wujia_portal_layout,team,test,custom/wujia_portal_layout/tests/test_e4_filter_bar.py,75,"{'name': 'q', 'value': '', 'placeholder': 'Tìm mã'}"
wujia_portal_layout,team,test,custom/wujia_portal_layout/tests/test_e4_filter_bar.py,99,Tìm kiếm
wujia_portal_layout,team,test,custom/wujia_portal_layout/tests/test_e4_filter_bar.py,102,Xóa lọc
wujia_portal_layout,team,test,custom/wujia_portal_layout/tests/test_e4_filter_bar.py,108,Xóa lọc
wujia_portal_layout,team,test,custom/wujia_portal_layout/tests/test_e4_filter_bar.py,137,Tìm kiếm
wujia_portal_layout,team,test,custom/wujia_portal_layout/tests/test_e4_filter_bar.py,143,Tìm mã
wujia_portal_layout,team,test,custom/wujia_portal_layout/tests/test_e4_filter_bar.py,187,Tất cả trạng thái
wujia_portal_layout,team,test,custom/wujia_portal_layout/tests/test_e4_filter_bar.py,344,Tìm kiếm
wujia_portal_layout,team,test,custom/wujia_portal_layout/tests/test_e4_filter_bar.py,150,Từ
wujia_portal_layout,team,test,custom/wujia_portal_layout/tests/test_e4_filter_bar.py,150,Đến
wujia_portal_layout,team,test,custom/wujia_portal_layout/tests/test_e4_filter_bar.py,159,Từ ngày
wujia_portal_layout,team,test,custom/wujia_portal_layout/tests/test_e4_filter_bar.py,159,Đến ngày
wujia_portal_layout,team,test,custom/wujia_portal_layout/tests/test_e4_filter_bar.py,176,%s còn max
wujia_portal_layout,team,test,custom/wujia_portal_layout/tests/test_e4_filter_bar.py,177,%s còn min
wujia_portal_layout,team,test,custom/wujia_portal_layout/tests/test_e4_filter_bar.py,204,"<p class=""wj-filter-error"">Sai ngày</p>"
wujia_portal_layout,team,test,custom/wujia_portal_layout/tests/test_e4_filter_bar.py,312,%s phải hẹp hơn mặc định
wujia_portal_layout,team,test,custom/wujia_portal_layout/tests/test_e4_filter_bar.py,386,luật 44 quét rộng còn sống: %s
wujia_portal_layout,team,test,custom/wujia_portal_layout/tests/test_e2_status_badge.py,55,không tìm thấy rule %s
wujia_portal_layout,team,test,custom/wujia_portal_layout/tests/test_e2_status_badge.py,78,thiếu token chữ %s
wujia_portal_layout,team,test,custom/wujia_portal_layout/tests/test_e2_status_badge.py,82,%s: %s trên %s chỉ %.2f — dưới WCAG AA
wujia_portal_layout,team,test,custom/wujia_portal_layout/tests/test_e2_status_badge.py,85,"%s: %s lệch tông khỏi hex BA %s — chỉ được làm đậm, không đổi màu"
wujia_portal_layout,team,test,custom/wujia_portal_layout/tests/test_j2_brand.py,42,"<meta name=""author"" content=""Trà ABC"""
wujia_portal_layout,team,test,custom/wujia_portal_layout/tests/test_j2_brand.py,43,Trà ABC</title>
wujia_portal_layout,team,test,custom/wujia_portal_layout/tests/test_j2_brand.py,52,Ngô Gia
wujia_portal_layout,team,test,custom/wujia_portal_layout/tests/test_j2_brand.py,59,Sử dụng tài khoản Trà ABC đã cấp
wujia_portal_layout,team,test,custom/wujia_portal_layout/tests/test_j2_brand.py,60,nhượng quyền Trà ABC trong cùng
wujia_portal_layout,team,test,custom/wujia_portal_layout/tests/test_j2_brand.py,62,"alt=""Trà ABC"""
wujia_portal_layout,team,test,custom/wujia_portal_layout/tests/test_j2_brand.py,76,được quản lý bởi Trà ABC.
wujia_portal_layout,team,test,custom/wujia_portal_layout/tests/test_j2_brand.py,28,Trà ABC
wujia_portal_layout,team,test,custom/wujia_portal_layout/tests/test_e6_button.py,45,thiếu khối token mobile
wujia_portal_layout,team,test,custom/wujia_portal_layout/tests/test_e6_button.py,38,không thấy selector %r
wujia_portal_layout,team,test,custom/wujia_portal_layout/tests/test_e6_button.py,67,mặc định phải là primary/md
wujia_portal_layout,team,test,custom/wujia_portal_layout/tests/test_e6_button.py,95,icon button không được có chữ
wujia_portal_layout,team,test,custom/wujia_portal_layout/tests/test_e6_button.py,167,icon button sm cũng phải có vùng chạm
wujia_portal_layout,team,test,custom/wujia_portal_layout/tests/test_e6_button.py,169,vùng chạm phải nằm trong khối mobile — PC không cần phình
wujia_portal_layout,team,test,custom/wujia_portal_layout/tests/test_e6_button.py,175,"nhãn phải tàng hình, không bị gỡ"
wujia_portal_layout,team,test,custom/wujia_portal_layout/tests/test_e6_button.py,193,hover secondary khai hai nơi ⇒ file sau đè file trước
wujia_portal_layout,team,test,custom/wujia_portal_layout/tests/test_e6_button.py,200,không được xoá họ cũ khi Khảo sát còn dùng
wujia_portal_layout,team,test,custom/wujia_portal_layout/tests/test_e6_button.py,66,'Gửi'
wujia_portal_layout,team,test,custom/wujia_portal_layout/tests/test_e6_button.py,81,'Tạo'
wujia_portal_layout,team,test,custom/wujia_portal_layout/tests/test_e6_button.py,84,'Gửi'
wujia_portal_layout,team,test,custom/wujia_portal_layout/tests/test_e6_button.py,107,'Gửi'
wujia_portal_layout,team,test,custom/wujia_portal_layout/tests/test_e6_button.py,115,'Đọc hết'
wujia_portal_layout,team,test,custom/wujia_portal_layout/tests/test_e6_button.py,69,'Gửi'
wujia_portal_layout,team,test,custom/wujia_portal_layout/tests/test_e6_button.py,137,"%s phải lấy số từ token, không px cứng"
wujia_portal_layout,team,test,custom/wujia_portal_layout/tests/test_e6_button.py,177,loading đụng %s ⇒ nút đổi bề rộng
wujia_portal_layout,team,test,custom/wujia_portal_layout/tests/test_e6_button.py,190,variant %s phải đi theo C6
wujia_portal_layout,team,test,custom/wujia_portal_layout/tests/test_e6_button.py,87,'Hủy'
wujia_portal_layout,team,test,custom/wujia_portal_layout/tests/test_d4_surface_card.py,109,"<p id=""inner"">nội dung</p>"
wujia_portal_layout,team,test,custom/wujia_portal_layout/tests/test_d4_surface_card.py,147,viền PC phải là 1px --wujia-border-soft (#EEF2F5)
wujia_portal_layout,team,test,custom/wujia_portal_layout/tests/test_g1_mobile_density.py,35,không tìm thấy rule %s
wujia_portal_layout,team,test,custom/wujia_portal_layout/tests/test_e8c_account_menu.py,47,Ngôn ngữ
wujia_portal_layout,team,test,custom/wujia_portal_layout/tests/test_e8c_account_menu.py,134,Đăng xuất
wujia_portal_layout,team,test,custom/wujia_portal_layout/tests/test_e8c_account_menu.py,135,Ngôn ngữ
wujia_portal_layout,team,test,custom/wujia_portal_layout/tests/test_e8c_account_menu.py,126,Tài khoản
wujia_portal_layout,team,test,custom/wujia_portal_layout/tests/test_e8c_account_menu.py,133,Thông tin tài khoản
wujia_portal_layout,team,test,custom/wujia_portal_layout/tests/test_e8c_account_menu.py,133,Đổi mật khẩu
wujia_portal_layout,team,test,custom/wujia_portal_layout/tests/test_e8c_account_menu.py,57,còn mục riêng
wujia_portal_layout,team,js_literal,custom/wujia_portal_layout/static/assets/js/overview_member.js,25,ds nè=
wujia_portal_layout,team,js_literal,custom/wujia_portal_layout/static/assets/js/lang.js,45,Bạn chưa chọn tài khoản ngân hàng
wujia_portal_layout,team,js_literal,custom/wujia_portal_layout/static/assets/js/lang.js,46,Bạn chưa chọn ví thanh toán
wujia_portal_layout,team,js_literal,custom/wujia_portal_layout/static/assets/js/lang.js,47,Bạn phải nhập số tiền để tiếp tục giao dịch
wujia_portal_layout,team,js_literal,custom/wujia_portal_layout/static/assets/js/lang.js,48,Số tiền giao dịch phải lớn hơn 0
wujia_portal_layout,team,js_literal,custom/wujia_portal_layout/static/assets/js/lang.js,49,Số dư ví không đủ
wujia_portal_layout,team,js_literal,custom/wujia_portal_layout/static/assets/js/lang.js,50,Xác nhận gửi yêu cầu rút tiền?
wujia_portal_layout,team,js_literal,custom/wujia_portal_layout/static/assets/js/lang.js,51,"Số tiền đầu tư tối thiểu 15,000 USD"
wujia_portal_layout,team,js_literal,custom/wujia_portal_layout/static/assets/js/lang.js,52,Xin vui lòng chọn gói đầu tư
wujia_portal_layout,team,js_literal,custom/wujia_portal_layout/static/assets/js/lang.js,53,Bạn có chắc chắn dừng ?
wujia_portal_layout,team,js_literal,custom/wujia_portal_layout/static/assets/js/lang.js,54,Bạn muốn rút ví lãi?
wujia_portal_layout,team,js_literal,custom/wujia_portal_layout/static/assets/js/lang.js,55,Bạn muốn nạp tiền vào ví gốc
wujia_portal_layout,team,js_literal,custom/wujia_portal_layout/static/assets/js/lang.js,56,Bạn muốn rút ví gốc?
wujia_portal_layout,team,js_literal,custom/wujia_portal_layout/static/assets/js/lang.js,57,Bạn có muốn xác nhận thanh toán?
wujia_portal_layout,team,js_literal,custom/wujia_portal_layout/static/assets/js/lang.js,58,xin vui lòng chọn đồng ý điều khoản đầu tư
wujia_portal_layout,team,js_literal,custom/wujia_portal_layout/static/assets/js/lang.js,59,Không thể nhập số âm
wujia_portal_layout,team,js_literal,custom/wujia_portal_layout/static/assets/js/lang.js,60,Đầu tư tối thiểu là 15.000 USD
wujia_portal_layout,team,js_literal,custom/wujia_portal_layout/static/assets/js/lang.js,61,Xin vui lòng nhập số tiền đầu tư
wujia_portal_layout,team,js_literal,custom/wujia_portal_layout/static/assets/js/lang.js,62,Số dư hiện tại không đủ
wujia_portal_layout,team,js_literal,custom/wujia_portal_layout/static/assets/js/lang.js,63,Tổng quan gói đầu tư
wujia_portal_layout,team,js_literal,custom/wujia_portal_layout/static/assets/js/lang.js,64,Lợi nhuận ròng
wujia_portal_layout,team,js_literal,custom/wujia_portal_layout/static/assets/js/wujia_password_toggle.js,23,Ẩn
wujia_portal_layout,team,js_literal,custom/wujia_portal_layout/static/assets/js/wujia_password_toggle.js,23,Hiện
wujia_portal_layout,team,js_literal,custom/wujia_portal_layout/static/assets/js/scripts/extensions/i18n.js,16,Cake sesame snaps cupcake gingerbread danish I love gingerbread. Apple pie pie jujubes chupa chups muffin halvah lollipop. Chocolate cake oa
wujia_portal_layout,team,js_literal,custom/wujia_portal_layout/static/assets/js/scripts/extensions/i18n.js,20,O sésamo do bolo agarra dinamarquês do pão-de-espécie do queque eu amo o pão-de-espécie. Torta de torta de maçã jujubes chupa chups pirulito
wujia_portal_layout,team,js_literal,custom/wujia_portal_layout/static/assets/js/scripts/extensions/i18n.js,24,Gâteau au sésame s'enclenche petit pain au pain d'épices danois J'adore le pain d'épices. Tarte aux pommes jujubes chupa chups muffin halva 
wujia_portal_layout,team,js_literal,custom/wujia_portal_layout/static/assets/js/scripts/extensions/i18n.js,27,Kuchen Sesam Snaps Cupcake Lebkuchen dänisch Ich liebe Lebkuchen. Apfelkuchen Jujubes Chupa Chups Muffin Halwa Lutscher. Schokoladenkuchen-H
wujia_portal_layout,team,js_literal,custom/wujia_portal_layout/static/assets/js/scripts/pickers/dateTime/pick-a-datetime.js,40,Février
wujia_portal_layout,team,js_literal,custom/wujia_portal_layout/static/assets/js/scripts/pickers/dateTime/pick-a-datetime.js,40,Décembre
wujia_portal_layout,team,js_literal,custom/wujia_portal_layout/static/src/js/wj_back_guard.js,33,Bạn có thay đổi chưa lưu. Rời khỏi trang?
wujia_portal_layout,team,py_gettext,custom/wujia_portal_layout/controllers/auth.py,97,Vui lòng nhập email.
wujia_portal_layout,team,py_gettext,custom/wujia_portal_layout/controllers/auth.py,137,Mật khẩu xác nhận không khớp.
wujia_portal_layout,team,py_gettext,custom/wujia_portal_layout/controllers/auth.py,114,"Nếu email tồn tại trong hệ thống, hướng dẫn đặt lại mật khẩu đã được gửi tới hộp thư của bạn."
wujia_portal_layout,team,py_gettext,custom/wujia_portal_layout/controllers/auth.py,139,Mật khẩu tối thiểu 8 ký tự.
wujia_portal_layout,team,py_gettext,custom/wujia_portal_layout/controllers/auth.py,150,Có lỗi xảy ra. Vui lòng thử lại.
wujia_portal_layout,team,py_literal,custom/wujia_portal_layout/controllers/portal.py,34,Chủ tiệm
wujia_portal_layout,team,py_literal,custom/wujia_portal_layout/controllers/portal.py,34,Quản lý
wujia_portal_layout,team,py_literal,custom/wujia_portal_layout/controllers/portal.py,34,Nhân viên
wujia_portal_layout,team,py_gettext,custom/wujia_portal_layout/controllers/portal.py,180,Đổi mật khẩu
wujia_portal_layout,team,py_gettext,custom/wujia_portal_layout/controllers/portal.py,195,Vui lòng nhập đầy đủ.
wujia_portal_layout,team,py_gettext,custom/wujia_portal_layout/controllers/portal.py,81,Hồ sơ
wujia_portal_layout,team,py_gettext,custom/wujia_portal_layout/controllers/portal.py,139,Cập nhật thành công
wujia_portal_layout,team,py_gettext,custom/wujia_portal_layout/controllers/portal.py,197,Mật khẩu xác nhận không khớp với mật khẩu mới.
wujia_portal_layout,team,py_gettext,custom/wujia_portal_layout/controllers/portal.py,108,Họ tên không được trống
wujia_portal_layout,team,py_gettext,custom/wujia_portal_layout/controllers/portal.py,110,Số điện thoại không hợp lệ
wujia_portal_layout,team,py_gettext,custom/wujia_portal_layout/controllers/portal.py,199,Mật khẩu mới tối thiểu 8 ký tự.
wujia_portal_layout,team,py_gettext,custom/wujia_portal_layout/controllers/portal.py,129,Ảnh đại diện vượt quá 2MB
wujia_portal_layout,team,py_gettext,custom/wujia_portal_layout/controllers/portal.py,131,Định dạng ảnh không hỗ trợ
wujia_portal_layout,team,py_gettext,custom/wujia_portal_layout/controllers/portal.py,201,Mật khẩu mới phải khác mật khẩu cũ.
wujia_portal_layout,team,py_gettext,custom/wujia_portal_layout/controllers/portal.py,137,Lưu ảnh thất bại
wujia_portal_layout,team,py_gettext,custom/wujia_portal_layout/controllers/portal.py,206,Mật khẩu đã được cập nhật thành công.
wujia_portal_layout,team,py_gettext,custom/wujia_portal_layout/controllers/portal.py,208,Mật khẩu hiện tại không đúng. Vui lòng kiểm tra lại.
wujia_portal_layout,team,py_gettext,custom/wujia_portal_layout/controllers/portal.py,214,Có lỗi xảy ra. Vui lòng thử lại.
wujia_portal_layout,team,py_literal,custom/wujia_portal_layout/controllers/pc_preview.py,25,bản ghi
wujia_portal_layout,team,qweb_expr,custom/wujia_portal_layout/views/wj_filter_bar.xml,25,"t-att-aria-label=""fb_search.get('label') or 'Tìm kiếm'"""
wujia_portal_layout,team,qweb_expr,custom/wujia_portal_layout/views/wj_filter_bar.xml,28,"t-att-aria-label=""fb_submit_label or 'Tìm kiếm'"""
wujia_portal_layout,team,qweb_expr,custom/wujia_portal_layout/views/wj_filter_bar.xml,36,"t-foreach=""[('from', 'Từ'), ('to', 'Đến')]"""
wujia_portal_layout,team,qweb_expr,custom/wujia_portal_layout/views/wj_filter_bar.xml,47,"t-att-aria-label=""fbd[1] + ' ngày'"""
wujia_portal_layout,team,qweb_expr,custom/wujia_portal_layout/views/wj_filter_bar.xml,52,"t-att-aria-label=""fb_submit_label or 'Tìm kiếm'"""
wujia_portal_layout,team,qweb_expr,custom/wujia_portal_layout/views/wj_filter_bar.xml,62,"t-out=""fbs.get('all_label') or 'Tất cả'"""
wujia_portal_layout,team,qweb_expr,custom/wujia_portal_layout/views/wj_filter_bar.xml,78,"t-out=""fb_reset_label or 'Xóa lọc'"""
wujia_portal_layout,team,qweb_expr,custom/wujia_portal_layout/views/wj_filter_bar.xml,82,"t-out=""fb_submit_label or 'Tìm kiếm'"""
wujia_portal_layout,team,qweb_attr,custom/wujia_portal_layout/views/wj_acct_menu.xml,12,"name=""Wujia — thân menu avatar (PC + mobile)"""
wujia_portal_layout,team,qweb_text,custom/wujia_portal_layout/views/wj_acct_menu.xml,16,Thông tin tài khoản
wujia_portal_layout,team,qweb_text,custom/wujia_portal_layout/views/wj_acct_menu.xml,25,Đổi mật khẩu
wujia_portal_layout,team,qweb_attr,custom/wujia_portal_layout/views/wj_acct_menu.xml,31,"aria-label=""Ngôn ngữ"""
wujia_portal_layout,team,qweb_text,custom/wujia_portal_layout/views/wj_acct_menu.xml,32,Ngôn ngữ
wujia_portal_layout,team,qweb_text,custom/wujia_portal_layout/views/wj_acct_menu.xml,44,Đăng xuất
wujia_portal_layout,team,qweb_expr,custom/wujia_portal_layout/views/wj_section_header.xml,25,"t-out=""sh_action_label or 'Xem tất cả'"""
wujia_portal_layout,team,qweb_attr,custom/wujia_portal_layout/views/mobile_header.xml,23,"aria-label=""Trang chủ"""
wujia_portal_layout,team,qweb_attr,custom/wujia_portal_layout/views/mobile_header.xml,55,"aria-label=""Tài khoản"""
wujia_portal_layout,team,qweb_text,custom/wujia_portal_layout/views/login_page.xml,13,Đăng nhập tài khoản
wujia_portal_layout,team,qweb_text,custom/wujia_portal_layout/views/login_page.xml,14,Sử dụng tài khoản {brand} đã cấp để truy cập hệ thống.
wujia_portal_layout,team,qweb_text,custom/wujia_portal_layout/views/login_page.xml,30,Email / Tên đăng nhập
wujia_portal_layout,team,qweb_attr,custom/wujia_portal_layout/views/login_page.xml,36,"placeholder=""Nhập email hoặc tên đăng nhập"""
wujia_portal_layout,team,qweb_text,custom/wujia_portal_layout/views/login_page.xml,41,Mật khẩu
wujia_portal_layout,team,qweb_attr,custom/wujia_portal_layout/views/login_page.xml,46,"placeholder=""Nhập mật khẩu"""
wujia_portal_layout,team,qweb_attr,custom/wujia_portal_layout/views/login_page.xml,48,"aria-label=""Hiện mật khẩu"""
wujia_portal_layout,team,qweb_text,custom/wujia_portal_layout/views/login_page.xml,55,Quên mật khẩu?
wujia_portal_layout,team,qweb_text,custom/wujia_portal_layout/views/login_page.xml,58,Đăng nhập
wujia_portal_layout,team,qweb_text,custom/wujia_portal_layout/views/login_page.xml,64,Bảo mật tài khoản
wujia_portal_layout,team,qweb_text,custom/wujia_portal_layout/views/login_page.xml,65,Không chia sẻ thông tin đăng nhập cho người khác.
wujia_portal_layout,team,qweb_text,custom/wujia_portal_layout/views/login_page.xml,69,Cần hỗ trợ? Liên hệ quản trị hệ thống
wujia_portal_layout,team,qweb_text,custom/wujia_portal_layout/views/login_page.xml,75,Xác thực hai lớp
wujia_portal_layout,team,qweb_text,custom/wujia_portal_layout/views/login_page.xml,76,Mở ứng dụng xác thực trên thiết bị của bạn để lấy mã và xác minh danh tính.
wujia_portal_layout,team,qweb_text,custom/wujia_portal_layout/views/login_page.xml,89,Mã xác thực (6 chữ số)
wujia_portal_layout,team,qweb_attr,custom/wujia_portal_layout/views/login_page.xml,94,"placeholder=""Nhập 6 chữ số"""
wujia_portal_layout,team,qweb_text,custom/wujia_portal_layout/views/login_page.xml,98,Xác nhận
wujia_portal_layout,team,qweb_text,custom/wujia_portal_layout/views/login_page.xml,101,← Quay lại đăng nhập
wujia_portal_layout,team,qweb_text,custom/wujia_portal_layout/views/login_page.xml,106,Bảo vệ thông tin tài khoản
wujia_portal_layout,team,qweb_text,custom/wujia_portal_layout/views/login_page.xml,107,Mã xác thực chỉ có hiệu lực trong thời gian ngắn.
wujia_portal_layout,team,qweb_text,custom/wujia_portal_layout/views/login_page.xml,107,Không chia sẻ mã cho người khác.
wujia_portal_layout,team,qweb_text,custom/wujia_portal_layout/views/login_page.xml,111,Cần hỗ trợ? Liên hệ quản trị hệ thống
wujia_portal_layout,team,qweb_text,custom/wujia_portal_layout/views/login_page.xml,117,Quên mật khẩu
wujia_portal_layout,team,qweb_text,custom/wujia_portal_layout/views/login_page.xml,118,"Nhập email đăng nhập. Nếu thông tin phù hợp, hệ thống sẽ gửi hướng dẫn đặt lại mật khẩu đến email của bạn."
wujia_portal_layout,team,qweb_text,custom/wujia_portal_layout/views/login_page.xml,131,Email đăng nhập
wujia_portal_layout,team,qweb_attr,custom/wujia_portal_layout/views/login_page.xml,137,"placeholder=""Nhập email đã được cấp"""
wujia_portal_layout,team,qweb_text,custom/wujia_portal_layout/views/login_page.xml,141,Gửi hướng dẫn
wujia_portal_layout,team,qweb_text,custom/wujia_portal_layout/views/login_page.xml,144,← Quay lại đăng nhập
wujia_portal_layout,team,qweb_text,custom/wujia_portal_layout/views/login_page.xml,149,Bảo vệ thông tin tài khoản
wujia_portal_layout,team,qweb_text,custom/wujia_portal_layout/views/login_page.xml,150,Hệ thống không xác nhận email có tồn tại hay không.
wujia_portal_layout,team,qweb_text,custom/wujia_portal_layout/views/login_page.xml,150,Vui lòng kiểm tra hộp thư và thư rác sau khi gửi.
wujia_portal_layout,team,qweb_text,custom/wujia_portal_layout/views/login_page.xml,154,Cần hỗ trợ? Liên hệ quản trị hệ thống
wujia_portal_layout,team,qweb_text,custom/wujia_portal_layout/views/login_page.xml,160,Đặt lại mật khẩu
wujia_portal_layout,team,qweb_text,custom/wujia_portal_layout/views/login_page.xml,161,Tạo mật khẩu mới cho tài khoản
wujia_portal_layout,team,qweb_text,custom/wujia_portal_layout/views/login_page.xml,174,Mật khẩu mới
wujia_portal_layout,team,qweb_attr,custom/wujia_portal_layout/views/login_page.xml,179,"placeholder=""Tối thiểu 8 ký tự"""
wujia_portal_layout,team,qweb_attr,custom/wujia_portal_layout/views/login_page.xml,181,"aria-label=""Hiện mật khẩu"""
wujia_portal_layout,team,qweb_text,custom/wujia_portal_layout/views/login_page.xml,188,Xác nhận mật khẩu
wujia_portal_layout,team,qweb_attr,custom/wujia_portal_layout/views/login_page.xml,193,"placeholder=""Nhập lại mật khẩu mới"""
wujia_portal_layout,team,qweb_attr,custom/wujia_portal_layout/views/login_page.xml,195,"aria-label=""Hiện mật khẩu"""
wujia_portal_layout,team,qweb_text,custom/wujia_portal_layout/views/login_page.xml,201,Đặt lại mật khẩu
wujia_portal_layout,team,qweb_text,custom/wujia_portal_layout/views/login_page.xml,204,← Quay lại đăng nhập
wujia_portal_layout,team,qweb_text,custom/wujia_portal_layout/views/login_page.xml,209,Bảo mật tài khoản
wujia_portal_layout,team,qweb_text,custom/wujia_portal_layout/views/login_page.xml,210,Mật khẩu tối thiểu 8 ký tự.
wujia_portal_layout,team,qweb_text,custom/wujia_portal_layout/views/login_page.xml,210,Không chia sẻ thông tin đăng nhập cho người khác.
wujia_portal_layout,team,qweb_text,custom/wujia_portal_layout/views/login_page.xml,214,Cần hỗ trợ? Liên hệ quản trị hệ thống
wujia_portal_layout,team,qweb_text,custom/wujia_portal_layout/views/login_page.xml,254,CỔNG THÔNG TIN NHƯỢNG QUYỀN
wujia_portal_layout,team,qweb_text,custom/wujia_portal_layout/views/login_page.xml,255,Vận hành cửa hàng
wujia_portal_layout,team,qweb_text,custom/wujia_portal_layout/views/login_page.xml,255,trên một nền tảng
wujia_portal_layout,team,qweb_text,custom/wujia_portal_layout/views/login_page.xml,256,Theo dõi nghiệp vụ dành cho hệ thống cửa hàng nhượng quyền {brand} trong cùng một cổng thông tin.
wujia_portal_layout,team,qweb_text,custom/wujia_portal_layout/views/login_page.xml,260,Đơn hàng
wujia_portal_layout,team,qweb_text,custom/wujia_portal_layout/views/login_page.xml,262,Giao nhận
wujia_portal_layout,team,qweb_text,custom/wujia_portal_layout/views/login_page.xml,264,Công nợ
wujia_portal_layout,team,qweb_text,custom/wujia_portal_layout/views/login_page.xml,266,Thông báo
wujia_portal_layout,team,qweb_text,custom/wujia_portal_layout/views/change_password_page.xml,10,Đổi mật khẩu
wujia_portal_layout,team,qweb_text,custom/wujia_portal_layout/views/change_password_page.xml,11,Bảo mật tài khoản portal của bạn
wujia_portal_layout,team,qweb_expr,custom/wujia_portal_layout/views/change_password_page.xml,15,"t-value=""error and 'hiện tại không đúng' in error"""
wujia_portal_layout,team,qweb_expr,custom/wujia_portal_layout/views/change_password_page.xml,16,"t-value=""error and 'xác nhận không khớp' in error"""
wujia_portal_layout,team,qweb_expr,custom/wujia_portal_layout/views/change_password_page.xml,17,"t-value=""error and ('8 ký tự' in error or 'khác mật khẩu' in error)"""
wujia_portal_layout,team,qweb_text,custom/wujia_portal_layout/views/change_password_page.xml,29,Thông tin mật khẩu
wujia_portal_layout,team,qweb_text,custom/wujia_portal_layout/views/change_password_page.xml,30,Nhập mật khẩu hiện tại và mật khẩu mới để cập nhật tài khoản.
wujia_portal_layout,team,qweb_text,custom/wujia_portal_layout/views/change_password_page.xml,37,Mật khẩu hiện tại
wujia_portal_layout,team,qweb_text,custom/wujia_portal_layout/views/change_password_page.xml,41,Hiện
wujia_portal_layout,team,qweb_text,custom/wujia_portal_layout/views/change_password_page.xml,43,Mật khẩu hiện tại không đúng.
wujia_portal_layout,team,qweb_text,custom/wujia_portal_layout/views/change_password_page.xml,47,Mật khẩu mới
wujia_portal_layout,team,qweb_attr,custom/wujia_portal_layout/views/change_password_page.xml,51,"placeholder=""Ít nhất 8 ký tự"""
wujia_portal_layout,team,qweb_text,custom/wujia_portal_layout/views/change_password_page.xml,52,Hiện
wujia_portal_layout,team,qweb_text,custom/wujia_portal_layout/views/change_password_page.xml,58,Xác nhận mật khẩu mới
wujia_portal_layout,team,qweb_attr,custom/wujia_portal_layout/views/change_password_page.xml,62,"placeholder=""Nhập lại mật khẩu mới"""
wujia_portal_layout,team,qweb_text,custom/wujia_portal_layout/views/change_password_page.xml,63,Hiện
wujia_portal_layout,team,qweb_text,custom/wujia_portal_layout/views/change_password_page.xml,65,Mật khẩu xác nhận không khớp.
wujia_portal_layout,team,qweb_text,custom/wujia_portal_layout/views/change_password_page.xml,69,Hủy
wujia_portal_layout,team,qweb_text,custom/wujia_portal_layout/views/change_password_page.xml,71,Lưu mật khẩu
wujia_portal_layout,team,qweb_text,custom/wujia_portal_layout/views/change_password_page.xml,83,Lưu ý bảo mật
wujia_portal_layout,team,qweb_text,custom/wujia_portal_layout/views/change_password_page.xml,86,Mật khẩu mới nên có ít nhất 8 ký tự.
wujia_portal_layout,team,qweb_text,custom/wujia_portal_layout/views/change_password_page.xml,87,"Nên kết hợp chữ, số và ký tự đặc biệt."
wujia_portal_layout,team,qweb_text,custom/wujia_portal_layout/views/change_password_page.xml,88,Không dùng lại mật khẩu dễ đoán.
wujia_portal_layout,team,qweb_text,custom/wujia_portal_layout/views/change_password_page.xml,89,Không chia sẻ mật khẩu qua tin nhắn hoặc nhóm chat.
wujia_portal_layout,team,qweb_text,custom/wujia_portal_layout/views/change_password_page.xml,95,Cần hỗ trợ?
wujia_portal_layout,team,qweb_text,custom/wujia_portal_layout/views/change_password_page.xml,97,"Nếu bạn không nhớ mật khẩu hiện tại hoặc tài khoản bị khóa, vui lòng liên hệ quản trị {brand} để được hỗ trợ."
wujia_portal_layout,team,qweb_text,custom/wujia_portal_layout/views/change_password_page.xml,99,Yêu cầu hỗ trợ sẽ được xử lý theo quyền tài khoản.
wujia_portal_layout,team,qweb_text,custom/wujia_portal_layout/views/change_password_page.xml,112,Đổi mật khẩu
wujia_portal_layout,team,qweb_text,custom/wujia_portal_layout/views/change_password_page.xml,118,Thông tin mật khẩu
wujia_portal_layout,team,qweb_text,custom/wujia_portal_layout/views/change_password_page.xml,127,Mật khẩu hiện tại
wujia_portal_layout,team,qweb_attr,custom/wujia_portal_layout/views/change_password_page.xml,133,"aria-label=""Hiện/ẩn mật khẩu"""
wujia_portal_layout,team,qweb_text,custom/wujia_portal_layout/views/change_password_page.xml,140,Mật khẩu mới
wujia_portal_layout,team,qweb_attr,custom/wujia_portal_layout/views/change_password_page.xml,146,"aria-label=""Hiện/ẩn mật khẩu"""
wujia_portal_layout,team,qweb_text,custom/wujia_portal_layout/views/change_password_page.xml,153,Nhập lại mật khẩu mới
wujia_portal_layout,team,qweb_attr,custom/wujia_portal_layout/views/change_password_page.xml,159,"aria-label=""Hiện/ẩn mật khẩu"""
wujia_portal_layout,team,qweb_text,custom/wujia_portal_layout/views/change_password_page.xml,165,Lưu mật khẩu
wujia_portal_layout,team,qweb_attr,custom/wujia_portal_layout/views/wj_pagination.xml,12,"aria-label=""Phân trang"""
wujia_portal_layout,team,qweb_text,custom/wujia_portal_layout/views/wj_pagination.xml,13,Hiển thị
wujia_portal_layout,team,qweb_attr,custom/wujia_portal_layout/views/wj_pagination.xml,24,"aria-label=""Số dòng mỗi trang"""
wujia_portal_layout,team,qweb_text,custom/wujia_portal_layout/views/wj_pagination.xml,38,Trang trước
wujia_portal_layout,team,qweb_text,custom/wujia_portal_layout/views/wj_pagination.xml,42,Trang trước
wujia_portal_layout,team,qweb_attr,custom/wujia_portal_layout/views/layouts.xml,69,"aria-label=""Mở menu"""
wujia_portal_layout,team,qweb_attr,custom/wujia_portal_layout/views/layouts.xml,102,"aria-label=""Tài khoản"""
wujia_portal_layout,team,qweb_attr,custom/wujia_portal_layout/views/layouts.xml,145,"aria-label=""Điều hướng chính"""
wujia_portal_layout,team,qweb_attr,custom/wujia_portal_layout/views/layouts.xml,150,"aria-label=""Đóng menu"""
wujia_portal_layout,team,qweb_text,custom/wujia_portal_layout/views/layouts.xml,162,Chức năng chính
wujia_portal_layout,team,qweb_text,custom/wujia_portal_layout/views/layouts.xml,163,Tài chính & xử lý
wujia_portal_layout,team,qweb_text,custom/wujia_portal_layout/views/layouts.xml,164,Hỗ trợ vận hành
wujia_portal_layout,team,qweb_attr,custom/wujia_portal_layout/views/wj_nav_item.xml,14,"name=""Wujia — thân mục sidebar PC"""
wujia_portal_layout,team,qweb_attr,custom/wujia_portal_layout/views/wj_nav_item.xml,33,"name=""Wujia — dòng sheet Thêm"""
wujia_portal_layout,team,qweb_text,custom/wujia_portal_layout/views/mobile_bottomnav.xml,26,Thêm
wujia_portal_layout,team,qweb_attr,custom/wujia_portal_layout/views/mobile_bottomnav.xml,35,"aria-label=""Thêm chức năng"""
wujia_portal_layout,team,qweb_attr,custom/wujia_portal_layout/views/mobile_bottomnav.xml,37,"aria-label=""Đóng"""
wujia_portal_layout,team,qweb_text,custom/wujia_portal_layout/views/mobile_bottomnav.xml,40,Thêm chức năng
wujia_portal_layout,team,qweb_text,custom/wujia_portal_layout/views/mobile_bottomnav.xml,41,Các tiện ích khác cho cửa hàng
wujia_portal_layout,team,qweb_text,custom/wujia_portal_layout/views/pc_preview.xml,20,Tạo mới
wujia_portal_layout,team,qweb_text,custom/wujia_portal_layout/views/pc_preview.xml,27,Tạo mới
wujia_portal_layout,team,qweb_text,custom/wujia_portal_layout/views/pc_preview.xml,29,Tìm
wujia_portal_layout,team,qweb_text,custom/wujia_portal_layout/views/pc_preview.xml,32,Xóa
wujia_portal_layout,team,qweb_text,custom/wujia_portal_layout/views/pc_preview.xml,38,Đã gửi
wujia_portal_layout,team,qweb_text,custom/wujia_portal_layout/views/pc_preview.xml,39,Đang giao
wujia_portal_layout,team,qweb_text,custom/wujia_portal_layout/views/pc_preview.xml,40,Hoàn tất
wujia_portal_layout,team,qweb_text,custom/wujia_portal_layout/views/pc_preview.xml,41,Chờ xác nhận
wujia_portal_layout,team,qweb_text,custom/wujia_portal_layout/views/pc_preview.xml,42,Đã hủy
wujia_portal_layout,team,qweb_text,custom/wujia_portal_layout/views/pc_preview.xml,54,Đơn hôm nay
wujia_portal_layout,team,qweb_text,custom/wujia_portal_layout/views/pc_preview.xml,64,Đang xử lý
wujia_portal_layout,team,qweb_text,custom/wujia_portal_layout/views/pc_preview.xml,74,Hoàn tất
wujia_portal_layout,team,qweb_text,custom/wujia_portal_layout/views/pc_preview.xml,84,Cần chú ý
wujia_portal_layout,team,qweb_expr,custom/wujia_portal_layout/views/pc_preview.xml,96,"t-value=""{'name': 'q', 'placeholder': 'Tìm theo mã đơn, tên sản phẩm, nội dung...'}"""
wujia_portal_layout,team,qweb_expr,custom/wujia_portal_layout/views/pc_preview.xml,100,"t-value=""[{'name': 'state', 'all_label': 'Trạng thái', 'options': [('draft', 'Nháp'), ('sale', 'Đã xác nhận')]}]"""
wujia_portal_layout,team,qweb_text,custom/wujia_portal_layout/views/pc_preview.xml,110,Danh sách đơn hàng
wujia_portal_layout,team,qweb_text,custom/wujia_portal_layout/views/pc_preview.xml,111,Theo dõi đơn đặt hàng của cửa hàng đang thao tác
wujia_portal_layout,team,qweb_text,custom/wujia_portal_layout/views/pc_preview.xml,113,Tạo mới
wujia_portal_layout,team,qweb_text,custom/wujia_portal_layout/views/pc_preview.xml,118,Mã
wujia_portal_layout,team,qweb_text,custom/wujia_portal_layout/views/pc_preview.xml,118,Nội dung
wujia_portal_layout,team,qweb_text,custom/wujia_portal_layout/views/pc_preview.xml,118,Ngày
wujia_portal_layout,team,qweb_text,custom/wujia_portal_layout/views/pc_preview.xml,119,Trạng thái
wujia_portal_layout,team,qweb_text,custom/wujia_portal_layout/views/pc_preview.xml,119,Số tiền
wujia_portal_layout,team,qweb_text,custom/wujia_portal_layout/views/pc_preview.xml,119,Thao tác
wujia_portal_layout,team,qweb_text,custom/wujia_portal_layout/views/pc_preview.xml,125,Đơn đặt hàng nguyên liệu
wujia_portal_layout,team,qweb_text,custom/wujia_portal_layout/views/pc_preview.xml,127,Đã gửi
wujia_portal_layout,team,qweb_text,custom/wujia_portal_layout/views/pc_preview.xml,128,2.450.000đ
wujia_portal_layout,team,qweb_text,custom/wujia_portal_layout/views/pc_preview.xml,133,Bổ sung bao bì
wujia_portal_layout,team,qweb_text,custom/wujia_portal_layout/views/pc_preview.xml,135,Đang giao
wujia_portal_layout,team,qweb_text,custom/wujia_portal_layout/views/pc_preview.xml,136,860.000đ
wujia_portal_layout,team,qweb_text,custom/wujia_portal_layout/views/pc_preview.xml,141,Đơn định kỳ tuần 24
wujia_portal_layout,team,qweb_text,custom/wujia_portal_layout/views/pc_preview.xml,143,Hoàn tất
wujia_portal_layout,team,qweb_text,custom/wujia_portal_layout/views/pc_preview.xml,144,4.120.000đ
wujia_portal_layout,team,qweb_text,custom/wujia_portal_layout/views/pc_preview.xml,149,POSM tháng 06
wujia_portal_layout,team,qweb_text,custom/wujia_portal_layout/views/pc_preview.xml,151,Chờ xác nhận
wujia_portal_layout,team,qweb_text,custom/wujia_portal_layout/views/pc_preview.xml,152,1.340.000đ
wujia_portal_layout,team,qweb_text,custom/wujia_portal_layout/views/pc_preview.xml,165,Tên cửa hàng
wujia_portal_layout,team,qweb_attr,custom/wujia_portal_layout/views/pc_preview.xml,166,"placeholder=""Nhập tên cửa hàng"""
wujia_portal_layout,team,qweb_text,custom/wujia_portal_layout/views/pc_preview.xml,169,Trạng thái
wujia_portal_layout,team,qweb_text,custom/wujia_portal_layout/views/pc_preview.xml,170,Chọn trạng thái
wujia_portal_layout,team,qweb_text,custom/wujia_portal_layout/views/pc_preview.xml,173,Ghi chú
wujia_portal_layout,team,qweb_attr,custom/wujia_portal_layout/views/pc_preview.xml,174,"placeholder=""Textarea / ghi chú"""
wujia_portal_layout,team,qweb_text,custom/wujia_portal_layout/views/pc_preview.xml,182,Chưa có dữ liệu
wujia_portal_layout,team,qweb_text,custom/wujia_portal_layout/views/pc_preview.xml,183,"Khi có dữ liệu, hệ thống sẽ hiển thị danh sách tại đây."
wujia_portal_layout,team,qweb_text,custom/wujia_portal_layout/views/pc_preview.xml,184,Tạo mới
wujia_portal_layout,team,qweb_text,custom/wujia_portal_layout/views/pc_preview.xml,191,Xác nhận thao tác
wujia_portal_layout,team,qweb_text,custom/wujia_portal_layout/views/pc_preview.xml,192,Bạn có chắc chắn muốn thực hiện thao tác này không?
wujia_portal_layout,team,qweb_text,custom/wujia_portal_layout/views/pc_preview.xml,194,Thông tin tóm tắt hoặc cảnh báo hiển thị tại đây.
wujia_portal_layout,team,qweb_text,custom/wujia_portal_layout/views/pc_preview.xml,196,Hủy
wujia_portal_layout,team,qweb_text,custom/wujia_portal_layout/views/pc_preview.xml,197,Xác nhận
wujia_portal_layout,team,qweb_expr,custom/wujia_portal_layout/views/wj_card_header.xml,48,"t-out=""ch_action_label or 'Xem tất cả'"""
wujia_portal_layout,team,qweb_text,custom/wujia_portal_layout/views/pc_account_shell.xml,20,Wujia Portal / Tài khoản
wujia_portal_layout,team,qweb_expr,custom/wujia_portal_layout/views/pc_account_shell.xml,34,"t-out=""acct_role_label or 'Người dùng portal'"""
wujia_portal_layout,team,qweb_text,custom/wujia_portal_layout/views/pc_account_shell.xml,45,Thông tin tài khoản
wujia_portal_layout,team,qweb_text,custom/wujia_portal_layout/views/pc_account_shell.xml,52,Đổi mật khẩu
wujia_portal_layout,team,qweb_text,custom/wujia_portal_layout/views/pc_account_shell.xml,59,Đăng xuất
wujia_portal_layout,team,qweb_text,custom/wujia_portal_layout/views/profile_page.xml,9,Tài khoản
wujia_portal_layout,team,qweb_text,custom/wujia_portal_layout/views/profile_page.xml,10,Quản lý thông tin người dùng portal đang đăng nhập
wujia_portal_layout,team,qweb_text,custom/wujia_portal_layout/views/profile_page.xml,30,Đang hoạt động
wujia_portal_layout,team,qweb_text,custom/wujia_portal_layout/views/profile_page.xml,34,Cửa hàng hiện tại
wujia_portal_layout,team,qweb_text,custom/wujia_portal_layout/views/profile_page.xml,38,Dữ liệu hiển thị theo cửa hàng đang thao tác
wujia_portal_layout,team,qweb_text,custom/wujia_portal_layout/views/profile_page.xml,47,Thông tin cá nhân
wujia_portal_layout,team,qweb_text,custom/wujia_portal_layout/views/profile_page.xml,48,Các thông tin cơ bản của tài khoản portal
wujia_portal_layout,team,qweb_text,custom/wujia_portal_layout/views/profile_page.xml,53,Họ tên
wujia_portal_layout,team,qweb_text,custom/wujia_portal_layout/views/profile_page.xml,61,Số điện thoại
wujia_portal_layout,team,qweb_text,custom/wujia_portal_layout/views/profile_page.xml,65,Vai trò portal
wujia_portal_layout,team,qweb_text,custom/wujia_portal_layout/views/profile_page.xml,72,Cửa hàng hiện tại
wujia_portal_layout,team,qweb_text,custom/wujia_portal_layout/views/profile_page.xml,78,Trạng thái tài khoản
wujia_portal_layout,team,qweb_text,custom/wujia_portal_layout/views/profile_page.xml,80,Đang hoạt động
wujia_portal_layout,team,qweb_text,custom/wujia_portal_layout/views/profile_page.xml,84,Thông tin tài khoản được quản lý bởi {brand}. Vui lòng liên hệ quản trị nếu cần cập nhật.
wujia_portal_layout,team,qweb_text,custom/wujia_portal_layout/views/profile_page.xml,99,Tài khoản
wujia_portal_layout,team,qweb_text,custom/wujia_portal_layout/views/profile_page.xml,105,Hồ sơ cá nhân
wujia_portal_layout,team,qweb_text,custom/wujia_portal_layout/views/profile_page.xml,117,Họ tên
wujia_portal_layout,team,qweb_text,custom/wujia_portal_layout/views/profile_page.xml,129,SĐT
wujia_portal_layout,team,qweb_text,custom/wujia_portal_layout/views/profile_page.xml,133,Cửa hàng
wujia_portal_layout,team,qweb_text,custom/wujia_portal_layout/views/profile_page.xml,137,Vai trò
wujia_portal_layout,team,qweb_attr,custom/wujia_portal_layout/views/wj_page_header.xml,18,"aria-label=""Quay lại"""
wujia_portal_layout,team,qweb_text,custom/wujia_portal_layout/views/wj_page_header.xml,22,Quay lại
wujia_portal_layout,team,qweb_expr,custom/wujia_portal_layout/views/wj_page_header.xml,32,"t-out=""ph_create_label or 'Tạo mới'"""
wujia_portal_notification,team,py_literal,custom/wujia_portal_notification/__manifest__.py,5,Màn thông báo trên portal cửa hàng + chuông header — nghiệp vụ ở wujia_notification (F11)
wujia_portal_notification,team,test,custom/wujia_portal_notification/tests/test_portal_notification_read.py,6,Vui lòng chọn cửa hàng trước khi thao tác.
wujia_portal_notification,team,test,custom/wujia_portal_notification/tests/test_portal_notification_read.py,69,Không được ghi read row khi chưa chọn cửa hàng.
wujia_portal_notification,team,test,custom/wujia_portal_notification/tests/test_portal_notification_read.py,95,mark-all không được giả lập thời điểm mở detail.
wujia_portal_notification,team,test,custom/wujia_portal_notification/tests/test_portal_notification_read.py,98,Gọi lại phải idempotent.
wujia_portal_notification,team,test,custom/wujia_portal_notification/tests/test_portal_notification_read.py,35,Lịch nghỉ Tết 2026
wujia_portal_notification,team,test,custom/wujia_portal_notification/tests/test_portal_notification_read.py,39,<p>Nghỉ từ 25 tháng Chạp.</p>
wujia_portal_notification,team,test,custom/wujia_portal_notification/tests/test_portal_notification_read.py,47,Cửa hàng %s
wujia_portal_notification,team,test,custom/wujia_portal_notification/tests/test_portal_notification_read.py,37,Chính sách
wujia_portal_notification,team,test,custom/wujia_portal_notification/tests/test_e4c_filter_dates.py,51,thiếu ô báo lỗi wj-noti-pcerr
wujia_portal_notification,team,test,custom/wujia_portal_notification/tests/test_e4c_filter_dates.py,65,thiếu ô báo lỗi %s
wujia_portal_notification,team,test,custom/wujia_portal_notification/tests/test_f5_nav_item.py,27,mất chuông topbar ⇒ PC không còn lối vào Thông báo
wujia_portal_notification,team,test,custom/wujia_portal_notification/tests/test_f5_nav_item.py,41,aria-controls trỏ vào id không có
wujia_portal_notification,team,test,custom/wujia_portal_notification/tests/test_e5b_list_card_read_state.py,35,danh sách phải có đúng 1 item mẫu ListCard
wujia_portal_notification,team,test,custom/wujia_portal_notification/tests/test_e5b_list_card_read_state.py,38,item thiếu dáng ngoài D5
wujia_portal_notification,team,test,custom/wujia_portal_notification/tests/test_e5b_list_card_read_state.py,43,mất lớp đánh dấu chưa đọc
wujia_portal_notification,team,test,custom/wujia_portal_notification/tests/test_e5b_list_card_read_state.py,44,mất chấm chưa đọc trong đầu card
wujia_portal_notification,team,test,custom/wujia_portal_notification/tests/test_e5b_list_card_read_state.py,68,chấm chưa đọc còn là inline — không hiện ra dù khai w/h
wujia_portal_notification,team,test,custom/wujia_portal_notification/tests/test_e5b_list_card_read_state.py,60,trạng thái chưa đọc giành lại dáng (%s)
wujia_portal_notification,team,test,custom/wujia_portal_notification/tests/test_portal_notification_f11.py,37,"Thông báo</p>\s*<div class=""wujia-kpi-value"">(\d+)<"
wujia_portal_notification,team,test,custom/wujia_portal_notification/tests/test_portal_notification_f11.py,38,"Thông báo</span>\s*<span class=""wujia-mhome-kpi-value"">(\d+)<"
wujia_portal_notification,team,test,custom/wujia_portal_notification/tests/test_portal_notification_f11.py,50,F11 còn hiệu lực
wujia_portal_notification,team,test,custom/wujia_portal_notification/tests/test_portal_notification_f11.py,51,F11 hẹn giờ
wujia_portal_notification,team,test,custom/wujia_portal_notification/tests/test_portal_notification_f11.py,51,F11 hết hạn
wujia_portal_notification,team,test,custom/wujia_portal_notification/tests/test_portal_notification_f11.py,51,F11 cửa hàng khác
wujia_portal_notification,team,js_literal,custom/wujia_portal_notification/static/src/js/header_bell_badge.js,66,thông báo •
wujia_portal_notification,team,js_literal,custom/wujia_portal_notification/static/src/js/header_bell_badge.js,66,chưa đọc
wujia_portal_notification,team,js_literal,custom/wujia_portal_notification/static/src/js/header_bell_badge.js,68,chưa đọc
wujia_portal_notification,team,js_literal,custom/wujia_portal_notification/static/src/js/header_bell_badge.js,72,"<div class=""wj-pc-noti-popup__empty"">Không có thông báo nào.</div>"
wujia_portal_notification,team,js_literal,custom/wujia_portal_notification/static/src/js/header_bell_badge.js,83,"<span class=""wj-pc-badge wj-pc-badge--sm wj-pc-badge--confirmed"">Có file</span>"
wujia_portal_notification,team,js_literal,custom/wujia_portal_notification/static/src/js/header_bell_badge.js,135,"<div class=""wj-pc-noti-popup__empty"">Không tải được thông báo.</div>"
wujia_portal_notification,team,js_literal,custom/wujia_portal_notification/static/src/js/portal_notification_pc.js,34,Chưa thể đánh dấu đã đọc. Vui lòng thử lại.
wujia_portal_notification,team,js_literal,custom/wujia_portal_notification/static/src/js/portal_notification_pc.js,38,Đã đánh dấu
wujia_portal_notification,team,js_literal,custom/wujia_portal_notification/static/src/js/portal_notification_pc.js,38,thông báo là đã đọc.
wujia_portal_notification,team,py_literal,custom/wujia_portal_notification/controllers/portal.py,28,Phiên đăng nhập đã hết hạn. Vui lòng đăng nhập lại.
wujia_portal_notification,team,py_literal,custom/wujia_portal_notification/controllers/portal.py,29,Vui lòng chọn cửa hàng trước khi thao tác.
wujia_portal_notification,team,py_literal,custom/wujia_portal_notification/controllers/portal.py,30,Bạn không có quyền thao tác với cửa hàng này.
wujia_portal_notification,team,py_literal,custom/wujia_portal_notification/controllers/portal.py,31,Bộ lọc không hợp lệ. Vui lòng kiểm tra lại.
wujia_portal_notification,team,py_literal,custom/wujia_portal_notification/controllers/portal.py,32,Số lượng bản ghi mỗi trang không hợp lệ.
wujia_portal_notification,team,py_literal,custom/wujia_portal_notification/controllers/portal.py,33,"Thông báo không tồn tại, đã bị thu hồi hoặc bạn không có quyền xem."
wujia_portal_notification,team,py_literal,custom/wujia_portal_notification/controllers/portal.py,34,Chưa thể cập nhật trạng thái đã đọc. Vui lòng thử lại.
wujia_portal_notification,team,py_literal,custom/wujia_portal_notification/controllers/portal.py,35,Tài liệu không tồn tại hoặc bạn không có quyền tải xuống.
wujia_portal_notification,team,py_literal,custom/wujia_portal_notification/controllers/portal.py,50,Thông thường
wujia_portal_notification,team,py_literal,custom/wujia_portal_notification/controllers/portal.py,51,Quan trọng
wujia_portal_notification,team,py_literal,custom/wujia_portal_notification/controllers/portal.py,52,Cần làm
wujia_portal_notification,team,py_literal,custom/wujia_portal_notification/controllers/portal.py,200,thông báo
wujia_portal_notification,team,py_literal,custom/wujia_portal_notification/controllers/portal.py,113,thông báo
wujia_portal_notification,team,qweb_expr,custom/wujia_portal_notification/views/portal_notification.xml,12,"t-value=""{'urgent': ('Cần làm', 'wujia-badge-success', 'icon-check-circle'), 'important': ('Quan trọng', 'wujia-badge-warning', 'icon-alert-"
wujia_portal_notification,team,qweb_text,custom/wujia_portal_notification/views/portal_notification.xml,23,Tất cả
wujia_portal_notification,team,qweb_text,custom/wujia_portal_notification/views/portal_notification.xml,25,Chưa đọc
wujia_portal_notification,team,qweb_text,custom/wujia_portal_notification/views/portal_notification.xml,27,Quan trọng
wujia_portal_notification,team,qweb_text,custom/wujia_portal_notification/views/portal_notification.xml,29,Cần làm
wujia_portal_notification,team,qweb_text,custom/wujia_portal_notification/views/portal_notification.xml,36,Danh sách thông báo
wujia_portal_notification,team,qweb_text,custom/wujia_portal_notification/views/portal_notification.xml,37,"Hiển thị thông báo còn hiệu lực, đúng đối tượng nhận."
wujia_portal_notification,team,qweb_text,custom/wujia_portal_notification/views/portal_notification.xml,41,chưa đọc
wujia_portal_notification,team,qweb_text,custom/wujia_portal_notification/views/portal_notification.xml,43,Đánh dấu đã đọc
wujia_portal_notification,team,qweb_text,custom/wujia_portal_notification/views/portal_notification.xml,56,Không có thông báo
wujia_portal_notification,team,qweb_text,custom/wujia_portal_notification/views/portal_notification.xml,57,Không có thông báo nào khớp bộ lọc hiện tại.
wujia_portal_notification,team,qweb_text,custom/wujia_portal_notification/views/portal_notification.xml,62,Loại
wujia_portal_notification,team,qweb_text,custom/wujia_portal_notification/views/portal_notification.xml,63,Thông báo
wujia_portal_notification,team,qweb_text,custom/wujia_portal_notification/views/portal_notification.xml,64,Ngày gửi
wujia_portal_notification,team,qweb_text,custom/wujia_portal_notification/views/portal_notification.xml,65,Trạng thái
wujia_portal_notification,team,qweb_text,custom/wujia_portal_notification/views/portal_notification.xml,66,Thao tác
wujia_portal_notification,team,qweb_text,custom/wujia_portal_notification/views/portal_notification.xml,90,Chưa đọc
wujia_portal_notification,team,qweb_text,custom/wujia_portal_notification/views/portal_notification.xml,91,Đã đọc
wujia_portal_notification,team,qweb_text,custom/wujia_portal_notification/views/portal_notification.xml,92,Đã hết hiệu lực
wujia_portal_notification,team,qweb_text,custom/wujia_portal_notification/views/portal_notification.xml,108,chưa đọc
wujia_portal_notification,team,qweb_text,custom/wujia_portal_notification/views/portal_notification.xml,111,chưa đọc
wujia_portal_notification,team,qweb_text,custom/wujia_portal_notification/views/portal_notification.xml,116,Tất cả
wujia_portal_notification,team,qweb_text,custom/wujia_portal_notification/views/portal_notification.xml,118,Chưa đọc
wujia_portal_notification,team,qweb_text,custom/wujia_portal_notification/views/portal_notification.xml,120,Quan trọng
wujia_portal_notification,team,qweb_text,custom/wujia_portal_notification/views/portal_notification.xml,122,Cần làm
wujia_portal_notification,team,qweb_text,custom/wujia_portal_notification/views/portal_notification.xml,129,Chưa có thông báo
wujia_portal_notification,team,qweb_text,custom/wujia_portal_notification/views/portal_notification.xml,130,Hiện chưa có thông báo nào để hiển thị.
wujia_portal_notification,team,qweb_text,custom/wujia_portal_notification/views/portal_notification.xml,131,Thông báo từ HQ sẽ hiển thị tại đây khi có.
wujia_portal_notification,team,qweb_text,custom/wujia_portal_notification/views/portal_notification.xml,132,Xóa lọc
wujia_portal_notification,team,qweb_text,custom/wujia_portal_notification/views/portal_notification.xml,133,Tải lại
wujia_portal_notification,team,qweb_text,custom/wujia_portal_notification/views/portal_notification.xml,167,Đã hết hiệu lực
wujia_portal_notification,team,qweb_text,custom/wujia_portal_notification/views/portal_notification.xml,170,Có file
wujia_portal_notification,team,qweb_text,custom/wujia_portal_notification/views/portal_notification.xml,200,Thông báo
wujia_portal_notification,team,qweb_text,custom/wujia_portal_notification/views/portal_notification.xml,212,Thông báo
wujia_portal_notification,team,qweb_expr,custom/wujia_portal_notification/views/portal_notification.xml,228,"t-value=""{'name': 'keyword', 'value': keyword or '', 'placeholder': 'Nhập tiêu đề, mã thông báo...'}"""
wujia_portal_notification,team,qweb_expr,custom/wujia_portal_notification/views/portal_notification.xml,239,"t-value=""[{'name': 'type_id', 'value': type_id, 'label': 'Loại thông báo', 'all_label': 'Loại thông báo', 'options': [(tp.id, tp.name) for t"
wujia_portal_notification,team,qweb_text,custom/wujia_portal_notification/views/portal_notification.xml,267,Thông báo
wujia_portal_notification,team,qweb_expr,custom/wujia_portal_notification/views/portal_notification.xml,280,"t-value=""{'name': 'keyword', 'value': keyword or '', 'placeholder': 'Tìm mã / tiêu đề'}"""
wujia_portal_notification,team,qweb_expr,custom/wujia_portal_notification/views/portal_notification.xml,314,"t-value=""{'URG': 'Thông báo khẩn — cần xử lý ngay', 'GEN': 'Thông báo dành cho cửa hàng nhượng quyền', 'PROMO': 'Chương trình khuyến mãi & ư"
wujia_portal_notification,team,qweb_expr,custom/wujia_portal_notification/views/portal_notification.xml,315,"t-value=""{'urgent': ('Cần làm', 'wujia-badge-success', 'icon-check-circle'), 'important': ('Quan trọng', 'wujia-badge-warning', 'icon-alert-"
wujia_portal_notification,team,qweb_text,custom/wujia_portal_notification/views/portal_notification.xml,322,Thông báo / Chi tiết thông báo
wujia_portal_notification,team,qweb_text,custom/wujia_portal_notification/views/portal_notification.xml,323,Chi tiết thông báo
wujia_portal_notification,team,qweb_text,custom/wujia_portal_notification/views/portal_notification.xml,334,Nội dung thông báo
wujia_portal_notification,team,qweb_text,custom/wujia_portal_notification/views/portal_notification.xml,342,Đã hết hiệu lực
wujia_portal_notification,team,qweb_text,custom/wujia_portal_notification/views/portal_notification.xml,346,Thông báo khẩn — cần xử lý ngay
wujia_portal_notification,team,qweb_text,custom/wujia_portal_notification/views/portal_notification.xml,356,Thông tin thông báo
wujia_portal_notification,team,qweb_text,custom/wujia_portal_notification/views/portal_notification.xml,361,Mã thông báo
wujia_portal_notification,team,qweb_text,custom/wujia_portal_notification/views/portal_notification.xml,365,Loại thông báo
wujia_portal_notification,team,qweb_text,custom/wujia_portal_notification/views/portal_notification.xml,371,Ngày gửi
wujia_portal_notification,team,qweb_text,custom/wujia_portal_notification/views/portal_notification.xml,380,Tài liệu đính kèm
wujia_portal_notification,team,qweb_text,custom/wujia_portal_notification/views/portal_notification.xml,395,Tải xuống
wujia_portal_notification,team,qweb_text,custom/wujia_portal_notification/views/portal_notification.xml,410,Chi tiết thông báo
wujia_portal_notification,team,qweb_text,custom/wujia_portal_notification/views/portal_notification.xml,441,Đã hết hiệu lực
wujia_portal_notification,team,qweb_text,custom/wujia_portal_notification/views/portal_notification.xml,444,Có file
wujia_portal_notification,team,qweb_text,custom/wujia_portal_notification/views/portal_notification.xml,454,File đính kèm
wujia_portal_notification,team,qweb_attr,custom/wujia_portal_notification/views/bottomnav_inherit.xml,8,"name=""Wujia Mobile — tab Thông báo"""
wujia_portal_notification,team,qweb_text,custom/wujia_portal_notification/views/bottomnav_inherit.xml,16,Thông báo
wujia_portal_notification,team,qweb_attr,custom/wujia_portal_notification/views/header_bell_inherit.xml,13,"aria-label=""Thông báo"""
wujia_portal_notification,team,qweb_attr,custom/wujia_portal_notification/views/header_bell_inherit.xml,13,"title=""Thông báo"""
wujia_portal_notification,team,qweb_text,custom/wujia_portal_notification/views/header_bell_inherit.xml,23,Thông báo
wujia_portal_notification,team,qweb_text,custom/wujia_portal_notification/views/header_bell_inherit.xml,24,Đang tải…
wujia_portal_notification,team,qweb_text,custom/wujia_portal_notification/views/header_bell_inherit.xml,30,Đang tải thông báo…
wujia_portal_notification,team,qweb_text,custom/wujia_portal_notification/views/header_bell_inherit.xml,32,Xem tất cả thông báo
wujia_portal_purchase_history,team,py_literal,custom/wujia_portal_purchase_history/__manifest__.py,5,Lịch sử đặt hàng portal — list + detail (controller BA CT-024/025)
wujia_portal_purchase_history,team,test,custom/wujia_portal_purchase_history/tests/test_e4c_filter_dates.py,51,thiếu ô báo lỗi wj-hist-pcerr
wujia_portal_purchase_history,team,test,custom/wujia_portal_purchase_history/tests/test_e4c_filter_dates.py,65,thiếu ô báo lỗi %s
wujia_portal_purchase_history,team,test,custom/wujia_portal_purchase_history/tests/test_home_order_status.py,76,đơn đã xác nhận phải sinh picking
wujia_portal_purchase_history,team,test,custom/wujia_portal_purchase_history/tests/test_home_order_status.py,119,Chờ xác nhận
wujia_portal_purchase_history,team,test,custom/wujia_portal_purchase_history/tests/test_home_order_status.py,122,Đã gửi
wujia_portal_purchase_history,team,test,custom/wujia_portal_purchase_history/tests/test_home_order_status.py,125,Đã xác nhận
wujia_portal_purchase_history,team,test,custom/wujia_portal_purchase_history/tests/test_home_order_status.py,130,Đang giao
wujia_portal_purchase_history,team,test,custom/wujia_portal_purchase_history/tests/test_home_order_status.py,135,Hoàn tất
wujia_portal_purchase_history,team,test,custom/wujia_portal_purchase_history/tests/test_home_order_status.py,56,Trà sữa test Home
wujia_portal_purchase_history,team,test,custom/wujia_portal_purchase_history/tests/test_home_order_status.py,91,thiếu khối Home %s
wujia_portal_purchase_history,team,test,custom/wujia_portal_purchase_history/tests/test_home_order_status.py,93,Home %s phải có đúng 1 dòng cho %s
wujia_portal_purchase_history,team,test,custom/wujia_portal_purchase_history/tests/test_f5_nav_item.py,23,"<t t-set=""ni_label"">Lịch sử đặt hàng</t>"
wujia_portal_purchase_history,team,test,custom/wujia_portal_purchase_history/tests/test_history.py,132,lọc theo ngày địa phương phải bắt được đơn 06:30 sáng
wujia_portal_purchase_history,team,test,custom/wujia_portal_purchase_history/tests/test_history.py,149,đơn đã xác nhận phải sinh picking
wujia_portal_purchase_history,team,test,custom/wujia_portal_purchase_history/tests/test_history.py,190,"đơn chưa có chuyến vẫn là ""Đã xác nhận"""
wujia_portal_purchase_history,team,test,custom/wujia_portal_purchase_history/tests/test_history.py,191,"đơn đang giao không được nằm trong ""Đã xác nhận"""
wujia_portal_purchase_history,team,test,custom/wujia_portal_purchase_history/tests/test_history.py,253,đơn không được lặp giữa 2 trang
wujia_portal_purchase_history,team,test,custom/wujia_portal_purchase_history/tests/test_history.py,35,Cửa hàng test lịch sử
wujia_portal_purchase_history,team,test,custom/wujia_portal_purchase_history/tests/test_history.py,40,Trà sữa test
wujia_portal_purchase_history,team,test,custom/wujia_portal_purchase_history/tests/test_history.py,156,Chờ xác nhận
wujia_portal_purchase_history,team,test,custom/wujia_portal_purchase_history/tests/test_history.py,157,Đã gửi
wujia_portal_purchase_history,team,test,custom/wujia_portal_purchase_history/tests/test_history.py,160,Đã xác nhận
wujia_portal_purchase_history,team,test,custom/wujia_portal_purchase_history/tests/test_history.py,165,Đang giao
wujia_portal_purchase_history,team,test,custom/wujia_portal_purchase_history/tests/test_history.py,170,Hoàn tất
wujia_portal_purchase_history,team,test,custom/wujia_portal_purchase_history/tests/test_history.py,102,"tz=%r phải rơi về %s, không nổ trang"
wujia_portal_purchase_history,team,test,custom/wujia_portal_purchase_history/tests/test_history.py,176,Đã xác nhận
wujia_portal_purchase_history,team,test,custom/wujia_portal_purchase_history/tests/test_history.py,177,chuyến %s không được đổi nhãn đơn
wujia_portal_purchase_history,team,test,custom/wujia_portal_purchase_history/tests/test_history.py,214,đơn %s (%s) khớp %s nhóm lọc
wujia_portal_purchase_history,team,test,custom/wujia_portal_purchase_history/tests/test_history.py,238,page_size=%r phải rơi về mặc định
wujia_portal_purchase_history,team,test,custom/wujia_portal_purchase_history/tests/test_g6_confirm_date.py,81,Đã xác nhận
wujia_portal_purchase_history,team,test,custom/wujia_portal_purchase_history/tests/test_g6_confirm_date.py,115,Ngày xác nhận
wujia_portal_purchase_history,team,test,custom/wujia_portal_purchase_history/tests/test_g6_confirm_date.py,116,Ngày tạo
wujia_portal_purchase_history,team,test,custom/wujia_portal_purchase_history/tests/test_g6_confirm_date.py,118,Chờ xác nhận
wujia_portal_purchase_history,team,test,custom/wujia_portal_purchase_history/tests/test_g6_confirm_date.py,119,Ngày xác nhận
wujia_portal_purchase_history,team,test,custom/wujia_portal_purchase_history/tests/test_g6_confirm_date.py,103,Ngày xác nhận
wujia_portal_purchase_history,team,test,custom/wujia_portal_purchase_history/tests/test_g6_confirm_date.py,104,Ngày xác nhận
wujia_portal_purchase_history,team,test,custom/wujia_portal_purchase_history/tests/test_g6_confirm_date.py,105,Ngày tạo
wujia_portal_purchase_history,team,test,custom/wujia_portal_purchase_history/tests/test_g6_confirm_date.py,117,Ngày đặt hàng
wujia_portal_purchase_history,team,test,custom/wujia_portal_purchase_history/tests/test_g6_confirm_date.py,118,Trạng thái
wujia_portal_purchase_history,team,test,custom/wujia_portal_purchase_history/tests/test_g6_confirm_date.py,121,Ngày đặt hàng 29/09/2026 10:05
wujia_portal_purchase_history,team,test,custom/wujia_portal_purchase_history/tests/test_g6_confirm_date.py,125,Ngày xác nhận
wujia_portal_purchase_history,team,test,custom/wujia_portal_purchase_history/tests/test_g6_confirm_date.py,126,Ngày đặt hàng
wujia_portal_purchase_history,team,test,custom/wujia_portal_purchase_history/tests/test_g6_confirm_date.py,65,không được đổi dữ liệu đơn
wujia_portal_purchase_history,team,py_literal,custom/wujia_portal_purchase_history/controllers/portal.py,39,{brand} tạo đơn
wujia_portal_purchase_history,team,py_literal,custom/wujia_portal_purchase_history/controllers/portal.py,41,Không xác định được cửa hàng đang thao tác. Vui lòng chọn lại cửa hàng.
wujia_portal_purchase_history,team,py_literal,custom/wujia_portal_purchase_history/controllers/portal.py,42,Không tìm thấy đơn hàng hoặc bạn không có quyền xem đơn hàng này.
wujia_portal_purchase_history,team,py_literal,custom/wujia_portal_purchase_history/controllers/portal.py,32,Nháp
wujia_portal_purchase_history,team,py_literal,custom/wujia_portal_purchase_history/controllers/portal.py,33,Đã gán xe
wujia_portal_purchase_history,team,py_literal,custom/wujia_portal_purchase_history/controllers/portal.py,34,Đang chất hàng
wujia_portal_purchase_history,team,py_literal,custom/wujia_portal_purchase_history/controllers/portal.py,35,Đang giao
wujia_portal_purchase_history,team,py_literal,custom/wujia_portal_purchase_history/controllers/portal.py,36,Đã giao xong
wujia_portal_purchase_history,team,py_literal,custom/wujia_portal_purchase_history/controllers/portal.py,37,Hủy chuyến
wujia_portal_purchase_history,team,py_literal,custom/wujia_portal_purchase_history/controllers/portal.py,290,bản ghi
wujia_portal_purchase_history,team,qweb_attr,custom/wujia_portal_purchase_history/views/bottomnav_inherit.xml,10,"name=""Wujia Mobile — Lịch sử đặt hàng sáng tab Đặt hàng"""
wujia_portal_purchase_history,team,qweb_attr,custom/wujia_portal_purchase_history/views/sidenav_inherit.xml,9,"name=""Wujia Sidenav — Lịch sử đặt hàng"""
wujia_portal_purchase_history,team,qweb_text,custom/wujia_portal_purchase_history/views/sidenav_inherit.xml,16,Lịch sử đặt hàng
wujia_portal_purchase_history,team,qweb_text,custom/wujia_portal_purchase_history/views/portal_history.xml,22,đơn
wujia_portal_purchase_history,team,qweb_text,custom/wujia_portal_purchase_history/views/portal_history.xml,25,đơn
wujia_portal_purchase_history,team,qweb_text,custom/wujia_portal_purchase_history/views/portal_history.xml,34,Danh sách đơn hàng
wujia_portal_purchase_history,team,qweb_text,custom/wujia_portal_purchase_history/views/portal_history.xml,35,Theo dõi đơn đặt hàng của cửa hàng đang thao tác
wujia_portal_purchase_history,team,qweb_text,custom/wujia_portal_purchase_history/views/portal_history.xml,39,bản ghi
wujia_portal_purchase_history,team,qweb_text,custom/wujia_portal_purchase_history/views/portal_history.xml,50,Chưa có đơn hàng
wujia_portal_purchase_history,team,qweb_text,custom/wujia_portal_purchase_history/views/portal_history.xml,51,Chưa có đơn hàng nào khớp bộ lọc.
wujia_portal_purchase_history,team,qweb_text,custom/wujia_portal_purchase_history/views/portal_history.xml,56,Mã đơn
wujia_portal_purchase_history,team,qweb_text,custom/wujia_portal_purchase_history/views/portal_history.xml,57,Ngày tạo
wujia_portal_purchase_history,team,qweb_text,custom/wujia_portal_purchase_history/views/portal_history.xml,58,Ngày xác nhận
wujia_portal_purchase_history,team,qweb_text,custom/wujia_portal_purchase_history/views/portal_history.xml,59,Người đặt
wujia_portal_purchase_history,team,qweb_text,custom/wujia_portal_purchase_history/views/portal_history.xml,60,Tổng tiền
wujia_portal_purchase_history,team,qweb_text,custom/wujia_portal_purchase_history/views/portal_history.xml,61,Batch / giao hàng
wujia_portal_purchase_history,team,qweb_text,custom/wujia_portal_purchase_history/views/portal_history.xml,62,Trạng thái
wujia_portal_purchase_history,team,qweb_expr,custom/wujia_portal_purchase_history/views/portal_history.xml,75,"t-out=""r['batch_name'] or 'Chưa giao'"""
wujia_portal_purchase_history,team,qweb_text,custom/wujia_portal_purchase_history/views/portal_history.xml,88,Tháng này
wujia_portal_purchase_history,team,qweb_text,custom/wujia_portal_purchase_history/views/portal_history.xml,90,Tháng trước
wujia_portal_purchase_history,team,qweb_text,custom/wujia_portal_purchase_history/views/portal_history.xml,92,Đã xác nhận
wujia_portal_purchase_history,team,qweb_text,custom/wujia_portal_purchase_history/views/portal_history.xml,93,Xóa lọc
wujia_portal_purchase_history,team,qweb_text,custom/wujia_portal_purchase_history/views/portal_history.xml,100,Danh sách đơn
wujia_portal_purchase_history,team,qweb_text,custom/wujia_portal_purchase_history/views/portal_history.xml,104,đơn gần nhất
wujia_portal_purchase_history,team,qweb_text,custom/wujia_portal_purchase_history/views/portal_history.xml,112,Chưa có đơn hàng
wujia_portal_purchase_history,team,qweb_text,custom/wujia_portal_purchase_history/views/portal_history.xml,113,Hiện chưa có đơn hàng nào để hiển thị.
wujia_portal_purchase_history,team,qweb_text,custom/wujia_portal_purchase_history/views/portal_history.xml,114,Đơn mới sẽ xuất hiện tại đây khi được cập nhật.
wujia_portal_purchase_history,team,qweb_text,custom/wujia_portal_purchase_history/views/portal_history.xml,115,Xóa lọc
wujia_portal_purchase_history,team,qweb_text,custom/wujia_portal_purchase_history/views/portal_history.xml,116,Tải lại
wujia_portal_purchase_history,team,qweb_text,custom/wujia_portal_purchase_history/views/portal_history.xml,132,Ngày đặt
wujia_portal_purchase_history,team,qweb_text,custom/wujia_portal_purchase_history/views/portal_history.xml,137,Tổng tiền
wujia_portal_purchase_history,team,qweb_text,custom/wujia_portal_purchase_history/views/portal_history.xml,166,Lịch sử đặt hàng
wujia_portal_purchase_history,team,qweb_text,custom/wujia_portal_purchase_history/views/portal_history.xml,182,Lịch sử đặt hàng
wujia_portal_purchase_history,team,qweb_text,custom/wujia_portal_purchase_history/views/portal_history.xml,194,Chưa chọn cửa hàng
wujia_portal_purchase_history,team,qweb_expr,custom/wujia_portal_purchase_history/views/portal_history.xml,203,"t-value=""{'name': 'q', 'value': q, 'placeholder': 'Tìm theo mã đơn'}"""
wujia_portal_purchase_history,team,qweb_expr,custom/wujia_portal_purchase_history/views/portal_history.xml,209,"t-value=""[{'name': 'state', 'value': state, 'all_label': 'Tất cả trạng thái', 'options': state_options}]"""
wujia_portal_purchase_history,team,qweb_text,custom/wujia_portal_purchase_history/views/portal_history.xml,237,Lịch sử đặt hàng
wujia_portal_purchase_history,team,qweb_expr,custom/wujia_portal_purchase_history/views/portal_history.xml,258,"t-value=""{'name': 'q', 'value': q, 'placeholder': 'Tìm theo mã đơn'}"""
wujia_portal_purchase_history,team,qweb_expr,custom/wujia_portal_purchase_history/views/portal_history.xml,291,"t-value=""detail and detail['header']['name'] or 'Chi tiết đơn hàng'"""
wujia_portal_purchase_history,team,qweb_text,custom/wujia_portal_purchase_history/views/portal_history.xml,300,Lịch sử đặt hàng / Chi tiết đơn hàng
wujia_portal_purchase_history,team,qweb_text,custom/wujia_portal_purchase_history/views/portal_history.xml,301,Chi tiết đơn hàng
wujia_portal_purchase_history,team,qweb_text,custom/wujia_portal_purchase_history/views/portal_history.xml,306,Không xem được đơn hàng
wujia_portal_purchase_history,team,qweb_text,custom/wujia_portal_purchase_history/views/portal_history.xml,314,Chi tiết đơn hàng
wujia_portal_purchase_history,team,qweb_text,custom/wujia_portal_purchase_history/views/portal_history.xml,335,Lịch sử đặt hàng / Chi tiết đơn hàng
wujia_portal_purchase_history,team,qweb_text,custom/wujia_portal_purchase_history/views/portal_history.xml,336,Chi tiết đơn hàng
wujia_portal_purchase_history,team,qweb_text,custom/wujia_portal_purchase_history/views/portal_history.xml,345,Mã đơn
wujia_portal_purchase_history,team,qweb_text,custom/wujia_portal_purchase_history/views/portal_history.xml,360,Ngày đặt hàng
wujia_portal_purchase_history,team,qweb_text,custom/wujia_portal_purchase_history/views/portal_history.xml,361,· Người đặt
wujia_portal_purchase_history,team,qweb_text,custom/wujia_portal_purchase_history/views/portal_history.xml,366,Tổng tiền
wujia_portal_purchase_history,team,qweb_text,custom/wujia_portal_purchase_history/views/portal_history.xml,368,Đã gồm thuế các dòng sản phẩm trong đơn
wujia_portal_purchase_history,team,qweb_text,custom/wujia_portal_purchase_history/views/portal_history.xml,377,Thông tin đơn hàng
wujia_portal_purchase_history,team,qweb_text,custom/wujia_portal_purchase_history/views/portal_history.xml,383,Ngày đặt hàng
wujia_portal_purchase_history,team,qweb_text,custom/wujia_portal_purchase_history/views/portal_history.xml,388,Ngày xác nhận
wujia_portal_purchase_history,team,qweb_text,custom/wujia_portal_purchase_history/views/portal_history.xml,392,Người đặt
wujia_portal_purchase_history,team,qweb_text,custom/wujia_portal_purchase_history/views/portal_history.xml,396,Trạng thái
wujia_portal_purchase_history,team,qweb_text,custom/wujia_portal_purchase_history/views/portal_history.xml,404,Batch / giao hàng
wujia_portal_purchase_history,team,qweb_text,custom/wujia_portal_purchase_history/views/portal_history.xml,410,Batch giao hàng
wujia_portal_purchase_history,team,qweb_expr,custom/wujia_portal_purchase_history/views/portal_history.xml,411,"t-out=""b and b['name'] or 'Chưa giao'"""
wujia_portal_purchase_history,team,qweb_text,custom/wujia_portal_purchase_history/views/portal_history.xml,414,Trạng thái giao hàng
wujia_portal_purchase_history,team,qweb_expr,custom/wujia_portal_purchase_history/views/portal_history.xml,415,"t-out=""b and b['status_label'] or 'Chưa có thông tin giao hàng'"""
wujia_portal_purchase_history,team,qweb_text,custom/wujia_portal_purchase_history/views/portal_history.xml,418,Ghi chú giao hàng
wujia_portal_purchase_history,team,qweb_expr,custom/wujia_portal_purchase_history/views/portal_history.xml,419,"t-out=""(b and b['delivery_note']) or 'Không có ghi chú'"""
wujia_portal_purchase_history,team,qweb_text,custom/wujia_portal_purchase_history/views/portal_history.xml,422,Ngày giao
wujia_portal_purchase_history,team,qweb_text,custom/wujia_portal_purchase_history/views/portal_history.xml,433,Sản phẩm đã đặt
wujia_portal_purchase_history,team,qweb_text,custom/wujia_portal_purchase_history/views/portal_history.xml,437,sản phẩm
wujia_portal_purchase_history,team,qweb_text,custom/wujia_portal_purchase_history/views/portal_history.xml,443,Sản phẩm
wujia_portal_purchase_history,team,qweb_text,custom/wujia_portal_purchase_history/views/portal_history.xml,444,Đơn vị tính
wujia_portal_purchase_history,team,qweb_text,custom/wujia_portal_purchase_history/views/portal_history.xml,445,Số lượng
wujia_portal_purchase_history,team,qweb_text,custom/wujia_portal_purchase_history/views/portal_history.xml,446,Đơn giá
wujia_portal_purchase_history,team,qweb_text,custom/wujia_portal_purchase_history/views/portal_history.xml,447,Thành tiền
wujia_portal_purchase_history,team,qweb_text,custom/wujia_portal_purchase_history/views/portal_history.xml,461,Tổng cộng
wujia_portal_purchase_history,team,qweb_text,custom/wujia_portal_purchase_history/views/portal_history.xml,477,Chi tiết đơn hàng
wujia_portal_purchase_history,team,qweb_text,custom/wujia_portal_purchase_history/views/portal_history.xml,500,Thông tin đơn hàng
wujia_portal_purchase_history,team,qweb_text,custom/wujia_portal_purchase_history/views/portal_history.xml,504,Người đặt
wujia_portal_purchase_history,team,qweb_text,custom/wujia_portal_purchase_history/views/portal_history.xml,508,Cửa hàng
wujia_portal_purchase_history,team,qweb_text,custom/wujia_portal_purchase_history/views/portal_history.xml,513,Tổng tiền
wujia_portal_purchase_history,team,qweb_text,custom/wujia_portal_purchase_history/views/portal_history.xml,518,Số dòng hàng
wujia_portal_purchase_history,team,qweb_text,custom/wujia_portal_purchase_history/views/portal_history.xml,519,sản phẩm
wujia_portal_purchase_history,team,qweb_text,custom/wujia_portal_purchase_history/views/portal_history.xml,528,Thông tin batch / giao hàng
wujia_portal_purchase_history,team,qweb_text,custom/wujia_portal_purchase_history/views/portal_history.xml,532,Số phiếu batch
wujia_portal_purchase_history,team,qweb_text,custom/wujia_portal_purchase_history/views/portal_history.xml,536,Trạng thái giao hàng
wujia_portal_purchase_history,team,qweb_expr,custom/wujia_portal_purchase_history/views/portal_history.xml,537,"t-out=""b and b['status_label'] or 'Chưa có thông tin giao hàng'"""
wujia_portal_purchase_history,team,qweb_text,custom/wujia_portal_purchase_history/views/portal_history.xml,540,Ghi chú giao hàng
wujia_portal_purchase_history,team,qweb_text,custom/wujia_portal_purchase_history/views/portal_history.xml,544,Thời gian khởi hành
wujia_portal_purchase_history,team,qweb_text,custom/wujia_portal_purchase_history/views/portal_history.xml,555,Ghi chú khi đặt hàng
wujia_portal_purchase_history,team,qweb_expr,custom/wujia_portal_purchase_history/views/portal_history.xml,558,"t-out=""detail['note'] or 'Không có ghi chú.'"""
wujia_portal_purchase_history,team,qweb_text,custom/wujia_portal_purchase_history/views/portal_history.xml,566,Danh sách sản phẩm
wujia_portal_purchase_history,team,qweb_text,custom/wujia_portal_purchase_history/views/portal_history.xml,572,Quy cách:
wujia_portal_report,team,py_literal,custom/wujia_portal_report/__manifest__.py,2,Wujia Portal — Báo cáo
wujia_portal_report,team,py_literal,custom/wujia_portal_report/__manifest__.py,5,Báo cáo đặt hàng cho Owner/Manager (BA Phase 1)
wujia_portal_report,team,py_literal,custom/wujia_portal_report/__manifest__.py,6,Trang /portal/reports/orders với KPI cards + bar chart 12 tháng + top SP + state distribution. Staff bị block redirect.
wujia_portal_report,team,test,custom/wujia_portal_report/tests/test_e4c_filter_dates.py,51,thiếu ô báo lỗi wj-rep-pcerr
wujia_portal_report,team,test,custom/wujia_portal_report/tests/test_e4c_filter_dates.py,65,thiếu ô báo lỗi %s
wujia_portal_report,team,test,custom/wujia_portal_report/tests/test_f5_nav_item.py,23,"<t t-set=""ni_label"">Báo cáo</t>"
wujia_portal_report,team,js_literal,custom/wujia_portal_report/static/src/js/portal_report_charts.js,125,đơn
wujia_portal_report,team,js_literal,custom/wujia_portal_report/static/src/js/portal_report_charts.js,150,Tổng
wujia_portal_report,team,js_literal,custom/wujia_portal_report/static/src/js/portal_report_charts.js,162,đơn
wujia_portal_report,team,js_literal,custom/wujia_portal_report/static/src/js/portal_report_charts.js,182,"<p class=""wj-rep-chart-empty"">Chưa có dữ liệu trong khoảng đã chọn.</p>"
wujia_portal_report,team,py_literal,custom/wujia_portal_report/controllers/portal.py,32,Nháp
wujia_portal_report,team,py_literal,custom/wujia_portal_report/controllers/portal.py,33,Đã gửi
wujia_portal_report,team,py_literal,custom/wujia_portal_report/controllers/portal.py,34,Đã xác nhận
wujia_portal_report,team,py_literal,custom/wujia_portal_report/controllers/portal.py,35,Hoàn thành
wujia_portal_report,team,py_literal,custom/wujia_portal_report/controllers/portal.py,36,Đã hủy
wujia_portal_report,team,py_literal,custom/wujia_portal_report/controllers/portal.py,256,Mã đơn
wujia_portal_report,team,py_literal,custom/wujia_portal_report/controllers/portal.py,256,Ngày đặt
wujia_portal_report,team,py_literal,custom/wujia_portal_report/controllers/portal.py,256,Cửa hàng
wujia_portal_report,team,py_literal,custom/wujia_portal_report/controllers/portal.py,256,Khách hàng
wujia_portal_report,team,py_literal,custom/wujia_portal_report/controllers/portal.py,257,Trạng thái
wujia_portal_report,team,py_literal,custom/wujia_portal_report/controllers/portal.py,257,Số dòng
wujia_portal_report,team,py_literal,custom/wujia_portal_report/controllers/portal.py,257,Tổng tiền
wujia_portal_report,team,py_gettext,custom/wujia_portal_report/controllers/portal.py,57,Báo cáo đặt hàng
wujia_portal_report,team,py_gettext,custom/wujia_portal_report/controllers/portal.py,200,Báo cáo đặt hàng
wujia_portal_report,team,qweb_attr,custom/wujia_portal_report/views/bottomnav_inherit.xml,8,"name=""Wujia Mobile — sheet Thêm: Báo cáo"""
wujia_portal_report,team,qweb_text,custom/wujia_portal_report/views/bottomnav_inherit.xml,14,Báo cáo
wujia_portal_report,team,qweb_text,custom/wujia_portal_report/views/bottomnav_inherit.xml,15,Thống kê đơn hàng
wujia_portal_report,team,qweb_attr,custom/wujia_portal_report/views/sidenav_inherit.xml,9,"name=""Wujia Sidenav — Báo cáo"""
wujia_portal_report,team,qweb_text,custom/wujia_portal_report/views/sidenav_inherit.xml,16,Báo cáo
wujia_portal_report,team,qweb_attr,custom/wujia_portal_report/views/portal_report_orders.xml,13,"name=""Wujia Portal — Báo cáo đặt hàng"""
wujia_portal_report,team,qweb_text,custom/wujia_portal_report/views/portal_report_orders.xml,16,Báo cáo đặt hàng
wujia_portal_report,team,qweb_text,custom/wujia_portal_report/views/portal_report_orders.xml,34,Báo cáo đặt hàng
wujia_portal_report,team,qweb_text,custom/wujia_portal_report/views/portal_report_orders.xml,54,Tổng đơn hàng
wujia_portal_report,team,qweb_text,custom/wujia_portal_report/views/portal_report_orders.xml,57,Đã đặt + đã xác nhận
wujia_portal_report,team,qweb_text,custom/wujia_portal_report/views/portal_report_orders.xml,61,Tổng chi phí
wujia_portal_report,team,qweb_text,custom/wujia_portal_report/views/portal_report_orders.xml,63,Khoảng đã chọn
wujia_portal_report,team,qweb_text,custom/wujia_portal_report/views/portal_report_orders.xml,67,Đơn hoàn thành
wujia_portal_report,team,qweb_text,custom/wujia_portal_report/views/portal_report_orders.xml,70,Đơn đã giao hàng
wujia_portal_report,team,qweb_text,custom/wujia_portal_report/views/portal_report_orders.xml,74,Đơn bị hủy
wujia_portal_report,team,qweb_text,custom/wujia_portal_report/views/portal_report_orders.xml,77,Đơn đã bị huỷ không thực hiện
wujia_portal_report,team,qweb_text,custom/wujia_portal_report/views/portal_report_orders.xml,84,Đơn hàng theo tháng
wujia_portal_report,team,qweb_text,custom/wujia_portal_report/views/portal_report_orders.xml,90,Số trong cột = số đơn
wujia_portal_report,team,qweb_text,custom/wujia_portal_report/views/portal_report_orders.xml,97,Phân bổ trạng thái
wujia_portal_report,team,qweb_text,custom/wujia_portal_report/views/portal_report_orders.xml,99,đơn hàng
wujia_portal_report,team,qweb_text,custom/wujia_portal_report/views/portal_report_orders.xml,103,Chưa có đơn hàng trong khoảng đã chọn.
wujia_portal_report,team,qweb_attr,custom/wujia_portal_report/views/portal_report_orders.xml,108,"aria-label=""Tỷ lệ đơn hàng theo trạng thái"""
wujia_portal_report,team,qweb_text,custom/wujia_portal_report/views/portal_report_orders.xml,131,Sản phẩm đặt hàng nhiều nhất
wujia_portal_report,team,qweb_text,custom/wujia_portal_report/views/portal_report_orders.xml,133,sản phẩm
wujia_portal_report,team,qweb_text,custom/wujia_portal_report/views/portal_report_orders.xml,137,Chưa có sản phẩm nào trong khoảng thời gian đã chọn.
wujia_portal_report,team,qweb_expr,custom/wujia_portal_report/views/portal_report_orders.xml,145,"t-out=""p['name'] or 'Không xác định'"""
wujia_portal_report,team,qweb_text,custom/wujia_portal_report/views/portal_report_orders.xml,166,Báo cáo đặt hàng
wujia_portal_report,team,qweb_text,custom/wujia_portal_report/views/portal_report_orders.xml,168,"Theo dõi đơn hàng, doanh thu và sản phẩm của cửa hàng."
wujia_portal_report,team,qweb_text,custom/wujia_portal_report/views/portal_report_orders.xml,197,Tổng đơn hàng
wujia_portal_report,team,qweb_text,custom/wujia_portal_report/views/portal_report_orders.xml,200,Đã đặt + đã xác nhận
wujia_portal_report,team,qweb_text,custom/wujia_portal_report/views/portal_report_orders.xml,211,Tổng chi phí
wujia_portal_report,team,qweb_text,custom/wujia_portal_report/views/portal_report_orders.xml,213,Trong khoảng đã chọn
wujia_portal_report,team,qweb_text,custom/wujia_portal_report/views/portal_report_orders.xml,224,Đơn hoàn thành
wujia_portal_report,team,qweb_text,custom/wujia_portal_report/views/portal_report_orders.xml,227,Đơn đã giao hàng
wujia_portal_report,team,qweb_text,custom/wujia_portal_report/views/portal_report_orders.xml,238,Đơn bị hủy
wujia_portal_report,team,qweb_text,custom/wujia_portal_report/views/portal_report_orders.xml,241,Đơn đã bị huỷ không thực hiện
wujia_portal_report,team,qweb_text,custom/wujia_portal_report/views/portal_report_orders.xml,249,Đơn hàng theo tháng
wujia_portal_report,team,qweb_text,custom/wujia_portal_report/views/portal_report_orders.xml,257,Số trong cột: số đơn
wujia_portal_report,team,qweb_text,custom/wujia_portal_report/views/portal_report_orders.xml,269,Phân bổ trạng thái
wujia_portal_report,team,qweb_text,custom/wujia_portal_report/views/portal_report_orders.xml,275,đơn hàng
wujia_portal_report,team,qweb_text,custom/wujia_portal_report/views/portal_report_orders.xml,300,Top sản phẩm đặt hàng nhiều nhất
wujia_portal_report,team,qweb_text,custom/wujia_portal_report/views/portal_report_orders.xml,306,sản phẩm
wujia_portal_report,team,qweb_text,custom/wujia_portal_report/views/portal_report_orders.xml,313,Chưa có dữ liệu
wujia_portal_report,team,qweb_text,custom/wujia_portal_report/views/portal_report_orders.xml,314,Chưa có sản phẩm nào trong khoảng thời gian đã chọn.
wujia_portal_report,team,qweb_text,custom/wujia_portal_report/views/portal_report_orders.xml,320,Sản phẩm
wujia_portal_report,team,qweb_text,custom/wujia_portal_report/views/portal_report_orders.xml,321,Số lượng
wujia_portal_report,team,qweb_text,custom/wujia_portal_report/views/portal_report_orders.xml,322,Đơn vị
wujia_portal_report,team,qweb_expr,custom/wujia_portal_report/views/portal_report_orders.xml,331,"t-out=""p['name'] or 'Không xác định'"""
wujia_portal_return,team,py_literal,custom/wujia_portal_return/__manifest__.py,5,"Portal đổi trả / bù hàng — danh sách, tạo yêu cầu, chi tiết (nghiệp vụ ở wujia_return)."
wujia_portal_return,team,test,custom/wujia_portal_return/tests/test_return_form_d6c.py,65,kiểm kê D6a: 14+ nhãn ở hai khối
wujia_portal_return,team,test,custom/wujia_portal_return/tests/test_return_form_d6c.py,89,form mobile phải mang lớp wj-mform
wujia_portal_return,team,test,custom/wujia_portal_return/tests/test_return_form_d6c.py,94,thiếu rule chuẩn hoá control của wj-mform
wujia_portal_return,team,test,custom/wujia_portal_return/tests/test_return_form_d6c.py,98,"radius phải lấy token dùng chung, không gõ số cứng"
wujia_portal_return,team,test,custom/wujia_portal_return/tests/test_return_form_d6c.py,112,thiếu breakpoint 360 cho cặp trường chật
wujia_portal_return,team,test,custom/wujia_portal_return/tests/test_return_form_d6c.py,119,mỗi khối PC/mobile một vùng tên đầy đủ
wujia_portal_return,team,test,custom/wujia_portal_return/tests/test_return_form_d6c.py,127,"tên phải giữ NGUYÊN VĂN, không cắt/ghép thêm"
wujia_portal_return,team,test,custom/wujia_portal_return/tests/test_return_form_d6c.py,68,nhãn không nối được control:
wujia_portal_return,team,test,custom/wujia_portal_return/tests/test_return_form_d6c.py,74,control không có nhãn lẫn aria-label:
wujia_portal_return,team,test,custom/wujia_portal_return/tests/test_return_form_d6c.py,79,id trùng:
wujia_portal_return,team,test,custom/wujia_portal_return/tests/test_return_form_d6c.py,106,thiếu rule chạm cho
wujia_portal_return,team,test,custom/wujia_portal_return/tests/test_return_form_d6c.py,146,: form mobile chưa mang lớp wj-mform
wujia_portal_return,team,test,custom/wujia_portal_return/tests/test_return_form_d6c.py,149,: không nhãn nào nối control
wujia_portal_return,team,test,custom/wujia_portal_return/tests/test_return_form_d6c.py,150,: nhãn trỏ id không tồn tại:
wujia_portal_return,team,test,custom/wujia_portal_return/tests/test_return_form_d6c.py,154,: control thiếu nhãn:
wujia_portal_return,team,test,custom/wujia_portal_return/tests/test_return_controller.py,111,Đã gửi
wujia_portal_return,team,test,custom/wujia_portal_return/tests/test_return_controller.py,111,Đang xử lý
wujia_portal_return,team,test,custom/wujia_portal_return/tests/test_return_controller.py,112,Đã duyệt
wujia_portal_return,team,test,custom/wujia_portal_return/tests/test_return_controller.py,112,Từ chối
wujia_portal_return,team,test,custom/wujia_portal_return/tests/test_return_controller.py,113,Hoàn tất
wujia_portal_return,team,test,custom/wujia_portal_return/tests/test_return_controller.py,128,Đang bù một phần
wujia_portal_return,team,test,custom/wujia_portal_return/tests/test_return_controller.py,169,Không tìm thấy yêu cầu hoặc bạn không có quyền truy cập
wujia_portal_return,team,test,custom/wujia_portal_return/tests/test_return_controller.py,176,HQ duyệt 20kg
wujia_portal_return,team,test,custom/wujia_portal_return/tests/test_return_controller.py,184,Từ ngày không được lớn hơn Đến ngày
wujia_portal_return,team,test,custom/wujia_portal_return/tests/test_return_controller.py,185,Bộ lọc không hợp lệ
wujia_portal_return,team,test,custom/wujia_portal_return/tests/test_return_controller.py,187,Bộ lọc không hợp lệ
wujia_portal_return,team,test,custom/wujia_portal_return/tests/test_return_controller.py,214,Yêu cầu đã được gửi
wujia_portal_return,team,test,custom/wujia_portal_return/tests/test_return_controller.py,149,HQ duyệt 20kg
wujia_portal_return,team,test,custom/wujia_portal_return/tests/test_e4c_filter_dates.py,51,thiếu ô báo lỗi wj-ret-pcerr
wujia_portal_return,team,test,custom/wujia_portal_return/tests/test_e4c_filter_dates.py,71,Bộ lọc không hợp lệ
wujia_portal_return,team,test,custom/wujia_portal_return/tests/test_e4c_filter_dates.py,65,thiếu ô báo lỗi %s
wujia_portal_return,team,test,custom/wujia_portal_return/tests/test_f5_nav_item.py,23,"<t t-set=""ni_label"">Đổi trả / Bù hàng</t>"
wujia_portal_return,team,test,custom/wujia_portal_return/tests/test_return_card_d6.py,66,card mobile phải là DUY NHẤT 1 mẫu record
wujia_portal_return,team,test,custom/wujia_portal_return/tests/test_return_card_d6.py,74,card phải có đúng 1 slot trạng thái
wujia_portal_return,team,test,custom/wujia_portal_return/tests/test_return_card_d6.py,83,badge tiến độ bù vẫn nằm trong dòng đầu — BH-008 chưa đạt
wujia_portal_return,team,test,custom/wujia_portal_return/tests/test_return_card_d6.py,88,Tiến độ bù
wujia_portal_return,team,test,custom/wujia_portal_return/tests/test_return_card_d6.py,89,thiếu dòng riêng có nhãn cho tiến độ bù
wujia_portal_return,team,test,custom/wujia_portal_return/tests/test_return_card_d6.py,92,dòng tiến độ bù không nằm trong thân card
wujia_portal_return,team,test,custom/wujia_portal_return/tests/test_return_card_d6.py,93,dòng tiến độ bù chui lại vào dòng đầu
wujia_portal_return,team,test,custom/wujia_portal_return/tests/test_return_card_d6.py,107,Tiến độ bù
wujia_portal_return,team,test,custom/wujia_portal_return/tests/test_return_card_d6.py,111,badge tiến độ bù phải in từ biến clbl
wujia_portal_return,team,test,custom/wujia_portal_return/tests/test_return_card_d6.py,113,mất tham chiếu tới comp_status_labels
wujia_portal_return,team,test,custom/wujia_portal_return/tests/test_return_card_d6.py,124,Ngày yêu cầu
wujia_portal_return,team,test,custom/wujia_portal_return/tests/test_return_card_d6.py,125,"mất nhãn ""Ngày yêu cầu"" (LC-15)"
wujia_portal_return,team,test,custom/wujia_portal_return/tests/test_return_card_d6.py,127,hàng ngày yêu cầu không còn giá trị
wujia_portal_return,team,test,custom/wujia_portal_return/tests/test_return_card_d6.py,128,ngày yêu cầu mất phần năm
wujia_portal_return,team,test,custom/wujia_portal_return/tests/test_return_card_d6.py,135,mất rule thân ListCard
wujia_portal_return,team,test,custom/wujia_portal_return/tests/test_return_card_d6.py,141,hai ô metadata phải nằm chung một hàng lưới
wujia_portal_return,team,test,custom/wujia_portal_return/tests/test_return_card_d6.py,148,mất rule clamp 2 dòng ở khung
wujia_portal_return,team,test,custom/wujia_portal_return/tests/test_return_card_d6.py,151,"còn `nowrap` ⇒ vẫn cắt ngay dòng 1, BH-007 chưa đạt"
wujia_portal_return,team,test,custom/wujia_portal_return/tests/test_return_card_d6.py,154,hàng tên sản phẩm không còn khai clamp 2 dòng
wujia_portal_return,team,test,custom/wujia_portal_return/tests/test_return_card_d6.py,166,item mất ruột ListCard
wujia_portal_return,team,test,custom/wujia_portal_return/tests/test_return_card_d6.py,170,call site DataList detail-card bị đổi
wujia_portal_return,team,test,custom/wujia_portal_return/tests/test_return_card_d6.py,119,nhãn %r bị chép cứng vào template
wujia_portal_return,team,test,custom/wujia_portal_return/tests/test_return_card_d6.py,177,module khai lại dáng %r của ListCard — phải để component giữ
wujia_portal_return,team,test,custom/wujia_portal_return/tests/test_portal_return_f13.py,69,Cần tải từ 3 đến 5 ảnh minh chứng.
wujia_portal_return,team,test,custom/wujia_portal_return/tests/test_portal_return_f13.py,70,Tệp không đúng định dạng hoặc vượt quá dung lượng cho phép.
wujia_portal_return,team,test,custom/wujia_portal_return/tests/test_portal_return_f13.py,71,Cửa hàng không truy cập được.
wujia_portal_return,team,test,custom/wujia_portal_return/tests/test_portal_return_f13.py,72,Vui lòng chọn loại lỗi.
wujia_portal_return,team,test,custom/wujia_portal_return/tests/test_portal_return_f13.py,81,Không tìm thấy yêu cầu hoặc bạn không có quyền truy cập
wujia_portal_return,team,test,custom/wujia_portal_return/tests/test_portal_return_f13.py,90,Đã gửi
wujia_portal_return,team,test,custom/wujia_portal_return/tests/test_portal_return_f13.py,90,Đang xử lý
wujia_portal_return,team,test,custom/wujia_portal_return/tests/test_portal_return_f13.py,90,Đã duyệt
wujia_portal_return,team,test,custom/wujia_portal_return/tests/test_portal_return_f13.py,91,Đang bù một phần
wujia_portal_return,team,js_literal,custom/wujia_portal_return/static/src/js/portal_return.js,51,— Chọn sản phẩm —
wujia_portal_return,team,js_literal,custom/wujia_portal_return/static/src/js/portal_return.js,51,— Đơn không có sản phẩm —
wujia_portal_return,team,py_literal,custom/wujia_portal_return/controllers/portal.py,67,— Tất cả trạng thái —
wujia_portal_return,team,py_literal,custom/wujia_portal_return/controllers/portal.py,48,Đổi hàng
wujia_portal_return,team,py_literal,custom/wujia_portal_return/controllers/portal.py,49,Trả hàng
wujia_portal_return,team,py_literal,custom/wujia_portal_return/controllers/portal.py,50,Bù hàng
wujia_portal_return,team,py_literal,custom/wujia_portal_return/controllers/portal.py,51,Từ chối
wujia_portal_return,team,py_literal,custom/wujia_portal_return/controllers/portal.py,313,Đơn bù đã bị hủy
wujia_portal_return,team,py_literal,custom/wujia_portal_return/controllers/portal.py,319,Chưa tạo phiếu giao
wujia_portal_return,team,py_literal,custom/wujia_portal_return/controllers/portal.py,322,Chưa giao
wujia_portal_return,team,py_literal,custom/wujia_portal_return/controllers/portal.py,324,Đã giao đủ
wujia_portal_return,team,py_literal,custom/wujia_portal_return/controllers/portal.py,325,Đã giao %d/%d phiếu
wujia_portal_return,team,py_literal,custom/wujia_portal_return/controllers/portal.py,116,yêu cầu
wujia_portal_return,team,py_literal,custom/wujia_portal_return/controllers/portal.py,56,Chưa xử lý
wujia_portal_return,team,py_literal,custom/wujia_portal_return/controllers/portal.py,57,Đã lên đơn bù
wujia_portal_return,team,py_literal,custom/wujia_portal_return/controllers/portal.py,58,Đang bù một phần
wujia_portal_return,team,py_literal,custom/wujia_portal_return/controllers/portal.py,59,Đã bù đủ
wujia_portal_return,team,py_literal,custom/wujia_portal_return/controllers/portal.py,148,Không thể gửi yêu cầu. Vui lòng kiểm tra lại thông tin và thử lại.
wujia_portal_return,team,qweb_text,custom/wujia_portal_return/views/portal_return_form.xml,7,Tạo yêu cầu bù hàng
wujia_portal_return,team,qweb_text,custom/wujia_portal_return/views/portal_return_form.xml,14,Bù hàng / Tạo yêu cầu bù hàng
wujia_portal_return,team,qweb_text,custom/wujia_portal_return/views/portal_return_form.xml,15,Tạo yêu cầu bù hàng
wujia_portal_return,team,qweb_text,custom/wujia_portal_return/views/portal_return_form.xml,25,Mỗi yêu cầu chỉ áp dụng cho
wujia_portal_return,team,qweb_text,custom/wujia_portal_return/views/portal_return_form.xml,26,1 sản phẩm
wujia_portal_return,team,qweb_text,custom/wujia_portal_return/views/portal_return_form.xml,26,trong đơn đặt.
wujia_portal_return,team,qweb_text,custom/wujia_portal_return/views/portal_return_form.xml,31,Cửa hàng
wujia_portal_return,team,qweb_text,custom/wujia_portal_return/views/portal_return_form.xml,39,Loại lỗi
wujia_portal_return,team,qweb_text,custom/wujia_portal_return/views/portal_return_form.xml,41,— Chọn loại lỗi —
wujia_portal_return,team,qweb_text,custom/wujia_portal_return/views/portal_return_form.xml,48,Đơn hàng gốc
wujia_portal_return,team,qweb_text,custom/wujia_portal_return/views/portal_return_form.xml,51,— Chọn đơn —
wujia_portal_return,team,qweb_text,custom/wujia_portal_return/views/portal_return_form.xml,58,Không tìm thấy đơn hàng đủ điều kiện trong
wujia_portal_return,team,qweb_text,custom/wujia_portal_return/views/portal_return_form.xml,60,ngày gần nhất.
wujia_portal_return,team,qweb_text,custom/wujia_portal_return/views/portal_return_form.xml,64,Sản phẩm (trong đơn)
wujia_portal_return,team,qweb_text,custom/wujia_portal_return/views/portal_return_form.xml,67,— Chọn đơn trước —
wujia_portal_return,team,qweb_text,custom/wujia_portal_return/views/portal_return_form.xml,72,Số lượng yêu cầu
wujia_portal_return,team,qweb_text,custom/wujia_portal_return/views/portal_return_form.xml,77,Thời gian mở hàng
wujia_portal_return,team,qweb_text,custom/wujia_portal_return/views/portal_return_form.xml,82,Ngày sản xuất
wujia_portal_return,team,qweb_text,custom/wujia_portal_return/views/portal_return_form.xml,86,Ghi chú
wujia_portal_return,team,qweb_attr,custom/wujia_portal_return/views/portal_return_form.xml,88,"placeholder=""Mô tả chi tiết tình trạng hàng cần bù/đổi..."""
wujia_portal_return,team,qweb_text,custom/wujia_portal_return/views/portal_return_form.xml,91,Ảnh minh chứng (
wujia_portal_return,team,qweb_text,custom/wujia_portal_return/views/portal_return_form.xml,92,ảnh)
wujia_portal_return,team,qweb_text,custom/wujia_portal_return/views/portal_return_form.xml,96,"JPG/PNG, tối đa 5MB mỗi ảnh · tổng minh chứng ≤"
wujia_portal_return,team,qweb_text,custom/wujia_portal_return/views/portal_return_form.xml,102,Video minh chứng (không bắt buộc)
wujia_portal_return,team,qweb_text,custom/wujia_portal_return/views/portal_return_form.xml,105,"Tối đa 1 video MP4/MOV, ≤"
wujia_portal_return,team,qweb_text,custom/wujia_portal_return/views/portal_return_form.xml,112,Hủy
wujia_portal_return,team,qweb_text,custom/wujia_portal_return/views/portal_return_form.xml,113,Lưu nháp
wujia_portal_return,team,qweb_text,custom/wujia_portal_return/views/portal_return_form.xml,115,Gửi yêu cầu
wujia_portal_return,team,qweb_text,custom/wujia_portal_return/views/portal_return_form.xml,127,Tạo yêu cầu bù hàng
wujia_portal_return,team,qweb_text,custom/wujia_portal_return/views/portal_return_form.xml,133,Mỗi yêu cầu chỉ áp dụng cho 1 sản phẩm trong đơn đặt.
wujia_portal_return,team,qweb_text,custom/wujia_portal_return/views/portal_return_form.xml,151,Thông tin đơn hàng
wujia_portal_return,team,qweb_text,custom/wujia_portal_return/views/portal_return_form.xml,155,Cửa hàng
wujia_portal_return,team,qweb_text,custom/wujia_portal_return/views/portal_return_form.xml,160,Đơn hàng gốc
wujia_portal_return,team,qweb_text,custom/wujia_portal_return/views/portal_return_form.xml,163,— Chọn đơn —
wujia_portal_return,team,qweb_text,custom/wujia_portal_return/views/portal_return_form.xml,170,Không tìm thấy đơn hàng đủ điều kiện trong
wujia_portal_return,team,qweb_text,custom/wujia_portal_return/views/portal_return_form.xml,172,ngày gần nhất.
wujia_portal_return,team,qweb_text,custom/wujia_portal_return/views/portal_return_form.xml,174,Sản phẩm (trong đơn)
wujia_portal_return,team,qweb_text,custom/wujia_portal_return/views/portal_return_form.xml,177,— Chọn đơn trước —
wujia_portal_return,team,qweb_text,custom/wujia_portal_return/views/portal_return_form.xml,186,Số lượng & lô
wujia_portal_return,team,qweb_text,custom/wujia_portal_return/views/portal_return_form.xml,191,SL yêu cầu
wujia_portal_return,team,qweb_text,custom/wujia_portal_return/views/portal_return_form.xml,196,Ngày sản xuất
wujia_portal_return,team,qweb_text,custom/wujia_portal_return/views/portal_return_form.xml,200,Thời gian mở hàng
wujia_portal_return,team,qweb_text,custom/wujia_portal_return/views/portal_return_form.xml,208,Nội dung lỗi
wujia_portal_return,team,qweb_text,custom/wujia_portal_return/views/portal_return_form.xml,211,Loại lỗi
wujia_portal_return,team,qweb_text,custom/wujia_portal_return/views/portal_return_form.xml,213,— Chọn loại lỗi —
wujia_portal_return,team,qweb_text,custom/wujia_portal_return/views/portal_return_form.xml,216,Ghi chú
wujia_portal_return,team,qweb_attr,custom/wujia_portal_return/views/portal_return_form.xml,218,"placeholder=""Mô tả chi tiết tình trạng hàng…"""
wujia_portal_return,team,qweb_text,custom/wujia_portal_return/views/portal_return_form.xml,228,Hình ảnh đính kèm
wujia_portal_return,team,qweb_text,custom/wujia_portal_return/views/portal_return_form.xml,232,"ảnh JPG/PNG (≤5MB mỗi ảnh), chụp rõ bao bì & lỗi sản phẩm."
wujia_portal_return,team,qweb_attr,custom/wujia_portal_return/views/portal_return_form.xml,236,"aria-label=""Ảnh minh chứng"""
wujia_portal_return,team,qweb_text,custom/wujia_portal_return/views/portal_return_form.xml,237,Video minh chứng (không bắt buộc) — tối đa 1 file MP4/MOV ≤
wujia_portal_return,team,qweb_text,custom/wujia_portal_return/views/portal_return_form.xml,239,"MB, tổng minh chứng ≤"
wujia_portal_return,team,qweb_attr,custom/wujia_portal_return/views/portal_return_form.xml,242,"aria-label=""Video minh chứng"""
wujia_portal_return,team,qweb_text,custom/wujia_portal_return/views/portal_return_form.xml,246,Hủy
wujia_portal_return,team,qweb_text,custom/wujia_portal_return/views/portal_return_form.xml,247,Gửi yêu cầu
wujia_portal_return,team,qweb_attr,custom/wujia_portal_return/views/bottomnav_inherit.xml,8,"name=""Wujia Mobile — sheet Thêm: Đổi trả / Bù hàng"""
wujia_portal_return,team,qweb_text,custom/wujia_portal_return/views/bottomnav_inherit.xml,13,Đổi trả / Bù hàng
wujia_portal_return,team,qweb_text,custom/wujia_portal_return/views/bottomnav_inherit.xml,14,Gửi và theo dõi yêu cầu xử lý sản phẩm
wujia_portal_return,team,qweb_text,custom/wujia_portal_return/views/portal_return_detail.xml,14,Bù hàng / Chi tiết yêu cầu bù hàng
wujia_portal_return,team,qweb_text,custom/wujia_portal_return/views/portal_return_detail.xml,15,Chi tiết yêu cầu bù hàng
wujia_portal_return,team,qweb_text,custom/wujia_portal_return/views/portal_return_detail.xml,27,Thông tin yêu cầu
wujia_portal_return,team,qweb_text,custom/wujia_portal_return/views/portal_return_detail.xml,37,Mã yêu cầu
wujia_portal_return,team,qweb_text,custom/wujia_portal_return/views/portal_return_detail.xml,39,Cửa hàng
wujia_portal_return,team,qweb_text,custom/wujia_portal_return/views/portal_return_detail.xml,41,Ngày yêu cầu
wujia_portal_return,team,qweb_text,custom/wujia_portal_return/views/portal_return_detail.xml,43,Đơn gốc
wujia_portal_return,team,qweb_text,custom/wujia_portal_return/views/portal_return_detail.xml,50,Loại lỗi
wujia_portal_return,team,qweb_text,custom/wujia_portal_return/views/portal_return_detail.xml,52,Thời gian mở hàng
wujia_portal_return,team,qweb_text,custom/wujia_portal_return/views/portal_return_detail.xml,54,Ngày sản xuất
wujia_portal_return,team,qweb_text,custom/wujia_portal_return/views/portal_return_detail.xml,56,Người tạo
wujia_portal_return,team,qweb_text,custom/wujia_portal_return/views/portal_return_detail.xml,67,Ghi chú & Phản hồi
wujia_portal_return,team,qweb_text,custom/wujia_portal_return/views/portal_return_detail.xml,75,Ghi chú từ cửa hàng
wujia_portal_return,team,qweb_text,custom/wujia_portal_return/views/portal_return_detail.xml,81,Không có ghi chú.
wujia_portal_return,team,qweb_text,custom/wujia_portal_return/views/portal_return_detail.xml,85,Lý do từ chối
wujia_portal_return,team,qweb_text,custom/wujia_portal_return/views/portal_return_detail.xml,95,Phản hồi từ {brand}
wujia_portal_return,team,qweb_text,custom/wujia_portal_return/views/portal_return_detail.xml,111,Sản phẩm yêu cầu
wujia_portal_return,team,qweb_text,custom/wujia_portal_return/views/portal_return_detail.xml,119,Sản phẩm
wujia_portal_return,team,qweb_text,custom/wujia_portal_return/views/portal_return_detail.xml,119,SL yêu cầu
wujia_portal_return,team,qweb_text,custom/wujia_portal_return/views/portal_return_detail.xml,119,ĐVT
wujia_portal_return,team,qweb_text,custom/wujia_portal_return/views/portal_return_detail.xml,134,Phương án xử lý & Tiến độ bù
wujia_portal_return,team,qweb_text,custom/wujia_portal_return/views/portal_return_detail.xml,142,Phương án xử lý
wujia_portal_return,team,qweb_text,custom/wujia_portal_return/views/portal_return_detail.xml,150,Sản phẩm bù
wujia_portal_return,team,qweb_text,custom/wujia_portal_return/views/portal_return_detail.xml,152,SL duyệt bù
wujia_portal_return,team,qweb_text,custom/wujia_portal_return/views/portal_return_detail.xml,156,Đã đưa vào đơn bù
wujia_portal_return,team,qweb_text,custom/wujia_portal_return/views/portal_return_detail.xml,160,Tình trạng bù
wujia_portal_return,team,qweb_text,custom/wujia_portal_return/views/portal_return_detail.xml,165,"Đơn bù đã bị hủy. Nếu vẫn cần bù hàng, vui lòng tạo yêu cầu mới."
wujia_portal_return,team,qweb_text,custom/wujia_portal_return/views/portal_return_detail.xml,170,Đã bù
wujia_portal_return,team,qweb_text,custom/wujia_portal_return/views/portal_return_detail.xml,171,Còn thiếu
wujia_portal_return,team,qweb_text,custom/wujia_portal_return/views/portal_return_detail.xml,183,Đơn bù hàng
wujia_portal_return,team,qweb_text,custom/wujia_portal_return/views/portal_return_detail.xml,205,Ảnh minh chứng
wujia_portal_return,team,qweb_text,custom/wujia_portal_return/views/portal_return_detail.xml,237,Chi tiết yêu cầu bù hàng
wujia_portal_return,team,qweb_text,custom/wujia_portal_return/views/portal_return_detail.xml,259,Thông tin đơn hàng
wujia_portal_return,team,qweb_text,custom/wujia_portal_return/views/portal_return_detail.xml,263,Ngày yêu cầu
wujia_portal_return,team,qweb_text,custom/wujia_portal_return/views/portal_return_detail.xml,268,Thời gian mở hàng
wujia_portal_return,team,qweb_text,custom/wujia_portal_return/views/portal_return_detail.xml,273,Đơn gốc
wujia_portal_return,team,qweb_text,custom/wujia_portal_return/views/portal_return_detail.xml,282,Sản phẩm yêu cầu
wujia_portal_return,team,qweb_text,custom/wujia_portal_return/views/portal_return_detail.xml,286,Sản phẩm
wujia_portal_return,team,qweb_text,custom/wujia_portal_return/views/portal_return_detail.xml,290,SL yêu cầu
wujia_portal_return,team,qweb_text,custom/wujia_portal_return/views/portal_return_detail.xml,301,Phương án xử lý & Tiến độ bù
wujia_portal_return,team,qweb_text,custom/wujia_portal_return/views/portal_return_detail.xml,305,Phương án
wujia_portal_return,team,qweb_text,custom/wujia_portal_return/views/portal_return_detail.xml,312,Sản phẩm bù
wujia_portal_return,team,qweb_text,custom/wujia_portal_return/views/portal_return_detail.xml,316,SL duyệt bù
wujia_portal_return,team,qweb_text,custom/wujia_portal_return/views/portal_return_detail.xml,322,Đã đưa vào đơn bù
wujia_portal_return,team,qweb_text,custom/wujia_portal_return/views/portal_return_detail.xml,328,Tình trạng bù
wujia_portal_return,team,qweb_text,custom/wujia_portal_return/views/portal_return_detail.xml,333,"Đơn bù đã bị hủy. Nếu vẫn cần bù hàng, vui lòng tạo yêu cầu mới."
wujia_portal_return,team,qweb_text,custom/wujia_portal_return/views/portal_return_detail.xml,338,Đã bù
wujia_portal_return,team,qweb_text,custom/wujia_portal_return/views/portal_return_detail.xml,339,Còn thiếu
wujia_portal_return,team,qweb_text,custom/wujia_portal_return/views/portal_return_detail.xml,358,Nội dung lỗi
wujia_portal_return,team,qweb_text,custom/wujia_portal_return/views/portal_return_detail.xml,362,Loại lỗi
wujia_portal_return,team,qweb_expr,custom/wujia_portal_return/views/portal_return_detail.xml,365,"t-out=""rr.note or 'Không có ghi chú.'"""
wujia_portal_return,team,qweb_text,custom/wujia_portal_return/views/portal_return_detail.xml,372,ảnh đính kèm
wujia_portal_return,team,qweb_text,custom/wujia_portal_return/views/portal_return_detail.xml,388,Phản hồi của {brand}
wujia_portal_return,team,qweb_text,custom/wujia_portal_return/views/portal_return_detail.xml,394,Chưa có phản hồi từ {brand}.
wujia_portal_return,team,qweb_attr,custom/wujia_portal_return/views/sidenav_inherit.xml,9,"name=""Wujia Sidenav — Đổi trả / Bù hàng"""
wujia_portal_return,team,qweb_text,custom/wujia_portal_return/views/sidenav_inherit.xml,16,Đổi trả / Bù hàng
wujia_portal_return,team,qweb_text,custom/wujia_portal_return/views/portal_return_list.xml,8,Yêu cầu đổi trả
wujia_portal_return,team,qweb_expr,custom/wujia_portal_return/views/portal_return_list.xml,14,"t-value=""{ 'no_store': 'Không xác định được cửa hàng hiện tại. Vui lòng chọn lại cửa hàng.', 'not_found': 'Không tìm thấy yêu cầu hoặc bạn k"
wujia_portal_return,team,qweb_text,custom/wujia_portal_return/views/portal_return_list.xml,25,Bù hàng
wujia_portal_return,team,qweb_text,custom/wujia_portal_return/views/portal_return_list.xml,30,Bạn chưa được gán vào cửa hàng nào.
wujia_portal_return,team,qweb_expr,custom/wujia_portal_return/views/portal_return_list.xml,45,"t-value=""{'name': 'q', 'value': q or '', 'placeholder': 'Mã YC / mã đơn / sản phẩm', 'label': 'Từ khoá'}"""
wujia_portal_return,team,qweb_expr,custom/wujia_portal_return/views/portal_return_list.xml,52,"t-value=""[{'name': 'state', 'value': state, 'label': 'Trạng thái', 'all_label': filter_all_label, 'options': filter_options}]"""
wujia_portal_return,team,qweb_text,custom/wujia_portal_return/views/portal_return_list.xml,69,Danh sách yêu cầu đổi trả
wujia_portal_return,team,qweb_text,custom/wujia_portal_return/views/portal_return_list.xml,74,kết quả
wujia_portal_return,team,qweb_text,custom/wujia_portal_return/views/portal_return_list.xml,84,Chưa có yêu cầu nào.
wujia_portal_return,team,qweb_text,custom/wujia_portal_return/views/portal_return_list.xml,84,Tạo yêu cầu đầu tiên
wujia_portal_return,team,qweb_text,custom/wujia_portal_return/views/portal_return_list.xml,89,Mã
wujia_portal_return,team,qweb_text,custom/wujia_portal_return/views/portal_return_list.xml,90,Ngày yêu cầu
wujia_portal_return,team,qweb_text,custom/wujia_portal_return/views/portal_return_list.xml,91,Cửa hàng
wujia_portal_return,team,qweb_text,custom/wujia_portal_return/views/portal_return_list.xml,92,Loại lỗi
wujia_portal_return,team,qweb_text,custom/wujia_portal_return/views/portal_return_list.xml,93,Đơn gốc
wujia_portal_return,team,qweb_text,custom/wujia_portal_return/views/portal_return_list.xml,94,Trạng thái
wujia_portal_return,team,qweb_attr,custom/wujia_portal_return/views/portal_return_list.xml,115,"aria-label=""Xem yêu cầu"""
wujia_portal_return,team,qweb_attr,custom/wujia_portal_return/views/portal_return_list.xml,115,"title=""Xem yêu cầu"""
wujia_portal_return,team,qweb_text,custom/wujia_portal_return/views/portal_return_list.xml,134,Bù hàng
wujia_portal_return,team,qweb_text,custom/wujia_portal_return/views/portal_return_list.xml,146,Bạn chưa được gán vào cửa hàng nào.
wujia_portal_return,team,qweb_expr,custom/wujia_portal_return/views/portal_return_list.xml,156,"t-value=""{'name': 'q', 'value': q or '', 'placeholder': 'Mã YC / mã đơn / sản phẩm'}"""
wujia_portal_return,team,qweb_expr,custom/wujia_portal_return/views/portal_return_list.xml,162,"t-value=""[{'name': 'state', 'value': state, 'auto': True, 'label': 'Lọc theo trạng thái', 'all_label': filter_all_label, 'options': filter_o"
wujia_portal_return,team,qweb_text,custom/wujia_portal_return/views/portal_return_list.xml,175,Không có yêu cầu
wujia_portal_return,team,qweb_text,custom/wujia_portal_return/views/portal_return_list.xml,176,Cửa hàng chưa gửi yêu cầu đổi trả nào.
wujia_portal_return,team,qweb_text,custom/wujia_portal_return/views/portal_return_list.xml,177,Yêu cầu mới sẽ xuất hiện tại đây khi được tạo.
wujia_portal_return,team,qweb_text,custom/wujia_portal_return/views/portal_return_list.xml,179,Tạo yêu cầu mới
wujia_portal_return,team,qweb_text,custom/wujia_portal_return/views/portal_return_list.xml,185,Lịch sử yêu cầu
wujia_portal_return,team,qweb_text,custom/wujia_portal_return/views/portal_return_list.xml,189,yêu cầu
wujia_portal_return,team,qweb_text,custom/wujia_portal_return/views/portal_return_list.xml,196,Không tìm thấy kết quả
wujia_portal_return,team,qweb_text,custom/wujia_portal_return/views/portal_return_list.xml,197,Không có yêu cầu khớp bộ lọc hiện tại.
wujia_portal_return,team,qweb_text,custom/wujia_portal_return/views/portal_return_list.xml,198,Thử đổi từ khóa hoặc xóa điều kiện tìm kiếm.
wujia_portal_return,team,qweb_text,custom/wujia_portal_return/views/portal_return_list.xml,199,Xóa lọc
wujia_portal_return,team,qweb_text,custom/wujia_portal_return/views/portal_return_list.xml,219,Tiến độ bù
wujia_portal_return,team,qweb_text,custom/wujia_portal_return/views/portal_return_list.xml,233,Đơn gốc
wujia_portal_return,team,qweb_text,custom/wujia_portal_return/views/portal_return_list.xml,238,Ngày yêu cầu
wujia_portal_sale,team,py_literal,custom/wujia_portal_sale/__manifest__.py,5,Trang đặt hàng portal — catalog + giỏ hàng chung theo cửa hàng (BA controller mapping)
wujia_portal_sale,team,py_literal,custom/wujia_portal_sale/migrations/19.0.4.4.0/post-unaccent.py,35,WJ-ORD-004: extension unaccent đã sẵn sàng.
wujia_portal_sale,team,py_literal,custom/wujia_portal_sale/migrations/19.0.4.4.0/post-unaccent.py,30,WJ-ORD-004: không thể tạo extension unaccent (%s). Search sản phẩm sẽ vẫn chạy nhưng không bỏ dấu.
wujia_portal_sale,team,test,custom/wujia_portal_sale/tests/test_f6_cart_submit.py,270,Giao sớm
wujia_portal_sale,team,test,custom/wujia_portal_sale/tests/test_f6_cart_submit.py,292,Ghi chú giỏ
wujia_portal_sale,team,test,custom/wujia_portal_sale/tests/test_f6_cart_submit.py,129,Số lượng tối đa của F6 Max là 10.
wujia_portal_sale,team,test,custom/wujia_portal_sale/tests/test_f6_cart_submit.py,136,Sản phẩm này hiện không còn được phép đặt hàng.
wujia_portal_sale,team,test,custom/wujia_portal_sale/tests/test_f6_cart_submit.py,282,Giao <b>sớm</b> dòng 2
wujia_portal_sale,team,test,custom/wujia_portal_sale/tests/test_f6_cart_submit.py,296,Ghi chú giỏ
wujia_portal_sale,team,test,custom/wujia_portal_sale/tests/test_f6_cart_submit.py,107,Dữ liệu gửi lên không hợp lệ.
wujia_portal_sale,team,test,custom/wujia_portal_sale/tests/test_f6_cart_submit.py,108,Số lượng của F6 Max phải là số nguyên.
wujia_portal_sale,team,test,custom/wujia_portal_sale/tests/test_f6_cart_submit.py,109,Số lượng tối thiểu của F6 Max là 2.
wujia_portal_sale,team,test,custom/wujia_portal_sale/tests/test_f6_cart_submit.py,110,Số lượng của F6 Max phải tăng theo bước 2.
wujia_portal_sale,team,test,custom/wujia_portal_sale/tests/test_f6_cart_submit.py,111,Số lượng tối đa của F6 Max là 10.
wujia_portal_sale,team,test,custom/wujia_portal_sale/tests/test_f6_cart_submit.py,162,Số lượng tối thiểu của F6 Max là 2.
wujia_portal_sale,team,test,custom/wujia_portal_sale/tests/test_f6_cart_submit.py,163,Số lượng của F6 Max phải tăng theo bước 2.
wujia_portal_sale,team,test,custom/wujia_portal_sale/tests/test_f6_cart_submit.py,164,Số lượng tối đa của F6 Max là 10.
wujia_portal_sale,team,test,custom/wujia_portal_sale/tests/test_f6_cart_submit.py,165,Dữ liệu gửi lên không hợp lệ.
wujia_portal_sale,team,test,custom/wujia_portal_sale/tests/test_f6_cart_submit.py,328,"Sản phẩm 'F6 C' yêu cầu số lượng tối thiểu 2, đang đặt 1.0."
wujia_portal_sale,team,test,custom/wujia_portal_sale/tests/test_f6_cart_submit.py,329,"Số lượng của 'F6 C' phải tăng theo bước 2, đang đặt 3.0."
wujia_portal_sale,team,test,custom/wujia_portal_sale/tests/test_f6_cart_submit.py,330,"Sản phẩm 'F6 C' chỉ cho phép tối đa 6/đơn, đang đặt 8.0."
wujia_portal_sale,team,test,custom/wujia_portal_sale/tests/test_f6_cart_submit.py,347,"Sản phẩm 'F6 L' chỉ cho phép tối đa 6/đơn, đang đặt 7.0."
wujia_portal_sale,team,test,custom/wujia_portal_sale/tests/test_f6_cart_submit.py,238,Sai khung giờ giao
wujia_portal_sale,team,test,custom/wujia_portal_sale/tests/test_f6_cart_submit.py,273,Giao <b>sớm</b> dòng 2
wujia_portal_sale,team,test,custom/wujia_portal_sale/tests/test_g5_submit_confirm.py,152,G5 Trà
wujia_portal_sale,team,test,custom/wujia_portal_sale/tests/test_pricing.py,93,Thành tiền giỏ lệch sale.order.line.price_total
wujia_portal_sale,team,test,custom/wujia_portal_sale/tests/test_pricing.py,98,Tổng giỏ lệch sale.order.amount_total
wujia_portal_sale,team,test,custom/wujia_portal_sale/tests/test_pricing.py,204,12.650.000 đ
wujia_portal_sale,team,test,custom/wujia_portal_sale/tests/test_pricing.py,207,0 đ
wujia_portal_sale,team,test,custom/wujia_portal_sale/tests/test_pricing.py,217,11 đ
wujia_portal_sale,team,test,custom/wujia_portal_sale/tests/test_pricing.py,255,fiscal position bị resolve lại mỗi dòng
wujia_portal_sale,team,test,custom/wujia_portal_sale/tests/test_pricing.py,35,Cụm D — cửa hàng test
wujia_portal_sale,team,test,custom/wujia_portal_sale/tests/test_pricing.py,54,D phí cố định 1.234
wujia_portal_sale,team,test,custom/wujia_portal_sale/tests/test_pricing.py,204,đ
wujia_portal_sale,team,test,custom/wujia_portal_sale/tests/test_pricing.py,207,đ
wujia_portal_sale,team,test,custom/wujia_portal_sale/tests/test_pricing.py,217,đ
wujia_portal_sale,team,test,custom/wujia_portal_sale/tests/test_pricing.py,218,đ
wujia_portal_sale,team,test,custom/wujia_portal_sale/tests/test_pricing.py,218,đ
wujia_portal_sale,team,test,custom/wujia_portal_sale/tests/test_f5_nav_item.py,23,"<t t-set=""ni_label"">Đặt hàng</t>"
wujia_portal_sale,team,py_literal,custom/wujia_portal_sale/models/wujia_portal_cart.py,48,Mỗi cửa hàng chỉ có một giỏ hàng.
wujia_portal_sale,team,py_literal,custom/wujia_portal_sale/models/wujia_portal_cart.py,221,Mỗi sản phẩm chỉ có một dòng trong giỏ.
wujia_portal_sale,team,py_literal,custom/wujia_portal_sale/models/wujia_portal_cart.py,54,Giỏ [
wujia_portal_sale,team,js_literal,custom/wujia_portal_sale/static/src/js/portal_order.js,29,Lỗi:
wujia_portal_sale,team,js_literal,custom/wujia_portal_sale/static/src/js/portal_order.js,57,Đã thêm vào giỏ (
wujia_portal_sale,team,js_literal,custom/wujia_portal_sale/static/src/js/portal_order.js,62,Lỗi kết nối
wujia_portal_sale,team,js_literal,custom/wujia_portal_sale/static/src/js/portal_order.js,81,Vui lòng nhập số lượng hợp lệ.
wujia_portal_sale,team,js_literal,custom/wujia_portal_sale/static/src/js/portal_order.js,83,Số lượng phải là số nguyên.
wujia_portal_sale,team,js_literal,custom/wujia_portal_sale/static/src/js/portal_order.js,85,Số lượng tối thiểu là
wujia_portal_sale,team,js_literal,custom/wujia_portal_sale/static/src/js/portal_order.js,87,Số lượng phải tăng theo bước
wujia_portal_sale,team,js_literal,custom/wujia_portal_sale/static/src/js/portal_order.js,89,Số lượng tối đa là
wujia_portal_sale,team,js_literal,custom/wujia_portal_sale/static/src/js/portal_order.js,105,"<div class=""alert alert-success"">Số lượng trong giỏ:"
wujia_portal_sale,team,js_literal,custom/wujia_portal_sale/static/src/js/portal_order.js,105,". <a href=""/portal/order/cart"">Xem giỏ →</a></div>"
wujia_portal_sale,team,js_literal,custom/wujia_portal_sale/static/src/js/portal_order.js,110,"<div class=""alert alert-danger"">Lỗi kết nối</div>"
wujia_portal_sale,team,js_literal,custom/wujia_portal_sale/static/src/js/portal_cart_sync.js,166,Xoá sản phẩm này khỏi giỏ?
wujia_portal_sale,team,js_literal,custom/wujia_portal_sale/static/src/js/portal_cart_sync.js,186,"Có lỗi xảy ra, vui lòng thử lại"
wujia_portal_sale,team,js_literal,custom/wujia_portal_sale/static/src/js/portal_cart_sync.js,191,Đã bỏ khỏi giỏ
wujia_portal_sale,team,js_literal,custom/wujia_portal_sale/static/src/js/portal_cart_sync.js,197,Lỗi kết nối
wujia_portal_sale,team,py_literal,custom/wujia_portal_sale/controllers/portal.py,59,Vui lòng chọn cửa hàng trước khi đặt hàng.
wujia_portal_sale,team,py_literal,custom/wujia_portal_sale/controllers/portal.py,60,Bạn không có quyền thao tác tại cửa hàng này.
wujia_portal_sale,team,py_literal,custom/wujia_portal_sale/controllers/portal.py,61,Tài khoản của bạn hiện không còn hiệu lực tại cửa hàng này.
wujia_portal_sale,team,py_literal,custom/wujia_portal_sale/controllers/portal.py,62,Chưa có cấu hình thời gian đặt hàng. Vui lòng liên hệ {brand}.
wujia_portal_sale,team,py_literal,custom/wujia_portal_sale/controllers/portal.py,63,Hiện ngoài khung giờ đặt hàng. Vui lòng gửi đơn trong thời gian cho phép.
wujia_portal_sale,team,py_literal,custom/wujia_portal_sale/controllers/portal.py,64,Sản phẩm này hiện không còn được phép đặt hàng.
wujia_portal_sale,team,py_literal,custom/wujia_portal_sale/controllers/portal.py,65,Sản phẩm chưa được cấu hình số lượng đặt tối thiểu. Vui lòng liên hệ {brand}.
wujia_portal_sale,team,py_literal,custom/wujia_portal_sale/controllers/portal.py,66,Số lượng thấp hơn mức tối thiểu của sản phẩm.
wujia_portal_sale,team,py_literal,custom/wujia_portal_sale/controllers/portal.py,67,Số lượng vượt mức tối đa của sản phẩm.
wujia_portal_sale,team,py_literal,custom/wujia_portal_sale/controllers/portal.py,68,Số lượng phải tăng theo bước bằng số lượng tối thiểu.
wujia_portal_sale,team,py_literal,custom/wujia_portal_sale/controllers/portal.py,69,Giỏ hàng chưa có sản phẩm.
wujia_portal_sale,team,py_literal,custom/wujia_portal_sale/controllers/portal.py,70,Không thể tải giỏ hàng. Vui lòng thử lại.
wujia_portal_sale,team,py_literal,custom/wujia_portal_sale/controllers/portal.py,71,Một số sản phẩm trong giỏ không còn được phép đặt. Vui lòng kiểm tra lại.
wujia_portal_sale,team,py_literal,custom/wujia_portal_sale/controllers/portal.py,72,Số lượng một số sản phẩm chưa hợp lệ. Vui lòng kiểm tra lại.
wujia_portal_sale,team,py_literal,custom/wujia_portal_sale/controllers/portal.py,73,Giỏ hàng đang được một người dùng khác gửi đơn. Vui lòng thử lại sau.
wujia_portal_sale,team,py_literal,custom/wujia_portal_sale/controllers/portal.py,74,Cửa hàng chưa được cấu hình khách hàng đặt hàng. Vui lòng liên hệ {brand}.
wujia_portal_sale,team,py_literal,custom/wujia_portal_sale/controllers/portal.py,75,Không thể tạo đơn hàng. Vui lòng thử lại hoặc liên hệ {brand}.
wujia_portal_sale,team,py_literal,custom/wujia_portal_sale/controllers/portal.py,76,Không thể hoàn tất đơn hàng do đơn nháp cũ chưa được xử lý. Vui lòng thử lại.
wujia_portal_sale,team,py_literal,custom/wujia_portal_sale/controllers/portal.py,77,Không thể tải danh sách sản phẩm. Vui lòng thử lại.
wujia_portal_sale,team,py_literal,custom/wujia_portal_sale/controllers/portal.py,78,Dữ liệu gửi lên không hợp lệ.
wujia_portal_sale,team,py_literal,custom/wujia_portal_sale/controllers/portal.py,80,Vui lòng chọn cửa hàng trước khi đặt hàng.
wujia_portal_sale,team,py_literal,custom/wujia_portal_sale/controllers/portal.py,81,Giỏ hàng chưa có sản phẩm.
wujia_portal_sale,team,py_literal,custom/wujia_portal_sale/controllers/portal.py,82,Cửa hàng đang tạm khóa đặt hàng. Vui lòng liên hệ {brand}.
wujia_portal_sale,team,py_literal,custom/wujia_portal_sale/controllers/portal.py,83,Hiện ngoài khung giờ đặt hàng. Vui lòng gửi đơn trong thời gian cho phép.
wujia_portal_sale,team,py_literal,custom/wujia_portal_sale/controllers/portal.py,84,Có lỗi xảy ra. Vui lòng thử lại hoặc liên hệ {brand}.
wujia_portal_sale,team,py_literal,custom/wujia_portal_sale/controllers/portal.py,94,Số lượng tối thiểu của {name} là {limit}.
wujia_portal_sale,team,py_literal,custom/wujia_portal_sale/controllers/portal.py,95,Số lượng của {name} phải tăng theo bước {limit}.
wujia_portal_sale,team,py_literal,custom/wujia_portal_sale/controllers/portal.py,96,Số lượng tối đa của {name} là {limit}.
wujia_portal_sale,team,py_literal,custom/wujia_portal_sale/controllers/portal.py,100,Đã gửi đơn đặt hàng thành công.
wujia_portal_sale,team,py_literal,custom/wujia_portal_sale/controllers/portal.py,105,Sản phẩm không còn được phép đặt.
wujia_portal_sale,team,py_literal,custom/wujia_portal_sale/controllers/portal.py,106,Sản phẩm chưa cấu hình số lượng tối thiểu.
wujia_portal_sale,team,py_literal,custom/wujia_portal_sale/controllers/portal.py,107,Số lượng chưa hợp lệ (min/bước/max).
wujia_portal_sale,team,py_literal,custom/wujia_portal_sale/controllers/portal.py,141,hôm nay –
wujia_portal_sale,team,py_literal,custom/wujia_portal_sale/controllers/portal.py,141,ngày mai (
wujia_portal_sale,team,py_literal,custom/wujia_portal_sale/controllers/portal.py,320,đ
wujia_portal_sale,team,py_literal,custom/wujia_portal_sale/controllers/portal.py,454,sản phẩm
wujia_portal_sale,team,py_literal,custom/wujia_portal_sale/controllers/portal.py,605,Số lượng tối đa của
wujia_portal_sale,team,py_literal,custom/wujia_portal_sale/controllers/portal.py,605,là
wujia_portal_sale,team,py_literal,custom/wujia_portal_sale/controllers/portal.py,707,Số lượng tối đa của
wujia_portal_sale,team,py_literal,custom/wujia_portal_sale/controllers/portal.py,707,là
wujia_portal_sale,team,py_literal,custom/wujia_portal_sale/controllers/portal.py,581,Số lượng của
wujia_portal_sale,team,py_literal,custom/wujia_portal_sale/controllers/portal.py,581,phải là số nguyên.
wujia_portal_sale,team,py_literal,custom/wujia_portal_sale/controllers/portal.py,873,Ngày
wujia_portal_sale,team,py_literal,custom/wujia_portal_sale/controllers/portal.py,873,"Hôm nay,"
wujia_portal_sale,team,qweb_text,custom/wujia_portal_sale/views/portal_order_product_detail.xml,6,Chi tiết sản phẩm
wujia_portal_sale,team,qweb_text,custom/wujia_portal_sale/views/portal_order_product_detail.xml,13,Đặt hàng / Chi tiết sản phẩm
wujia_portal_sale,team,qweb_text,custom/wujia_portal_sale/views/portal_order_product_detail.xml,39,Nhóm:
wujia_portal_sale,team,qweb_text,custom/wujia_portal_sale/views/portal_order_product_detail.xml,42,• Quy cách:
wujia_portal_sale,team,qweb_text,custom/wujia_portal_sale/views/portal_order_product_detail.xml,51,Tối thiểu:
wujia_portal_sale,team,qweb_text,custom/wujia_portal_sale/views/portal_order_product_detail.xml,53,• Tối đa:
wujia_portal_sale,team,qweb_text,custom/wujia_portal_sale/views/portal_order_product_detail.xml,53,• Bước đặt:
wujia_portal_sale,team,qweb_text,custom/wujia_portal_sale/views/portal_order_product_detail.xml,58,Số lượng
wujia_portal_sale,team,qweb_text,custom/wujia_portal_sale/views/portal_order_product_detail.xml,71,Thêm vào giỏ
wujia_portal_sale,team,qweb_text,custom/wujia_portal_sale/views/portal_order_product_detail.xml,74,Xem giỏ
wujia_portal_sale,team,qweb_text,custom/wujia_portal_sale/views/portal_order_product_detail.xml,83,Sản phẩm liên quan
wujia_portal_sale,team,qweb_text,custom/wujia_portal_sale/views/pc_cart_panel.xml,12,Giỏ hàng
wujia_portal_sale,team,qweb_text,custom/wujia_portal_sale/views/pc_cart_panel.xml,17,mặt hàng
wujia_portal_sale,team,qweb_text,custom/wujia_portal_sale/views/pc_cart_panel.xml,27,Đang trong khung giờ đặt hàng:
wujia_portal_sale,team,qweb_text,custom/wujia_portal_sale/views/pc_cart_panel.xml,28,Ngoài khung giờ — mở lại lúc
wujia_portal_sale,team,qweb_text,custom/wujia_portal_sale/views/pc_cart_panel.xml,34,Giỏ hàng trống
wujia_portal_sale,team,qweb_text,custom/wujia_portal_sale/views/pc_cart_panel.xml,35,Tiếp tục mua hàng
wujia_portal_sale,team,qweb_text,custom/wujia_portal_sale/views/pc_cart_panel.xml,44,Sản phẩm
wujia_portal_sale,team,qweb_text,custom/wujia_portal_sale/views/pc_cart_panel.xml,45,Đơn giá
wujia_portal_sale,team,qweb_text,custom/wujia_portal_sale/views/pc_cart_panel.xml,47,Thành tiền
wujia_portal_sale,team,qweb_attr,custom/wujia_portal_sale/views/pc_cart_panel.xml,70,"aria-label=""Giảm"""
wujia_portal_sale,team,qweb_attr,custom/wujia_portal_sale/views/pc_cart_panel.xml,73,"aria-label=""Tăng"""
wujia_portal_sale,team,qweb_attr,custom/wujia_portal_sale/views/pc_cart_panel.xml,81,"aria-label=""Xóa sản phẩm khỏi giỏ"""
wujia_portal_sale,team,qweb_attr,custom/wujia_portal_sale/views/pc_cart_panel.xml,81,"title=""Xóa sản phẩm khỏi giỏ"""
wujia_portal_sale,team,qweb_text,custom/wujia_portal_sale/views/pc_cart_panel.xml,99,Ghi chú đơn hàng
wujia_portal_sale,team,qweb_text,custom/wujia_portal_sale/views/pc_cart_panel.xml,102,Nhập ghi chú cho {brand} nếu cần
wujia_portal_sale,team,qweb_text,custom/wujia_portal_sale/views/pc_cart_panel.xml,109,Tổng số lượng
wujia_portal_sale,team,qweb_text,custom/wujia_portal_sale/views/pc_cart_panel.xml,115,Tạm tính
wujia_portal_sale,team,qweb_text,custom/wujia_portal_sale/views/pc_cart_panel.xml,119,Thuế
wujia_portal_sale,team,qweb_text,custom/wujia_portal_sale/views/pc_cart_panel.xml,123,Tổng thanh toán
wujia_portal_sale,team,qweb_text,custom/wujia_portal_sale/views/pc_cart_panel.xml,135,Gửi đơn đặt hàng
wujia_portal_sale,team,qweb_text,custom/wujia_portal_sale/views/pc_cart_panel.xml,137,"Ngoài khung giờ — vẫn sửa được giỏ, gửi lại lúc"
wujia_portal_sale,team,qweb_attr,custom/wujia_portal_sale/views/bottomnav_inherit.xml,8,"name=""Wujia Mobile — tab Đặt hàng"""
wujia_portal_sale,team,qweb_text,custom/wujia_portal_sale/views/bottomnav_inherit.xml,18,Đặt hàng
wujia_portal_sale,team,qweb_attr,custom/wujia_portal_sale/views/order_confirm_modal.xml,11,"name=""Wujia Portal — Xác nhận gửi đơn"""
wujia_portal_sale,team,qweb_text,custom/wujia_portal_sale/views/order_confirm_modal.xml,15,Xác nhận gửi đơn
wujia_portal_sale,team,qweb_text,custom/wujia_portal_sale/views/order_confirm_modal.xml,16,Kiểm tra lại thông tin trước khi gửi đơn cho {brand}.
wujia_portal_sale,team,qweb_text,custom/wujia_portal_sale/views/order_confirm_modal.xml,18,Giỏ hàng vừa thay đổi. Vui lòng kiểm tra lại trước khi gửi.
wujia_portal_sale,team,qweb_text,custom/wujia_portal_sale/views/order_confirm_modal.xml,24,Cửa hàng
wujia_portal_sale,team,qweb_text,custom/wujia_portal_sale/views/order_confirm_modal.xml,28,Số mặt hàng
wujia_portal_sale,team,qweb_text,custom/wujia_portal_sale/views/order_confirm_modal.xml,32,Tổng số lượng
wujia_portal_sale,team,qweb_text,custom/wujia_portal_sale/views/order_confirm_modal.xml,36,Tổng thanh toán
wujia_portal_sale,team,qweb_text,custom/wujia_portal_sale/views/order_confirm_modal.xml,40,Ghi chú
wujia_portal_sale,team,qweb_text,custom/wujia_portal_sale/views/order_confirm_modal.xml,45,Hủy
wujia_portal_sale,team,qweb_text,custom/wujia_portal_sale/views/order_confirm_modal.xml,46,Xác nhận gửi đơn
wujia_portal_sale,team,qweb_attr,custom/wujia_portal_sale/views/header_cart_inherit.xml,11,"aria-label=""Giỏ hàng"""
wujia_portal_sale,team,qweb_attr,custom/wujia_portal_sale/views/header_cart_inherit.xml,11,"title=""Giỏ hàng"""
wujia_portal_sale,team,qweb_attr,custom/wujia_portal_sale/views/sidenav_inherit.xml,9,"name=""Wujia Sidenav — Đặt hàng"""
wujia_portal_sale,team,qweb_text,custom/wujia_portal_sale/views/sidenav_inherit.xml,16,Đặt hàng
wujia_portal_sale,team,qweb_text,custom/wujia_portal_sale/views/portal_order_catalog.xml,19,Danh sách sản phẩm
wujia_portal_sale,team,qweb_text,custom/wujia_portal_sale/views/portal_order_catalog.xml,23,sản phẩm
wujia_portal_sale,team,qweb_text,custom/wujia_portal_sale/views/portal_order_catalog.xml,28,Không có sản phẩm phù hợp.
wujia_portal_sale,team,qweb_text,custom/wujia_portal_sale/views/portal_order_catalog.xml,34,Sản phẩm
wujia_portal_sale,team,qweb_text,custom/wujia_portal_sale/views/portal_order_catalog.xml,35,Quy cách
wujia_portal_sale,team,qweb_text,custom/wujia_portal_sale/views/portal_order_catalog.xml,36,ĐVT
wujia_portal_sale,team,qweb_text,custom/wujia_portal_sale/views/portal_order_catalog.xml,37,Đơn giá
wujia_portal_sale,team,qweb_text,custom/wujia_portal_sale/views/portal_order_catalog.xml,38,Thao tác
wujia_portal_sale,team,qweb_attr,custom/wujia_portal_sale/views/portal_order_catalog.xml,64,"aria-label=""Thêm vào giỏ"""
wujia_portal_sale,team,qweb_text,custom/wujia_portal_sale/views/portal_order_catalog.xml,93,Tất cả
wujia_portal_sale,team,qweb_text,custom/wujia_portal_sale/views/portal_order_catalog.xml,104,Danh sách sản phẩm
wujia_portal_sale,team,qweb_text,custom/wujia_portal_sale/views/portal_order_catalog.xml,108,sản phẩm
wujia_portal_sale,team,qweb_text,custom/wujia_portal_sale/views/portal_order_catalog.xml,115,Không có sản phẩm phù hợp.
wujia_portal_sale,team,qweb_expr,custom/wujia_portal_sale/views/portal_order_catalog.xml,153,"t-att-aria-label=""'Thêm ' + product.name + ' vào giỏ'"""
wujia_portal_sale,team,qweb_expr,custom/wujia_portal_sale/views/portal_order_catalog.xml,157,"t-att-aria-label=""'Điều chỉnh số lượng ' + product.name"""
wujia_portal_sale,team,qweb_expr,custom/wujia_portal_sale/views/portal_order_catalog.xml,159,"t-att-aria-label=""'Giảm ' + product.name"""
wujia_portal_sale,team,qweb_expr,custom/wujia_portal_sale/views/portal_order_catalog.xml,161,"t-att-aria-label=""'Số lượng ' + product.name"""
wujia_portal_sale,team,qweb_expr,custom/wujia_portal_sale/views/portal_order_catalog.xml,163,"t-att-aria-label=""'Tăng ' + product.name"""
wujia_portal_sale,team,qweb_text,custom/wujia_portal_sale/views/portal_order_catalog.xml,194,Đặt hàng
wujia_portal_sale,team,qweb_text,custom/wujia_portal_sale/views/portal_order_catalog.xml,211,Bạn chưa được gán vào cửa hàng nào — không thể đặt hàng.
wujia_portal_sale,team,qweb_text,custom/wujia_portal_sale/views/portal_order_catalog.xml,218,Đặt hàng
wujia_portal_sale,team,qweb_text,custom/wujia_portal_sale/views/portal_order_catalog.xml,229,Chưa có cấu hình thời gian đặt hàng. Vui lòng liên hệ {brand}.
wujia_portal_sale,team,qweb_expr,custom/wujia_portal_sale/views/portal_order_catalog.xml,245,"t-value=""{'name': 'keyword', 'value': keyword, 'placeholder': 'Tìm theo tên sản phẩm, mã hàng...'}"""
wujia_portal_sale,team,qweb_expr,custom/wujia_portal_sale/views/portal_order_catalog.xml,251,"t-value=""[{'name': 'category_id', 'value': category_id, 'label': 'Danh mục', 'all_label': 'Tất cả danh mục', 'auto': True, 'options': [(c.id"
wujia_portal_sale,team,qweb_text,custom/wujia_portal_sale/views/portal_order_catalog.xml,272,Bạn chưa được gán vào cửa hàng nào — không thể đặt hàng.
wujia_portal_sale,team,qweb_text,custom/wujia_portal_sale/views/portal_order_catalog.xml,282,Đặt hàng
wujia_portal_sale,team,qweb_text,custom/wujia_portal_sale/views/portal_order_catalog.xml,299,Đang trong khung giờ đặt hàng:
wujia_portal_sale,team,qweb_text,custom/wujia_portal_sale/views/portal_order_catalog.xml,300,Ngoài khung giờ đặt hàng — mở lại lúc
wujia_portal_sale,team,qweb_attr,custom/wujia_portal_sale/views/portal_order_catalog.xml,309,"placeholder=""Nhập tên sản phẩm cần tìm"""
wujia_portal_sale,team,qweb_attr,custom/wujia_portal_sale/views/portal_order_catalog.xml,316,"aria-label=""Tìm sản phẩm"""
wujia_portal_sale,team,qweb_text,custom/wujia_portal_sale/views/portal_order_catalog.xml,337,Giỏ hàng
wujia_portal_sale,team,qweb_text,custom/wujia_portal_sale/views/portal_order_catalog.xml,340,mặt hàng •
wujia_portal_sale,team,qweb_text,custom/wujia_portal_sale/views/portal_order_catalog.xml,348,Xem giỏ
wujia_portal_sale,team,qweb_text,custom/wujia_portal_sale/views/portal_order_cart.xml,12,Giỏ hàng
wujia_portal_sale,team,qweb_text,custom/wujia_portal_sale/views/portal_order_cart.xml,22,0 sản phẩm
wujia_portal_sale,team,qweb_text,custom/wujia_portal_sale/views/portal_order_cart.xml,26,Tiếp tục chọn sản phẩm
wujia_portal_sale,team,qweb_text,custom/wujia_portal_sale/views/portal_order_cart.xml,30,Giỏ hàng đang trống
wujia_portal_sale,team,qweb_text,custom/wujia_portal_sale/views/portal_order_cart.xml,31,Bạn chưa chọn sản phẩm nào.
wujia_portal_sale,team,qweb_text,custom/wujia_portal_sale/views/portal_order_cart.xml,32,Hãy thêm sản phẩm để tạo đơn đặt hàng.
wujia_portal_sale,team,qweb_text,custom/wujia_portal_sale/views/portal_order_cart.xml,33,Chọn sản phẩm
wujia_portal_sale,team,qweb_text,custom/wujia_portal_sale/views/portal_order_cart.xml,42,Đang trong khung giờ đặt hàng:
wujia_portal_sale,team,qweb_text,custom/wujia_portal_sale/views/portal_order_cart.xml,43,Ngoài khung giờ — mở lại lúc
wujia_portal_sale,team,qweb_text,custom/wujia_portal_sale/views/portal_order_cart.xml,48,Sản phẩm trong giỏ
wujia_portal_sale,team,qweb_text,custom/wujia_portal_sale/views/portal_order_cart.xml,52,mặt hàng
wujia_portal_sale,team,qweb_text,custom/wujia_portal_sale/views/portal_order_cart.xml,68,• Đơn giá
wujia_portal_sale,team,qweb_text,custom/wujia_portal_sale/views/portal_order_cart.xml,87,Thành tiền
wujia_portal_sale,team,qweb_attr,custom/wujia_portal_sale/views/portal_order_cart.xml,96,"aria-label=""Xóa sản phẩm khỏi giỏ"""
wujia_portal_sale,team,qweb_attr,custom/wujia_portal_sale/views/portal_order_cart.xml,96,"title=""Xóa sản phẩm khỏi giỏ"""
wujia_portal_sale,team,qweb_text,custom/wujia_portal_sale/views/portal_order_cart.xml,117,Ghi chú đơn hàng
wujia_portal_sale,team,qweb_text,custom/wujia_portal_sale/views/portal_order_cart.xml,118,Nhập ghi chú cho {brand} nếu cần
wujia_portal_sale,team,qweb_text,custom/wujia_portal_sale/views/portal_order_cart.xml,130,Tạm tính
wujia_portal_sale,team,qweb_text,custom/wujia_portal_sale/views/portal_order_cart.xml,134,Thuế
wujia_portal_sale,team,qweb_text,custom/wujia_portal_sale/views/portal_order_cart.xml,138,Tổng thanh toán
wujia_portal_sale,team,qweb_text,custom/wujia_portal_sale/views/portal_order_cart.xml,144,Tổng số lượng
wujia_portal_sale,team,qweb_text,custom/wujia_portal_sale/views/portal_order_cart.xml,153,Gửi đơn đặt hàng
wujia_portal_sale,team,qweb_text,custom/wujia_portal_sale/views/portal_order_cart.xml,154,Ngoài khung giờ — gửi lại lúc
wujia_portal_sale,team,qweb_text,custom/wujia_portal_sale/views/portal_order_cart.xml,166,Giỏ hàng
wujia_portal_sale,team,qweb_text,custom/wujia_portal_sale/views/portal_order_cart.xml,176,Đặt hàng / Giỏ hàng
wujia_portal_sale,team,qweb_text,custom/wujia_portal_sale/views/portal_order_cart.xml,177,Giỏ hàng
wujia_portal_sale,team,qweb_text,custom/wujia_portal_sale/views/portal_order_cart.xml,208,Đang tạo đơn...
wujia_portal_sale,team,qweb_text,custom/wujia_portal_sale/views/portal_order_cart.xml,209,Vui lòng không đóng màn hình.
wujia_portal_sale,team,qweb_text,custom/wujia_portal_sale/views/portal_order_cart.xml,210,Hệ thống đang xử lý yêu cầu.
wujia_portal_sale,team,qweb_attr,custom/wujia_portal_sale/views/mheader_inherit.xml,10,"name=""Wujia Mobile Header — nút giỏ hàng"""
wujia_portal_sale,team,qweb_attr,custom/wujia_portal_sale/views/mheader_inherit.xml,12,"aria-label=""Giỏ hàng"""
wujia_portal_sale,team,qweb_text,custom/wujia_portal_sale/views/portal_order_result.xml,39,Đặt hàng thành công
wujia_portal_sale,team,qweb_expr,custom/wujia_portal_sale/views/portal_order_result.xml,42,"t-value=""'Đặt hàng'"""
wujia_portal_sale,team,qweb_expr,custom/wujia_portal_sale/views/portal_order_result.xml,44,"t-value=""'Đặt hàng thành công'"""
wujia_portal_sale,team,qweb_expr,custom/wujia_portal_sale/views/portal_order_result.xml,45,"t-value=""'Đơn hàng đã được tạo và đang chờ %s xác nhận.' % wj_brand['name']"""
wujia_portal_sale,team,qweb_text,custom/wujia_portal_sale/views/portal_order_result.xml,50,Mã đơn hàng
wujia_portal_sale,team,qweb_text,custom/wujia_portal_sale/views/portal_order_result.xml,54,Thời gian đặt
wujia_portal_sale,team,qweb_text,custom/wujia_portal_sale/views/portal_order_result.xml,62,Tạm tính
wujia_portal_sale,team,qweb_text,custom/wujia_portal_sale/views/portal_order_result.xml,66,Thuế
wujia_portal_sale,team,qweb_text,custom/wujia_portal_sale/views/portal_order_result.xml,72,Tổng thanh toán
wujia_portal_sale,team,qweb_text,custom/wujia_portal_sale/views/portal_order_result.xml,73,Tổng tiền
wujia_portal_sale,team,qweb_text,custom/wujia_portal_sale/views/portal_order_result.xml,79,Trạng thái
wujia_portal_sale,team,qweb_text,custom/wujia_portal_sale/views/portal_order_result.xml,87,Xem chi tiết đơn hàng
wujia_portal_sale,team,qweb_text,custom/wujia_portal_sale/views/portal_order_result.xml,90,Tiếp tục chọn sản phẩm
wujia_portal_sale,team,qweb_text,custom/wujia_portal_sale/views/portal_order_result.xml,102,Không thể gửi đơn
wujia_portal_sale,team,qweb_expr,custom/wujia_portal_sale/views/portal_order_result.xml,105,"t-value=""'Không thể gửi đơn'"""
wujia_portal_sale,team,qweb_expr,custom/wujia_portal_sale/views/portal_order_result.xml,107,"t-value=""'Ngoài khung giờ đặt hàng'"""
wujia_portal_sale,team,qweb_expr,custom/wujia_portal_sale/views/portal_order_result.xml,108,"t-value=""'Đơn hàng chưa được tạo.'"""
wujia_portal_sale,team,qweb_expr,custom/wujia_portal_sale/views/portal_order_result.xml,109,"t-value=""'Giỏ hàng của bạn vẫn được giữ nguyên.'"""
wujia_portal_sale,team,qweb_text,custom/wujia_portal_sale/views/portal_order_result.xml,115,Khung giờ đặt hàng tiếp theo
wujia_portal_sale,team,qweb_text,custom/wujia_portal_sale/views/portal_order_result.xml,127,Bạn vẫn có thể chỉnh sửa sản phẩm
wujia_portal_sale,team,qweb_text,custom/wujia_portal_sale/views/portal_order_result.xml,128,trong giỏ hàng.
wujia_portal_sale,team,qweb_text,custom/wujia_portal_sale/views/portal_order_result.xml,132,Quay lại giỏ hàng
wujia_portal_sale,team,qweb_text,custom/wujia_portal_sale/views/portal_order_result.xml,133,Tiếp tục chọn sản phẩm
wujia_portal_support,team,py_literal,custom/wujia_portal_support/__manifest__.py,5,Màn yêu cầu hỗ trợ trên portal cửa hàng — nghiệp vụ ở wujia_support (F10)
wujia_portal_support,team,test,custom/wujia_portal_support/tests/test_f5_nav_item.py,23,"<t t-set=""ni_label"">Hỗ trợ</t>"
wujia_portal_support,team,test,custom/wujia_portal_support/tests/test_portal_support_f10.py,34,F10 của tôi
wujia_portal_support,team,test,custom/wujia_portal_support/tests/test_portal_support_f10.py,35,F10 đã huỷ
wujia_portal_support,team,test,custom/wujia_portal_support/tests/test_portal_support_f10.py,36,F10 của nhân viên
wujia_portal_support,team,test,custom/wujia_portal_support/tests/test_portal_support_f10.py,52,Đã gửi ảnh
wujia_portal_support,team,test,custom/wujia_portal_support/tests/test_portal_support_f10.py,59,link tải ở cả PC lẫn mobile
wujia_portal_support,team,test,custom/wujia_portal_support/tests/test_portal_support_f10.py,60,F10 ghi chú nội bộ
wujia_portal_support,team,test,custom/wujia_portal_support/tests/test_portal_support_f10.py,16,F10 của tôi
wujia_portal_support,team,test,custom/wujia_portal_support/tests/test_portal_support_f10.py,17,F10 đã huỷ
wujia_portal_support,team,test,custom/wujia_portal_support/tests/test_portal_support_f10.py,19,F10 của nhân viên
wujia_portal_support,team,test,custom/wujia_portal_support/tests/test_portal_support_f10.py,25,F10 ghi chú nội bộ
wujia_portal_support,team,test,custom/wujia_portal_support/tests/test_portal_support_f10.py,49,Đã gửi ảnh
wujia_portal_support,team,test,custom/wujia_portal_support/tests/test_portal_support_f10.py,76,lạc cửa hàng
wujia_portal_support,team,py_literal,custom/wujia_portal_support/controllers/portal.py,33,Mới
wujia_portal_support,team,py_literal,custom/wujia_portal_support/controllers/portal.py,34,Đang xử lý
wujia_portal_support,team,py_literal,custom/wujia_portal_support/controllers/portal.py,35,Có phản hồi
wujia_portal_support,team,py_literal,custom/wujia_portal_support/controllers/portal.py,36,Đã giải quyết
wujia_portal_support,team,py_literal,custom/wujia_portal_support/controllers/portal.py,37,Đã đóng
wujia_portal_support,team,py_literal,custom/wujia_portal_support/controllers/portal.py,38,Đã huỷ
wujia_portal_support,team,py_literal,custom/wujia_portal_support/controllers/portal.py,42,Bình thường
wujia_portal_support,team,py_literal,custom/wujia_portal_support/controllers/portal.py,43,Khẩn
wujia_portal_support,team,py_literal,custom/wujia_portal_support/controllers/portal.py,82,yêu cầu
wujia_portal_support,team,py_literal,custom/wujia_portal_support/controllers/portal.py,22,Mới
wujia_portal_support,team,py_literal,custom/wujia_portal_support/controllers/portal.py,23,Đang xử lý
wujia_portal_support,team,py_literal,custom/wujia_portal_support/controllers/portal.py,24,Chờ phản hồi
wujia_portal_support,team,py_literal,custom/wujia_portal_support/controllers/portal.py,25,Đã giải quyết
wujia_portal_support,team,py_literal,custom/wujia_portal_support/controllers/portal.py,26,Đã đóng
wujia_portal_support,team,py_literal,custom/wujia_portal_support/controllers/portal.py,27,Đã huỷ
wujia_portal_support,team,qweb_attr,custom/wujia_portal_support/views/bottomnav_inherit.xml,8,"name=""Wujia Mobile — sheet Thêm: Hỗ trợ"""
wujia_portal_support,team,qweb_text,custom/wujia_portal_support/views/bottomnav_inherit.xml,13,Hỗ trợ
wujia_portal_support,team,qweb_text,custom/wujia_portal_support/views/bottomnav_inherit.xml,14,Gửi ticket và xem phản hồi từ {brand}
wujia_portal_support,team,qweb_text,custom/wujia_portal_support/views/portal_support.xml,8,Yêu cầu hỗ trợ
wujia_portal_support,team,qweb_text,custom/wujia_portal_support/views/portal_support.xml,18,Hỗ trợ
wujia_portal_support,team,qweb_expr,custom/wujia_portal_support/views/portal_support.xml,30,"t-value=""[{'name': 'state', 'value': state, 'label': 'Trạng thái', 'all_label': 'Tất cả trạng thái', 'options': [(kv[0], kv[1][0]) for kv in"
wujia_portal_support,team,qweb_text,custom/wujia_portal_support/views/portal_support.xml,41,Yêu cầu hỗ trợ đang mở
wujia_portal_support,team,qweb_text,custom/wujia_portal_support/views/portal_support.xml,56,Bạn chưa có ticket nào.
wujia_portal_support,team,qweb_text,custom/wujia_portal_support/views/portal_support.xml,56,Gửi yêu cầu hỗ trợ
wujia_portal_support,team,qweb_text,custom/wujia_portal_support/views/portal_support.xml,61,Mã yêu cầu
wujia_portal_support,team,qweb_text,custom/wujia_portal_support/views/portal_support.xml,62,Tiêu đề
wujia_portal_support,team,qweb_text,custom/wujia_portal_support/views/portal_support.xml,63,Phân loại
wujia_portal_support,team,qweb_text,custom/wujia_portal_support/views/portal_support.xml,64,Cửa hàng
wujia_portal_support,team,qweb_text,custom/wujia_portal_support/views/portal_support.xml,65,Ngày tạo
wujia_portal_support,team,qweb_text,custom/wujia_portal_support/views/portal_support.xml,66,Ưu tiên
wujia_portal_support,team,qweb_text,custom/wujia_portal_support/views/portal_support.xml,67,Trạng thái
wujia_portal_support,team,qweb_text,custom/wujia_portal_support/views/portal_support.xml,110,Hỗ trợ
wujia_portal_support,team,qweb_text,custom/wujia_portal_support/views/portal_support.xml,119,Chưa có yêu cầu hỗ trợ
wujia_portal_support,team,qweb_text,custom/wujia_portal_support/views/portal_support.xml,120,Hiện chưa có ticket nào để hiển thị.
wujia_portal_support,team,qweb_text,custom/wujia_portal_support/views/portal_support.xml,121,Tạo ticket đầu tiên để Wujia tiếp nhận xử lý.
wujia_portal_support,team,qweb_text,custom/wujia_portal_support/views/portal_support.xml,123,Tạo ticket
wujia_portal_support,team,qweb_expr,custom/wujia_portal_support/views/portal_support.xml,133,"t-value=""{'name': 'q', 'value': q or '', 'placeholder': 'Tìm mã / tiêu đề ticket'}"""
wujia_portal_support,team,qweb_text,custom/wujia_portal_support/views/portal_support.xml,140,Tất cả
wujia_portal_support,team,qweb_text,custom/wujia_portal_support/views/portal_support.xml,142,Mới
wujia_portal_support,team,qweb_text,custom/wujia_portal_support/views/portal_support.xml,144,Đang xử lý
wujia_portal_support,team,qweb_text,custom/wujia_portal_support/views/portal_support.xml,146,Có phản hồi
wujia_portal_support,team,qweb_text,custom/wujia_portal_support/views/portal_support.xml,155,Không tìm thấy ticket
wujia_portal_support,team,qweb_text,custom/wujia_portal_support/views/portal_support.xml,156,Không có ticket khớp bộ lọc hiện tại.
wujia_portal_support,team,qweb_text,custom/wujia_portal_support/views/portal_support.xml,157,Thử đổi từ khóa hoặc bỏ bộ lọc.
wujia_portal_support,team,qweb_text,custom/wujia_portal_support/views/portal_support.xml,158,Xóa lọc
wujia_portal_support,team,qweb_text,custom/wujia_portal_support/views/portal_support.xml,204,Tạo yêu cầu hỗ trợ
wujia_portal_support,team,qweb_text,custom/wujia_portal_support/views/portal_support.xml,210,Hỗ trợ / Tạo yêu cầu
wujia_portal_support,team,qweb_text,custom/wujia_portal_support/views/portal_support.xml,211,Tạo yêu cầu hỗ trợ
wujia_portal_support,team,qweb_text,custom/wujia_portal_support/views/portal_support.xml,223,Cửa hàng
wujia_portal_support,team,qweb_text,custom/wujia_portal_support/views/portal_support.xml,233,Phân loại
wujia_portal_support,team,qweb_text,custom/wujia_portal_support/views/portal_support.xml,243,Mức độ
wujia_portal_support,team,qweb_text,custom/wujia_portal_support/views/portal_support.xml,245,Bình thường
wujia_portal_support,team,qweb_text,custom/wujia_portal_support/views/portal_support.xml,246,Khẩn
wujia_portal_support,team,qweb_text,custom/wujia_portal_support/views/portal_support.xml,252,Tiêu đề
wujia_portal_support,team,qweb_attr,custom/wujia_portal_support/views/portal_support.xml,254,"placeholder=""VD: Không đặt được đơn hàng số ..."""
wujia_portal_support,team,qweb_text,custom/wujia_portal_support/views/portal_support.xml,259,Mô tả chi tiết
wujia_portal_support,team,qweb_attr,custom/wujia_portal_support/views/portal_support.xml,261,"placeholder=""Mô tả chi tiết tình huống, các bước đã thử, screenshot..."""
wujia_portal_support,team,qweb_text,custom/wujia_portal_support/views/portal_support.xml,266,File đính kèm (tùy chọn)
wujia_portal_support,team,qweb_text,custom/wujia_portal_support/views/portal_support.xml,272,Hủy
wujia_portal_support,team,qweb_text,custom/wujia_portal_support/views/portal_support.xml,274,Gửi yêu cầu
wujia_portal_support,team,qweb_text,custom/wujia_portal_support/views/portal_support.xml,288,Tạo yêu cầu hỗ trợ
wujia_portal_support,team,qweb_text,custom/wujia_portal_support/views/portal_support.xml,299,Thông tin ticket
wujia_portal_support,team,qweb_text,custom/wujia_portal_support/views/portal_support.xml,304,Loại yêu cầu
wujia_portal_support,team,qweb_text,custom/wujia_portal_support/views/portal_support.xml,306,Chọn loại yêu cầu
wujia_portal_support,team,qweb_text,custom/wujia_portal_support/views/portal_support.xml,312,Tiêu đề
wujia_portal_support,team,qweb_attr,custom/wujia_portal_support/views/portal_support.xml,314,"placeholder=""Nhập tiêu đề ngắn gọn"""
wujia_portal_support,team,qweb_text,custom/wujia_portal_support/views/portal_support.xml,316,Nội dung chi tiết
wujia_portal_support,team,qweb_attr,custom/wujia_portal_support/views/portal_support.xml,318,"placeholder=""Mô tả vấn đề cần hỗ trợ, thời điểm phát sinh và mã chứng từ liên quan nếu có."""
wujia_portal_support,team,qweb_text,custom/wujia_portal_support/views/portal_support.xml,320,Mức độ ưu tiên
wujia_portal_support,team,qweb_text,custom/wujia_portal_support/views/portal_support.xml,325,Bình thường
wujia_portal_support,team,qweb_text,custom/wujia_portal_support/views/portal_support.xml,328,Gấp
wujia_portal_support,team,qweb_text,custom/wujia_portal_support/views/portal_support.xml,331,Khẩn cấp
wujia_portal_support,team,qweb_text,custom/wujia_portal_support/views/portal_support.xml,335,Tệp đính kèm
wujia_portal_support,team,qweb_text,custom/wujia_portal_support/views/portal_support.xml,336,"Thêm ảnh / file lỗi — PNG, JPG, PDF — tối đa 5 tệp"
wujia_portal_support,team,qweb_attr,custom/wujia_portal_support/views/portal_support.xml,339,"aria-label=""Tệp đính kèm"""
wujia_portal_support,team,qweb_text,custom/wujia_portal_support/views/portal_support.xml,346,Cửa hàng
wujia_portal_support,team,qweb_text,custom/wujia_portal_support/views/portal_support.xml,355,Vui lòng điền đầy đủ thông tin bắt buộc.
wujia_portal_support,team,qweb_text,custom/wujia_portal_support/views/portal_support.xml,358,Cửa hàng không hợp lệ.
wujia_portal_support,team,qweb_text,custom/wujia_portal_support/views/portal_support.xml,361,Dữ liệu gửi lên không hợp lệ.
wujia_portal_support,team,qweb_text,custom/wujia_portal_support/views/portal_support.xml,364,"Tệp đính kèm chỉ nhận ảnh hoặc PDF, tối đa 6 tệp, mỗi tệp ≤ 5MB."
wujia_portal_support,team,qweb_text,custom/wujia_portal_support/views/portal_support.xml,368,Gửi yêu cầu hỗ trợ
wujia_portal_support,team,qweb_text,custom/wujia_portal_support/views/portal_support.xml,385,Hỗ trợ / Chi tiết yêu cầu hỗ trợ
wujia_portal_support,team,qweb_text,custom/wujia_portal_support/views/portal_support.xml,386,Chi tiết yêu cầu hỗ trợ
wujia_portal_support,team,qweb_text,custom/wujia_portal_support/views/portal_support.xml,397,Nội dung yêu cầu
wujia_portal_support,team,qweb_text,custom/wujia_portal_support/views/portal_support.xml,408,File đính kèm
wujia_portal_support,team,qweb_text,custom/wujia_portal_support/views/portal_support.xml,424,Trao đổi
wujia_portal_support,team,qweb_text,custom/wujia_portal_support/views/portal_support.xml,432,Chưa có trao đổi.
wujia_portal_support,team,qweb_attr,custom/wujia_portal_support/views/portal_support.xml,448,"placeholder=""Trả lời cho HQ..."""
wujia_portal_support,team,qweb_text,custom/wujia_portal_support/views/portal_support.xml,450,Gửi
wujia_portal_support,team,qweb_text,custom/wujia_portal_support/views/portal_support.xml,460,Thông tin
wujia_portal_support,team,qweb_text,custom/wujia_portal_support/views/portal_support.xml,468,Mã yêu cầu
wujia_portal_support,team,qweb_text,custom/wujia_portal_support/views/portal_support.xml,470,Tiêu đề
wujia_portal_support,team,qweb_text,custom/wujia_portal_support/views/portal_support.xml,472,Cửa hàng
wujia_portal_support,team,qweb_text,custom/wujia_portal_support/views/portal_support.xml,474,Phân loại
wujia_portal_support,team,qweb_text,custom/wujia_portal_support/views/portal_support.xml,476,Mức độ
wujia_portal_support,team,qweb_text,custom/wujia_portal_support/views/portal_support.xml,478,Ngày gửi
wujia_portal_support,team,qweb_text,custom/wujia_portal_support/views/portal_support.xml,480,Người xử lý
wujia_portal_support,team,qweb_text,custom/wujia_portal_support/views/portal_support.xml,482,Ngày giải quyết
wujia_portal_support,team,qweb_text,custom/wujia_portal_support/views/portal_support.xml,502,Chi tiết yêu cầu hỗ trợ
wujia_portal_support,team,qweb_text,custom/wujia_portal_support/views/portal_support.xml,526,Nhóm
wujia_portal_support,team,qweb_text,custom/wujia_portal_support/views/portal_support.xml,533,Ưu tiên
wujia_portal_support,team,qweb_text,custom/wujia_portal_support/views/portal_support.xml,541,Người gửi
wujia_portal_support,team,qweb_text,custom/wujia_portal_support/views/portal_support.xml,548,Ngày tạo
wujia_portal_support,team,qweb_text,custom/wujia_portal_support/views/portal_support.xml,563,File đính kèm
wujia_portal_support,team,qweb_text,custom/wujia_portal_support/views/portal_support.xml,590,Lịch sử trao đổi
wujia_portal_support,team,qweb_text,custom/wujia_portal_support/views/portal_support.xml,595,phản hồi
wujia_portal_support,team,qweb_text,custom/wujia_portal_support/views/portal_support.xml,600,Chưa có trao đổi nào.
wujia_portal_support,team,qweb_attr,custom/wujia_portal_support/views/portal_support.xml,618,"placeholder=""Nhập phản hồi thêm..."""
wujia_portal_support,team,qweb_text,custom/wujia_portal_support/views/portal_support.xml,620,Gửi
wujia_portal_support,team,qweb_attr,custom/wujia_portal_support/views/sidenav_inherit.xml,9,"name=""Wujia Sidenav — Hỗ trợ"""
wujia_portal_support,team,qweb_text,custom/wujia_portal_support/views/sidenav_inherit.xml,16,Hỗ trợ
wujia_return,team,py_literal,custom/wujia_return/__manifest__.py,5,"Đổi trả / bù hàng — yêu cầu 1 sản phẩm/phiếu, duyệt HQ, SO bù 0đ, theo dõi giao bù."
wujia_return,team,py_literal,custom/wujia_return/__manifest__.py,6,"Nghiệp vụ đổi trả / bù hàng. Tách từ wujia_portal_return (F13, ADR-027). - wujia.return.request (mã RTN/), wujia.return.issue.type, wujia.co"
wujia_return,team,test,custom/wujia_return/tests/test_portal_rules.py,96,Yêu cầu đã được gửi
wujia_return,team,test,custom/wujia_return/tests/test_portal_rules.py,100,Cửa hàng không truy cập được.
wujia_return,team,test,custom/wujia_return/tests/test_portal_rules.py,101,Đơn hàng không hợp lệ hoặc đã quá thời hạn 10 ngày.
wujia_return,team,test,custom/wujia_return/tests/test_portal_rules.py,102,Sản phẩm phải thuộc đơn hàng gốc của cửa hàng.
wujia_return,team,test,custom/wujia_return/tests/test_portal_rules.py,104,Vui lòng chọn loại lỗi.
wujia_return,team,test,custom/wujia_return/tests/test_portal_rules.py,105,Số lượng yêu cầu phải lớn hơn 0.
wujia_return,team,test,custom/wujia_return/tests/test_portal_rules.py,106,Vui lòng nhập thời gian mở hàng hợp lệ.
wujia_return,team,test,custom/wujia_return/tests/test_portal_rules.py,64,rác
wujia_return,team,test,custom/wujia_return/tests/test_portal_rules.py,122,thiếu ảnh mà vẫn gửi được
wujia_return,team,test,custom/wujia_return/tests/test_portal_rules.py,120,ít nhất 3 ảnh
wujia_return,team,test,custom/wujia_return/tests/test_compensation_wizard_d1.py,104,field readonly thiếu force_save → client sẽ bỏ
wujia_return,team,test,custom/wujia_return/tests/test_compensation_rules.py,53,chưa được cấu hình chính sách bù hàng
wujia_return,team,py_gettext,custom/wujia_return/models/sale_order.py,34,Đơn bù bị huỷ — quyền lợi đóng theo yêu cầu.
wujia_return,team,py_gettext,custom/wujia_return/models/sale_order.py,41,"Đơn bù đã bị huỷ. Nếu vẫn cần bù hàng, vui lòng tạo yêu cầu mới."
wujia_return,team,py_gettext,custom/wujia_return/models/product_product.py,56,Sản phẩm '%s' bật bù hàng phải có ĐVT quyền lợi.
wujia_return,team,py_gettext,custom/wujia_return/models/product_product.py,62,Sản phẩm '%s' theo chính sách cộng dồn phải có ĐVT giao bù.
wujia_return,team,py_gettext,custom/wujia_return/models/product_product.py,67,Sản phẩm '%s' theo chính sách cộng dồn phải có SL quyền lợi / đơn vị giao > 0.
wujia_return,team,py_gettext,custom/wujia_return/models/stock_picking.py,104,"Kho giao thiếu, hoàn lại để bù kỳ sau."
wujia_return,team,py_literal,custom/wujia_return/models/wujia_compensation_allocation.py,69,SL phân bổ phải lớn hơn 0.
wujia_return,team,py_literal,custom/wujia_return/models/wujia_compensation_allocation.py,73,SL đã giao không được âm.
wujia_return,team,py_literal,custom/wujia_return/models/wujia_compensation_allocation.py,77,SL hoàn lại không được âm.
wujia_return,team,py_literal,custom/wujia_return/models/wujia_compensation_allocation.py,81,Tổng đã giao + hoàn lại không được vượt SL phân bổ.
wujia_return,team,py_gettext,custom/wujia_return/models/wujia_compensation_allocation.py,97,Tổng phân bổ của yêu cầu '%s' vượt số lượng đã duyệt.
wujia_return,team,py_gettext,custom/wujia_return/models/wujia_return_issue_type.py,28,Mã loại lỗi '%s' đã tồn tại.
wujia_return,team,py_gettext,custom/wujia_return/models/wujia_return_request.py,421,Tệp không đúng định dạng hoặc vượt quá dung lượng cho phép.
wujia_return,team,py_gettext,custom/wujia_return/models/wujia_return_request.py,349,SO bù hàng
wujia_return,team,py_gettext,custom/wujia_return/models/wujia_return_request.py,398,Sản phẩm chưa được cấu hình chính sách bù hàng. Vui lòng liên hệ {brand}.
wujia_return,team,py_gettext,custom/wujia_return/models/wujia_return_request.py,417,Cần tải từ %(min)s đến %(max)s ảnh minh chứng.
wujia_return,team,py_gettext,custom/wujia_return/models/wujia_return_request.py,420,Chỉ được tải tối đa %s video minh chứng.
wujia_return,team,py_gettext,custom/wujia_return/models/wujia_return_request.py,428,Tổng dung lượng minh chứng không được vượt quá %s MB.
wujia_return,team,py_gettext,custom/wujia_return/models/wujia_return_request.py,438,Cửa hàng không truy cập được.
wujia_return,team,py_gettext,custom/wujia_return/models/wujia_return_request.py,445,Vui lòng chọn đơn hàng gốc và sản phẩm.
wujia_return,team,py_gettext,custom/wujia_return/models/wujia_return_request.py,449,Đơn hàng không hợp lệ hoặc đã quá thời hạn %s ngày.
wujia_return,team,py_gettext,custom/wujia_return/models/wujia_return_request.py,452,Sản phẩm phải thuộc đơn hàng gốc của cửa hàng.
wujia_return,team,py_gettext,custom/wujia_return/models/wujia_return_request.py,463,Vui lòng chọn loại lỗi.
wujia_return,team,py_gettext,custom/wujia_return/models/wujia_return_request.py,469,Số lượng yêu cầu phải lớn hơn 0.
wujia_return,team,py_gettext,custom/wujia_return/models/wujia_return_request.py,478,Vui lòng nhập thời gian mở hàng hợp lệ.
wujia_return,team,py_gettext,custom/wujia_return/models/wujia_return_request.py,248,Dòng sản phẩm phải thuộc đơn hàng gốc đã chọn.
wujia_return,team,py_gettext,custom/wujia_return/models/wujia_return_request.py,283,Cần ít nhất %s ảnh minh chứng trước khi gửi.
wujia_return,team,py_gettext,custom/wujia_return/models/wujia_return_request.py,286,Yêu cầu đã được gửi.
wujia_return,team,py_gettext,custom/wujia_return/models/wujia_return_request.py,296,Chỉ duyệt được yêu cầu đã gửi/đang xét.
wujia_return,team,py_gettext,custom/wujia_return/models/wujia_return_request.py,298,Nhập SL duyệt bù (> 0) trước khi duyệt.
wujia_return,team,py_gettext,custom/wujia_return/models/wujia_return_request.py,300,Chọn phương án xử lý trước khi duyệt.
wujia_return,team,py_gettext,custom/wujia_return/models/wujia_return_request.py,306,Yêu cầu đã được phê duyệt.
wujia_return,team,py_gettext,custom/wujia_return/models/wujia_return_request.py,311,Yêu cầu này không thể từ chối.
wujia_return,team,py_gettext,custom/wujia_return/models/wujia_return_request.py,313,Nhập lý do từ chối trước khi từ chối.
wujia_return,team,py_gettext,custom/wujia_return/models/wujia_return_request.py,315,Yêu cầu bị từ chối: %s
wujia_return,team,py_gettext,custom/wujia_return/models/wujia_return_request.py,320,Yêu cầu này không thể huỷ.
wujia_return,team,py_gettext,custom/wujia_return/models/wujia_return_request.py,322,Yêu cầu đã bị huỷ.
wujia_return,team,py_gettext,custom/wujia_return/models/wujia_return_request.py,328,Chỉ đánh dấu hoàn thành cho yêu cầu đã duyệt không phải bù hàng.
wujia_return,team,py_gettext,custom/wujia_return/models/wujia_return_request.py,330,Yêu cầu đã hoàn tất.
wujia_return,team,py_gettext,custom/wujia_return/models/wujia_return_request.py,436,Cửa hàng không hợp lệ.
wujia_return,team,py_gettext,custom/wujia_return/models/wujia_return_request.py,443,Đơn hàng / sản phẩm không hợp lệ.
wujia_return,team,py_gettext,custom/wujia_return/models/wujia_return_request.py,343,Đã bù đủ số lượng — yêu cầu hoàn tất.
wujia_return,team,py_gettext,custom/wujia_return/wizards/compensation_process_wizard.py,334,SO bù hàng
wujia_return,team,py_gettext,custom/wujia_return/wizards/compensation_process_wizard.py,51,Không thể quy đổi '%s' ↔ '%s' (khác nhóm đơn vị).
wujia_return,team,py_gettext,custom/wujia_return/wizards/compensation_process_wizard.py,113,"Không có yêu cầu hợp lệ để xử lý bù hàng. Chỉ xử lý yêu cầu đã duyệt, phương án 'Bù hàng', còn số lượng chưa phân bổ (và có cấu hình bù đầy "
wujia_return,team,py_gettext,custom/wujia_return/wizards/compensation_process_wizard.py,255,Không có nhóm nào để xử lý.
wujia_return,team,py_gettext,custom/wujia_return/wizards/compensation_process_wizard.py,326,Không tạo được SO bù (số lượng giao = 0).
wujia_return,team,py_gettext,custom/wujia_return/wizards/compensation_process_wizard.py,229,Yêu cầu đang được người khác xử lý. Vui lòng thử lại sau.
wujia_return,team,py_gettext,custom/wujia_return/wizards/compensation_process_wizard.py,239,Wizard bị mất dữ liệu nhóm khi lưu (thiếu force_save trong giao diện). Vui lòng báo bộ phận kỹ thuật.
wujia_return,team,py_gettext,custom/wujia_return/wizards/compensation_process_wizard.py,246,Dữ liệu đã thay đổi (nhóm '%s' của cửa hàng '%s'). Vui lòng đóng và mở lại wizard.
wujia_return,team,py_gettext,custom/wujia_return/wizards/compensation_process_wizard.py,288,Cửa hàng '%s' chưa cấu hình partner để tạo SO bù.
wujia_return,team,py_gettext,custom/wujia_return/wizards/compensation_process_wizard.py,295,Bù hàng
wujia_return,team,py_gettext,custom/wujia_return/wizards/compensation_process_wizard.py,330,"Đã tạo SO bù, đang chờ giao hàng."
wujia_return,team,py_gettext,custom/wujia_return/wizards/compensation_process_wizard.py,280,Nhóm '%s': SL giao vượt quyền lợi còn lại.
wujia_return,team,data_record,custom/wujia_return/data/return_issue_type_data.xml,8,Hỏng bao bì
wujia_return,team,data_record,custom/wujia_return/data/return_issue_type_data.xml,9,"Bao bì rách, móp, ướt khi giao"
wujia_return,team,data_record,custom/wujia_return/data/return_issue_type_data.xml,15,Sai sản phẩm
wujia_return,team,data_record,custom/wujia_return/data/return_issue_type_data.xml,16,Giao sai sản phẩm so với đơn đặt
wujia_return,team,data_record,custom/wujia_return/data/return_issue_type_data.xml,22,Hết hạn / cận date
wujia_return,team,data_record,custom/wujia_return/data/return_issue_type_data.xml,23,Sản phẩm đã hết hạn hoặc cận date theo quy định
wujia_return,team,data_record,custom/wujia_return/data/return_issue_type_data.xml,29,Thiếu số lượng
wujia_return,team,data_record,custom/wujia_return/data/return_issue_type_data.xml,30,Giao thiếu so với SL trên đơn
wujia_return,team,data_record,custom/wujia_return/data/return_issue_type_data.xml,36,Lỗi khác
wujia_return,team,data_record,custom/wujia_return/data/return_issue_type_data.xml,37,Các trường hợp khác — ghi chú trong phần lý do
wujia_return,team,qweb_attr,custom/wujia_return/views/backend_return_request_views.xml,37,"title=""Từ chối"""
wujia_return,team,qweb_attr,custom/wujia_return/views/backend_return_request_views.xml,39,"title=""Đã huỷ"""
wujia_return,team,qweb_attr,custom/wujia_return/views/backend_return_request_views.xml,166,"sum=""Tổng SL"""
wujia_sale,team,py_literal,custom/wujia_sale/__manifest__.py,5,Sale order extension cho cửa hàng nhượng quyền + tính khối lượng
wujia_sale,team,py_literal,custom/wujia_sale/__manifest__.py,7,Mở rộng sale.order cho luồng đặt hàng từ portal (BA spec): - is_portal_order: phân biệt đơn portal vs admin tạo manual. - franchise_partner_
wujia_sale,team,py_literal,custom/wujia_sale/migrations/19.0.4.3.0/post-migrate.py,32,C1: điền franchise cho %s đơn bán cũ
wujia_sale,team,py_literal,custom/wujia_sale/migrations/19.0.4.3.0/post-migrate.py,42,C1: điền partner cửa hàng cho %s đơn bán cũ
wujia_sale,team,test,custom/wujia_sale/tests/test_wujia_order_view.py,59,"Action phải dùng search view riêng, không dùng bộ lọc SO chuẩn"
wujia_sale,team,test,custom/wujia_sale/tests/test_wujia_order_view.py,65,Action phải mở đúng list view riêng
wujia_sale,team,test,custom/wujia_sale/tests/test_wujia_order_view.py,106,Bộ lọc SO chuẩn bị lây filter Wujia
wujia_sale,team,test,custom/wujia_sale/tests/test_wujia_order_view.py,98,List view mặc định bị lây field Wujia
wujia_sale,team,test,custom/wujia_sale/tests/test_wujia_order_view.py,125,' phải còn trong view (không xoá khỏi model)
wujia_sale,team,test,custom/wujia_sale/tests/test_wujia_order_view.py,127,' phải optional=hide
wujia_sale,team,test,custom/wujia_sale/tests/test_wujia_order_view.py,92,bị lây field '
wujia_sale,team,test,custom/wujia_sale/tests/test_product_packaging.py,39,120 cái/thùng
wujia_sale,team,test,custom/wujia_sale/tests/test_product_packaging.py,13,Hồng Trà Đài Loan KHÔNG Đường
wujia_sale,team,test,custom/wujia_sale/tests/test_product_packaging.py,33,120 cái/thùng
wujia_sale,team,py_gettext,custom/wujia_sale/models/sale_order.py,129,Đơn '%s' tạo từ portal phải có cửa hàng (franchise_id).
wujia_sale,team,py_gettext,custom/wujia_sale/models/sale_order.py,110,Đơn '%s' từ portal phải có cửa hàng nhượng quyền (franchise_id).
wujia_sale,team,py_gettext,custom/wujia_sale/models/sale_order.py,115,Đơn '%s' từ portal phải có partner cửa hàng (franchise_partner_id).
wujia_sale,team,py_gettext,custom/wujia_sale/models/sale_order.py,137,Member của đơn '%s' không khớp user/cửa hàng đã chọn.
wujia_sale,team,py_gettext,custom/wujia_sale/models/sale_order.py,147,User '%s' không có membership active trong cửa hàng '%s'.
wujia_sale,team,py_gettext,custom/wujia_sale/models/sale_order_line.py,108,"Sản phẩm '%s' chỉ cho phép tối đa %s/đơn, đang đặt %s."
wujia_sale,team,py_gettext,custom/wujia_sale/models/sale_order_line.py,99,"Sản phẩm '%s' yêu cầu số lượng tối thiểu %s, đang đặt %s."
wujia_sale,team,py_gettext,custom/wujia_sale/models/sale_order_line.py,104,"Số lượng của '%s' phải tăng theo bước %s, đang đặt %s."
wujia_sale,team,py_gettext,custom/wujia_sale/models/product_product.py,59,Số lượng tối thiểu/tối đa không thể âm.
wujia_sale,team,py_gettext,custom/wujia_sale/models/product_product.py,62,Sản phẩm public portal '%s' phải có số lượng tối thiểu > 0 (bước đặt hàng = số lượng tối thiểu).
wujia_sale,team,py_gettext,custom/wujia_sale/models/product_product.py,68,Số lượng tối đa (%s) phải >= số lượng tối thiểu (%s).
wujia_sale,team,py_gettext,custom/wujia_sale/models/product_product.py,73,Số lượng tối đa (%s) phải chia hết cho số lượng tối thiểu (%s).
wujia_support,team,py_literal,custom/wujia_support/__manifest__.py,5,"Yêu cầu hỗ trợ từ cửa hàng nhượng quyền — HQ tiếp nhận, phân công, trả lời, đóng."
wujia_support,team,py_literal,custom/wujia_support/__manifest__.py,6,"Nghiệp vụ yêu cầu hỗ trợ. Tách từ wujia_portal_support (F10, ADR-027). - Model wujia.support.ticket (mã WJ-TK/, chatter, mốc ngày theo trạng"
wujia_support,team,test,custom/wujia_support/tests/test_support.py,95,Trùng
wujia_support,team,test,custom/wujia_support/tests/test_support.py,114,priority lạ về normal
wujia_support,team,test,custom/wujia_support/tests/test_support.py,154,câu trả lời rỗng không ghi chatter
wujia_support,team,test,custom/wujia_support/tests/test_support.py,159,Đã gửi ảnh
wujia_support,team,test,custom/wujia_support/tests/test_support.py,187,HQ trả lời
wujia_support,team,test,custom/wujia_support/tests/test_support.py,188,ghi chú HQ
wujia_support,team,test,custom/wujia_support/tests/test_support.py,68,Máy POS lỗi
wujia_support,team,test,custom/wujia_support/tests/test_support.py,68,Không in được bill
wujia_support,team,test,custom/wujia_support/tests/test_support.py,140,file lạ
wujia_support,team,test,custom/wujia_support/tests/test_support.py,156,HQ hỏi
wujia_support,team,test,custom/wujia_support/tests/test_support.py,182,ghi chú HQ
wujia_support,team,test,custom/wujia_support/tests/test_support.py,184,HQ trả lời
